{
"type": "FeatureCollection",
"name": "District_Boundary_MDK",
"crs": { "type": "name", "properties": { "name": "urn:ogc:def:crs:OGC:1.3:CRS84" } },
"features": [
{ "type": "Feature", "properties": { "D_Code": 1101, "D_Name_E": "Kaev Seima", "D_Name_K": "EkvsIma", "P_Code": 11, "Areas": 281719.40757099999 }, "geometry": { "type": "MultiPolygon", "coordinates": [ [ [ [ 107.042023739847224, 12.459224271028118 ], [ 107.041745643051769, 12.458861781138101 ], [ 107.041732871593112, 12.458872828824333 ], [ 107.042023958869677, 12.459252251435764 ], [ 107.04273487018456, 12.459407183154187 ], [ 107.042735207077584, 12.459405341406384 ], [ 107.042735562447504, 12.459403392872325 ], [ 107.04272853057563, 12.459401624021224 ], [ 107.042023739847224, 12.459224271028118 ] ] ], [ [ [ 106.492509788045624, 12.757219550004654 ], [ 106.492812881292238, 12.756598626816107 ], [ 106.493397288450069, 12.755929748306832 ], [ 106.494367731241681, 12.755536702796865 ], [ 106.494425538889928, 12.754892219763963 ], [ 106.494108034994383, 12.753755014523904 ], [ 106.494902972587482, 12.753362869457384 ], [ 106.49562717417146, 12.752797226410625 ], [ 106.497034862325521, 12.751963163323872 ], [ 106.498016707768627, 12.751459324442056 ], [ 106.499068216286574, 12.751541487239727 ], [ 106.499711329361531, 12.751277899964521 ], [ 106.500273169681989, 12.750405777151311 ], [ 106.501103195851812, 12.750211263681042 ], [ 106.50164052345778, 12.750257922199014 ], [ 106.502365406712144, 12.749902399110313 ], [ 106.503229985960544, 12.749811531579834 ], [ 106.503885215937103, 12.749260903030317 ], [ 106.503688261197951, 12.748365974126131 ], [ 106.50434296111824, 12.747919287776819 ], [ 106.505091116439814, 12.747712755154772 ], [ 106.506167773044737, 12.746784547508723 ], [ 106.507045035435638, 12.746015640742025 ], [ 106.507932881963058, 12.74597108359592 ], [ 106.508750952665665, 12.745903150733376 ], [ 106.508962233471763, 12.745329013789428 ], [ 106.509570474427875, 12.744823832717055 ], [ 106.510633475053837, 12.744607535405283 ], [ 106.511755764489465, 12.744401108608239 ], [ 106.513192391855554, 12.744391809628725 ], [ 106.513964490248014, 12.743565911214263 ], [ 106.515356275899634, 12.742797470641102 ], [ 106.517121756945869, 12.741674300563417 ], [ 106.520279150689277, 12.739990533813062 ], [ 106.524931001695606, 12.738191928303895 ], [ 106.529045456184377, 12.736519542346574 ], [ 106.532785702889797, 12.735122759081717 ], [ 106.537017230131909, 12.733415689216603 ], [ 106.540932942221559, 12.731743113098393 ], [ 106.545058132920374, 12.730552980783434 ], [ 106.548881070087134, 12.728788198456339 ], [ 106.552188573307347, 12.727356367043688 ], [ 106.556362499295759, 12.725028982160397 ], [ 106.559951719657533, 12.722621380314747 ], [ 106.562559648722541, 12.720775453319423 ], [ 106.565963299802178, 12.717781316517753 ], [ 106.567332407633558, 12.715992376935446 ], [ 106.569732408006743, 12.712182581948303 ], [ 106.571524640748777, 12.70883179773578 ], [ 106.573503651995694, 12.705549942152564 ], [ 106.575656865003651, 12.702613919774336 ], [ 106.578021536421403, 12.699182884281097 ], [ 106.57974230484281, 12.696497953410097 ], [ 106.581545888604239, 12.693250993997394 ], [ 106.583921585463528, 12.689762193537343 ], [ 106.58661152169897, 12.687216147607538 ], [ 106.589371266545555, 12.684807580318539 ], [ 106.593183782968609, 12.681251372774303 ], [ 106.596059846937678, 12.678865731545438 ], [ 106.599766089240092, 12.675826421580945 ], [ 106.602828177082159, 12.67404866375046 ], [ 106.605187509074582, 12.673718014571158 ], [ 106.606693593447559, 12.67412023111029 ], [ 106.607488867681312, 12.673489461867479 ], [ 106.608668896773864, 12.673020129198701 ], [ 106.609800616636562, 12.673731971109342 ], [ 106.610906809437992, 12.6732682646448 ], [ 106.611004029385612, 12.673227510495142 ], [ 106.610880409315527, 12.672245420940964 ], [ 106.610876824978746, 12.672216945029923 ], [ 106.612419664268998, 12.67142681527824 ], [ 106.612997833527359, 12.671640253366549 ], [ 106.613073128093689, 12.671668049285092 ], [ 106.613192415925468, 12.6709393492864 ], [ 106.613202741612383, 12.670876271030485 ], [ 106.614359125186738, 12.670670421858089 ], [ 106.616625100846676, 12.670315389243028 ], [ 106.618727955171849, 12.669374956117153 ], [ 106.620691722604505, 12.668194589804298 ], [ 106.623039586614084, 12.667518164735009 ], [ 106.626368933500643, 12.666463906384848 ], [ 106.63007944271682, 12.66463271658152 ], [ 106.630085147259734, 12.664629901046293 ], [ 106.63336976628851, 12.661796211254424 ], [ 106.636024332827759, 12.658973139875577 ], [ 106.637672377161309, 12.657257351348575 ], [ 106.639087849539067, 12.655783671243183 ], [ 106.642537179701648, 12.652021153145876 ], [ 106.645589377295579, 12.648440815458809 ], [ 106.648874678554392, 12.645476011319651 ], [ 106.648932858183031, 12.645423506618602 ], [ 106.651141463790069, 12.643806450213681 ], [ 106.653770317339763, 12.642590213642261 ], [ 106.65452961969811, 12.642395619044851 ], [ 106.656842052645004, 12.641811788306146 ], [ 106.659924957348409, 12.641250254423415 ], [ 106.663369728938548, 12.640861578509746 ], [ 106.667725561604982, 12.640358617941816 ], [ 106.670914141178713, 12.63977370628743 ], [ 106.674300593678552, 12.639109521195381 ], [ 106.677092503251131, 12.638215143339574 ], [ 106.679849272574657, 12.63706908166397 ], [ 106.682745972788837, 12.635853063623797 ], [ 106.685724705578565, 12.634430894711503 ], [ 106.689264299508764, 12.633008579207917 ], [ 106.690431807259358, 12.632604811496291 ], [ 106.692404068441974, 12.631922716599842 ], [ 106.692920027762256, 12.631744272510016 ], [ 106.692976294354111, 12.631763049003331 ], [ 106.693030856207628, 12.631781255977264 ], [ 106.693357123828093, 12.631864209937726 ], [ 106.693650927189893, 12.631938909681798 ], [ 106.693922444803903, 12.631984697181508 ], [ 106.69451650765194, 12.632084835524578 ], [ 106.695125088953105, 12.632162323374464 ], [ 106.695744654194456, 12.632160644616073 ], [ 106.696061631782641, 12.632159295221985 ], [ 106.696282504667309, 12.632158336154646 ], [ 106.696726398391206, 12.632121626678741 ], [ 106.696726425071276, 12.632121624701135 ], [ 106.697240168748834, 12.632039274118195 ], [ 106.697882717291435, 12.631944809761253 ], [ 106.698226289154476, 12.631911297346212 ], [ 106.698490357556366, 12.631885544897861 ], [ 106.698725290007232, 12.631880710425017 ], [ 106.698725741887714, 12.63188070121933 ], [ 106.699203630137049, 12.631870875680987 ], [ 106.699626349527151, 12.631914588384307 ], [ 106.700057317245168, 12.631959153564479 ], [ 106.701040256010856, 12.632184517528191 ], [ 106.70179033939948, 12.63260575636547 ], [ 106.702634703836409, 12.633199193995299 ], [ 106.702634728831214, 12.633199215530112 ], [ 106.703574391473936, 12.634101646360154 ], [ 106.704267646934738, 12.634798883419826 ], [ 106.705113601693824, 12.635714371486907 ], [ 106.705113622098963, 12.635714394858644 ], [ 106.705490772058781, 12.63637858642508 ], [ 106.705587250217192, 12.637043492718922 ], [ 106.705568144677912, 12.63789331448673 ], [ 106.705281192817253, 12.639042007450263 ], [ 106.70495833417533, 12.639972854621146 ], [ 106.704647238632603, 12.640857263718907 ], [ 106.704535160844372, 12.64191446192704 ], [ 106.70459748883016, 12.642531375592284 ], [ 106.704633623280813, 12.64288897314175 ], [ 106.704886295487469, 12.643314274715452 ], [ 106.704987376541382, 12.643484415958383 ], [ 106.704987401627434, 12.643484451051201 ], [ 106.705609266357996, 12.643999042494203 ], [ 106.706441263605512, 12.644453617781656 ], [ 106.706441290394693, 12.644453632072993 ], [ 106.707144370219183, 12.644807283951454 ], [ 106.707929040096531, 12.645067779575999 ], [ 106.70842061932008, 12.64519231816535 ], [ 106.708420648816713, 12.645192324303736 ], [ 106.708993831722367, 12.64522367124445 ], [ 106.709436662941357, 12.645027617348264 ], [ 106.709784357903885, 12.644804054751996 ], [ 106.710031279041431, 12.644645276842063 ], [ 106.71003130377332, 12.644645258604728 ], [ 106.710706559115948, 12.644022851705961 ], [ 106.711370281863793, 12.643561023679775 ], [ 106.711894729613704, 12.643180254838251 ], [ 106.712477319966595, 12.64281040068702 ], [ 106.71313080868326, 12.642544110159976 ], [ 106.713726155369244, 12.64243861580017 ], [ 106.714024042257122, 12.642437591332163 ], [ 106.71408857116387, 12.642437370640783 ], [ 106.714569646609036, 12.64280263824835 ], [ 106.715131924331658, 12.643006883555488 ], [ 106.715554219355738, 12.64317859522086 ], [ 106.715717427854997, 12.643244953031823 ], [ 106.716374823861997, 12.643735612348605 ], [ 106.716843833017947, 12.644100951936114 ], [ 106.717024979194377, 12.644243246014661 ], [ 106.717207642165121, 12.644386725159675 ], [ 106.717508925285657, 12.644626795156068 ], [ 106.717923644040013, 12.644957251851226 ], [ 106.718210190268579, 12.645258953367483 ], [ 106.718640350183279, 12.645711863366582 ], [ 106.719016387756668, 12.646111697876517 ], [ 106.719113980828752, 12.646247150538942 ], [ 106.719346221500757, 12.646569454222973 ], [ 106.719710880882076, 12.647073306843556 ], [ 106.720450093290623, 12.647666246199828 ], [ 106.720450122896622, 12.647666268606748 ], [ 106.72066644575672, 12.64779591612341 ], [ 106.721306174297013, 12.648179307402351 ], [ 106.721987130542161, 12.648750047062851 ], [ 106.722129776565467, 12.649080057788648 ], [ 106.722294447109832, 12.649461020274149 ], [ 106.722439891470572, 12.650470190240815 ], [ 106.722439897193439, 12.650470220033284 ], [ 106.722703461240158, 12.6517656268389 ], [ 106.722800521501313, 12.652300147912969 ], [ 106.722955547257257, 12.653153780147697 ], [ 106.723323157044007, 12.654265480366275 ], [ 106.723522236518747, 12.654659505386032 ], [ 106.723524348637682, 12.65466368501302 ], [ 106.723606541351927, 12.654826344502883 ], [ 106.723947849529296, 12.655272663133434 ], [ 106.724417272200895, 12.655615395281501 ], [ 106.725072326258186, 12.655750143320153 ], [ 106.725657928367056, 12.655907934275678 ], [ 106.725900097066273, 12.655997030564203 ], [ 106.726243317142249, 12.656123305956704 ], [ 106.726740034254007, 12.656350984270903 ], [ 106.727286133312276, 12.656601297134333 ], [ 106.727785488593995, 12.656882329971003 ], [ 106.728177216658352, 12.65710278546204 ], [ 106.729208185676313, 12.657523196618831 ], [ 106.73022405521688, 12.657612693234551 ], [ 106.730319265940068, 12.657621081028759 ], [ 106.730600810439796, 12.657673335039924 ], [ 106.731348619739478, 12.657812127730299 ], [ 106.732553987853734, 12.657990723892341 ], [ 106.733817465540369, 12.658168932271131 ], [ 106.73381749686753, 12.658168936586696 ], [ 106.735069278851554, 12.658324608896441 ], [ 106.735292083221296, 12.658328195835081 ], [ 106.7356187813524, 12.658333426439468 ], [ 106.736273528251772, 12.658342712479181 ], [ 106.736273565260859, 12.658342740259227 ], [ 106.736605073752187, 12.658576910427081 ], [ 106.7366602960835, 12.65861591753761 ], [ 106.737153199318612, 12.659016037921365 ], [ 106.738162597180605, 12.659734872752376 ], [ 106.738713089661147, 12.659973026786032 ], [ 106.739462691298584, 12.660313898215961 ], [ 106.740540217393516, 12.660367627392684 ], [ 106.74063720549249, 12.660372463580908 ], [ 106.740738904334336, 12.660260104333021 ], [ 106.740818693268281, 12.660216923082212 ], [ 106.740968445989722, 12.660006509102693 ], [ 106.741102343404847, 12.659818372729001 ], [ 106.741515103287455, 12.659238407759961 ], [ 106.742001923418101, 12.658317754881312 ], [ 106.742096107869159, 12.657896895849971 ], [ 106.742184510079909, 12.65750190944266 ], [ 106.742275333322809, 12.656996972165954 ], [ 106.74234365127495, 12.656617319234851 ], [ 106.742652942378925, 12.655227797524466 ], [ 106.742848820036329, 12.654676234729926 ], [ 106.743161173764079, 12.654077612669548 ], [ 106.743449466766791, 12.653238481610027 ], [ 106.743449482144698, 12.653238441737116 ], [ 106.743692281095775, 12.652652767757484 ], [ 106.743760970561539, 12.652612301680511 ], [ 106.743948436580453, 12.652501917351401 ], [ 106.744553068309656, 12.651822292984969 ], [ 106.744900980095096, 12.651293506366018 ], [ 106.744900993717735, 12.651293479159357 ], [ 106.7451200773056, 12.650684166988556 ], [ 106.745258676791323, 12.650338638015659 ], [ 106.745408879961559, 12.650005470822597 ], [ 106.745746762792862, 12.649775033567119 ], [ 106.745923992854799, 12.648255331275289 ], [ 106.746590083975249, 12.648497231404365 ], [ 106.747865279110684, 12.648291130703511 ], [ 106.748813266417983, 12.648220021385916 ], [ 106.74907051847552, 12.648200800095864 ], [ 106.74984236672735, 12.648178741058267 ], [ 106.75080162874572, 12.648214280070679 ], [ 106.751620701000178, 12.648272156545948 ], [ 106.752311021701615, 12.647848377028495 ], [ 106.753329406342871, 12.64752763138063 ], [ 106.754042513315582, 12.647573726769322 ], [ 106.75442893015105, 12.647540725815489 ], [ 106.754931718526123, 12.647621009437742 ], [ 106.755469913358283, 12.64749545999959 ], [ 106.755786031639701, 12.647449274933646 ], [ 106.756266068501432, 12.647232560260834 ], [ 106.756681496871877, 12.64690249220962 ], [ 106.756699161548596, 12.646888458240221 ], [ 106.757061902098485, 12.646590096451838 ], [ 106.757577878084462, 12.645913236660251 ], [ 106.757847903672257, 12.645099097129592 ], [ 106.758047340444207, 12.644318138403616 ], [ 106.758165583382578, 12.643606669128275 ], [ 106.758225020666174, 12.642953245465547 ], [ 106.758245852316733, 12.642448016526055 ], [ 106.758248644090003, 12.642379133825644 ], [ 106.758215010225371, 12.641667491474362 ], [ 106.758039953344564, 12.641218953479479 ], [ 106.757841499422753, 12.640967219500109 ], [ 106.758286680503076, 12.640450153214934 ], [ 106.758790379402882, 12.639911283056792 ], [ 106.75918858806881, 12.639418293898812 ], [ 106.759423067228468, 12.638878850319932 ], [ 106.75917833956224, 12.638430862332058 ], [ 106.759108285261149, 12.638109236709171 ], [ 106.760009542077739, 12.637582472332454 ], [ 106.760700348835911, 12.637147376723355 ], [ 106.761028637966049, 12.636608576423786 ], [ 106.761134389287704, 12.636091490748264 ], [ 106.761115580370074, 12.635652208236264 ], [ 106.761111801351689, 12.635563955752575 ], [ 106.760983883903393, 12.63511628244235 ], [ 106.761089091516894, 12.634852332558328 ], [ 106.761580959262218, 12.63443888294843 ], [ 106.761630815564942, 12.634437565605982 ], [ 106.761978969602467, 12.634428391080045 ], [ 106.76235114128346, 12.634712140277578 ], [ 106.76244620607001, 12.63478462358073 ], [ 106.76276219022219, 12.634887547136227 ], [ 106.762890111102394, 12.635335309592229 ], [ 106.763194037916108, 12.635450784350814 ], [ 106.763661740197506, 12.635531285281811 ], [ 106.763989099016911, 12.635876058926302 ], [ 106.764573716119543, 12.636060796791924 ], [ 106.765111680188511, 12.63607196677401 ], [ 106.765918786436202, 12.636073400599873 ], [ 106.766679081809031, 12.63587858162186 ], [ 106.767264196469682, 12.63563856233154 ], [ 106.767604069571931, 12.635374139861657 ], [ 106.768037067896572, 12.635087680628027 ], [ 106.768528841150058, 12.634916056219634 ], [ 106.76940595871757, 12.634801791278377 ], [ 106.770166086731223, 12.634837413627857 ], [ 106.77093795001079, 12.635067345710162 ], [ 106.77177997024701, 12.635378052906722 ], [ 106.772410901432508, 12.635608917706579 ], [ 106.7726683003376, 12.635723514384347 ], [ 106.772855124452946, 12.635872560476997 ], [ 106.773474997992693, 12.635919317768323 ], [ 106.774060096621142, 12.635931239906427 ], [ 106.774761519838165, 12.636115268513489 ], [ 106.775416215930278, 12.636379765192549 ], [ 106.77611785262134, 12.636759262555589 ], [ 106.776690592410574, 12.637058282039863 ], [ 106.777251720036148, 12.637346080581464 ], [ 106.777777674500584, 12.637541391147579 ], [ 106.778409269051295, 12.637702106837192 ], [ 106.779157810584223, 12.637795436604462 ], [ 106.7797419815426, 12.638001741762599 ], [ 106.7801275828364, 12.63835839384177 ], [ 106.780572087534949, 12.638496675622635 ], [ 106.781110428421385, 12.638485217071114 ], [ 106.781777217252994, 12.63832477977919 ], [ 106.782431974054816, 12.638257142343702 ], [ 106.783181013170463, 12.638257826528587 ], [ 106.783847673541004, 12.638418294083573 ], [ 106.78447861945213, 12.638649126910295 ], [ 106.785227221359577, 12.638925439725144 ], [ 106.786185908943324, 12.639212724093914 ], [ 106.787004056820678, 12.639557519121173 ], [ 106.787647411406454, 12.639672946911407 ], [ 106.78822019078838, 12.639811529823424 ], [ 106.788407347631889, 12.640006831610146 ], [ 106.788805041510656, 12.640190598505294 ], [ 106.789155296881631, 12.640352090321459 ], [ 106.78955259935546, 12.640730156206502 ], [ 106.789892033444076, 12.640983266005144 ], [ 106.790616816088544, 12.641052953434768 ], [ 106.791973864054739, 12.641214453352887 ], [ 106.792231218662877, 12.64116862187384 ], [ 106.792862657378791, 12.641054844721918 ], [ 106.793131607159197, 12.641180639773406 ], [ 106.793775033713317, 12.641055483899306 ], [ 106.794488661173361, 12.640929763502884 ], [ 106.794909933924714, 12.641033112388671 ], [ 106.795622750146705, 12.641367292074687 ], [ 106.796675067953984, 12.641724032622387 ], [ 106.7971548763215, 12.641482399759822 ], [ 106.797799271285641, 12.64092100812622 ], [ 106.798220631430425, 12.640461703307789 ], [ 106.799086842177601, 12.640026506091562 ], [ 106.799742693408248, 12.63929215531487 ], [ 106.800210995843599, 12.638730864283396 ], [ 106.800655683688845, 12.638558415723219 ], [ 106.801170249509056, 12.638685976223412 ], [ 106.802199363372964, 12.638927629824954 ], [ 106.802655481226978, 12.639248795028868 ], [ 106.803169447276701, 12.639777510286875 ], [ 106.80374196693802, 12.640202987192797 ], [ 106.804303115118927, 12.640489548704084 ], [ 106.804805774234254, 12.640628478825546 ], [ 106.804957498555709, 12.641018393721726 ], [ 106.804969055194647, 12.641431850479567 ], [ 106.805050209656201, 12.641856131718601 ], [ 106.805575789993668, 12.642556466542498 ], [ 106.805563451128137, 12.643176851975003 ], [ 106.805679237037367, 12.644014342527907 ], [ 106.806205084641007, 12.644600626356679 ], [ 106.806836250665967, 12.64493415120827 ], [ 106.80746803153157, 12.645117383678008 ], [ 106.808040907692657, 12.645267217059736 ], [ 106.808473359554824, 12.645577233600825 ], [ 106.809840814386476, 12.646393840689106 ], [ 106.810940380394285, 12.646589791501309 ], [ 106.811817491454221, 12.646635791174582 ], [ 106.812238707675007, 12.646578703955514 ], [ 106.812929631392947, 12.646085914746275 ], [ 106.814100151249775, 12.645248622124358 ], [ 106.814650499184609, 12.64457261206211 ], [ 106.815236095964082, 12.643826324603321 ], [ 106.816102535264648, 12.642943652661836 ], [ 106.816711858362581, 12.642312422720856 ], [ 106.817507629609608, 12.641601931503585 ], [ 106.818011471285985, 12.641188396462203 ], [ 106.818736780167669, 12.640764312455481 ], [ 106.819228638578579, 12.640363238694221 ], [ 106.820188202507595, 12.639709278929411 ], [ 106.82121826532638, 12.639033325895346 ], [ 106.822471069474631, 12.638035035353083 ], [ 106.823138428472291, 12.637232870394403 ], [ 106.823595531850316, 12.636716805847971 ], [ 106.823923191831241, 12.636280700406644 ], [ 106.824290461208207, 12.635779437788111 ], [ 106.824310080136186, 12.635752644529276 ], [ 106.825281801530423, 12.634720119234697 ], [ 106.825797158271953, 12.634147083036757 ], [ 106.826102368485124, 12.633927835281835 ], [ 106.827025923191542, 12.633264252097597 ], [ 106.827716977717529, 12.632713774909291 ], [ 106.828645423651409, 12.632088109273131 ], [ 106.828992494154107, 12.631854293230692 ], [ 106.829519577626556, 12.631395307324359 ], [ 106.83058446851166, 12.630684113496343 ], [ 106.831297996386169, 12.630478143487631 ], [ 106.832234074173712, 12.630340589484728 ], [ 106.833333876038012, 12.63008903555807 ], [ 106.834421768128834, 12.629860061245209 ], [ 106.835498123754476, 12.629631252511352 ], [ 106.836246833246619, 12.629517656166353 ], [ 106.837240838760223, 12.629437341982227 ], [ 106.837790765047984, 12.629438071243197 ], [ 106.838714061344362, 12.62969043480401 ], [ 106.83970808471426, 12.630334417918476 ], [ 106.84066658744581, 12.630839562972298 ], [ 106.841543275458179, 12.631322768009877 ], [ 106.84227954326218, 12.631644185954968 ], [ 106.842946388417872, 12.631576320407628 ], [ 106.843332750085537, 12.63115108611648 ], [ 106.843579386966127, 12.630566412719981 ], [ 106.843720644430618, 12.629648013754347 ], [ 106.843908371838424, 12.629039981086866 ], [ 106.844294367189335, 12.628638424558146 ], [ 106.845055014249695, 12.62818014655484 ], [ 106.845201035324749, 12.628138381067984 ], [ 106.845815639814077, 12.627962518637375 ], [ 106.846248545458863, 12.627858943041366 ], [ 106.846482745064051, 12.627710382733131 ], [ 106.846705121892754, 12.627595882359072 ], [ 106.847114793826506, 12.627205546523054 ], [ 106.847423001233167, 12.627069486126224 ], [ 106.848074061764549, 12.626781943015599 ], [ 106.849594830728336, 12.626598619961463 ], [ 106.850449211633403, 12.626059341126648 ], [ 106.852063956219851, 12.625521650754305 ], [ 106.854273997549058, 12.62552329009165 ], [ 106.855958499035921, 12.625799672608979 ], [ 106.856928767806124, 12.626178160582972 ], [ 106.857606787583293, 12.626557594979367 ], [ 106.857735195727145, 12.626809821820405 ], [ 106.857652556286979, 12.627315374609426 ], [ 106.85766365186511, 12.628221416973673 ], [ 106.857522644614406, 12.628841601188988 ], [ 106.857896199931474, 12.629989113640482 ], [ 106.858971231242961, 12.630862892289194 ], [ 106.86039689506687, 12.632240369573848 ], [ 106.861215041025616, 12.632746504710148 ], [ 106.861278871881268, 12.63278907402024 ], [ 106.862021967732872, 12.633285427805557 ], [ 106.862711268943855, 12.633940479852695 ], [ 106.863505589381134, 12.635283848927859 ], [ 106.864171488069644, 12.635881403982642 ], [ 106.864849674003295, 12.636121828872245 ], [ 106.865820870720754, 12.636145575268193 ], [ 106.866768072138299, 12.636031590560062 ], [ 106.86716886459979, 12.635937151574549 ], [ 106.867692015953693, 12.635813840680044 ], [ 106.868102026268986, 12.635160231135515 ], [ 106.868149750666447, 12.63444807241377 ], [ 106.868255559079685, 12.633885877268437 ], [ 106.868956998954715, 12.633760052602597 ], [ 106.869682538266758, 12.633703002627879 ], [ 106.870103703732667, 12.633405180828092 ], [ 106.870419654976772, 12.633187166907536 ], [ 106.871179831763271, 12.633463147845976 ], [ 106.871939545383668, 12.634071319846823 ], [ 106.873225812618657, 12.634784230645794 ], [ 106.87395079302226, 12.634967823580716 ], [ 106.874757860001836, 12.634658154331227 ], [ 106.875752181090391, 12.634383403048929 ], [ 106.876395296038098, 12.634705465438882 ], [ 106.877037548690225, 12.635761764230811 ], [ 106.877574760597383, 12.636702497912049 ], [ 106.87821728774253, 12.63780523953616 ], [ 106.878872016389849, 12.638448014636186 ], [ 106.879889280634302, 12.63895376476758 ], [ 106.881000123359414, 12.639034036527921 ], [ 106.882122812436108, 12.63901147178335 ], [ 106.883140745293048, 12.639058502394315 ], [ 106.883971237873922, 12.639035644935419 ], [ 106.884415737144664, 12.638702664001434 ], [ 106.884754975145029, 12.638370336371738 ], [ 106.884837413819454, 12.638072627781019 ], [ 106.884830468037975, 12.63805686311396 ], [ 106.884615663596236, 12.637566876595233 ], [ 106.884300549137649, 12.636717216975608 ], [ 106.88418844901085, 12.635877598192691 ], [ 106.884161146777359, 12.635673111242351 ], [ 106.884758080055605, 12.634870139659451 ], [ 106.88543631962439, 12.634640512406795 ], [ 106.886021653435833, 12.634285026952751 ], [ 106.886115657124449, 12.6339295825295 ], [ 106.885847231512798, 12.633092064800058 ], [ 106.885765765671906, 12.632414710186186 ], [ 106.885579273791564, 12.631852321325111 ], [ 106.885474495306326, 12.631369509864907 ], [ 106.885884073981188, 12.631140606012657 ], [ 106.886819677852856, 12.631255984055592 ], [ 106.887415969838486, 12.631381712285167 ], [ 106.887965820941105, 12.631290796854859 ], [ 106.888316470368665, 12.631026251244426 ], [ 106.88846949453324, 12.630326905802672 ], [ 106.888435129181744, 12.629408662270547 ], [ 106.888424144342551, 12.628294700663236 ], [ 106.88906792524881, 12.627457505262845 ], [ 106.889583435626179, 12.62691834161417 ], [ 106.890320320018901, 12.626379869369659 ], [ 106.890905442964723, 12.626391536730216 ], [ 106.891911021865084, 12.626644210954979 ], [ 106.892636292041104, 12.626322785061351 ], [ 106.892952467993112, 12.625830213456549 ], [ 106.893338953850829, 12.625198159835506 ], [ 106.893958838742492, 12.624705691790297 ], [ 106.894953437568986, 12.624086217784368 ], [ 106.895632240968013, 12.623547060271379 ], [ 106.895652424245583, 12.623515379870375 ], [ 106.895866533864265, 12.623179321615735 ], [ 106.895691762972575, 12.622571585512063 ], [ 106.895353039942393, 12.621722107365516 ], [ 106.895061562381784, 12.621032784637915 ], [ 106.89457017017088, 12.620700743280697 ], [ 106.894149935099264, 12.619632612920348 ], [ 106.894466615705426, 12.618508467308358 ], [ 106.895086988869053, 12.617692844646589 ], [ 106.89575433692913, 12.617475745901798 ], [ 106.896911788839503, 12.61749915269275 ], [ 106.897683936456488, 12.617292600116189 ], [ 106.898620509379597, 12.616455475917675 ], [ 106.899275808431284, 12.615778581836169 ], [ 106.899860738280381, 12.615078510139982 ], [ 106.900282335308518, 12.614447375669629 ], [ 106.90069479030781, 12.614387600086028 ], [ 106.901466267160473, 12.61417417464625 ], [ 106.902407967764546, 12.613335919956146 ], [ 106.903056445012595, 12.612662500264227 ], [ 106.903649476112761, 12.611962275262567 ], [ 106.904068066129341, 12.611326639747809 ], [ 106.911883383726646, 12.608637827763383 ], [ 106.922390252325712, 12.604060255736981 ], [ 106.925061684282483, 12.603152134179881 ], [ 106.925065175140475, 12.603150952127155 ], [ 106.926252523654838, 12.602749025906279 ], [ 106.926311492202515, 12.602871260121455 ], [ 106.926405885622415, 12.602900401727677 ], [ 106.926409274890162, 12.60294326238267 ], [ 106.926614956447963, 12.6055436687009 ], [ 106.928516197960434, 12.606909650548083 ], [ 106.929983656087728, 12.608066488919373 ], [ 106.930902110371292, 12.60805985222153 ], [ 106.932416449484847, 12.608261162789008 ], [ 106.933116805916868, 12.607990771223855 ], [ 106.934509947047303, 12.606441799360249 ], [ 106.93788456167249, 12.604543292537626 ], [ 106.9383078063738, 12.604763921068614 ], [ 106.938764196747016, 12.604726716669154 ], [ 106.939029029302077, 12.604914598788703 ], [ 106.939278425672114, 12.605344367237661 ], [ 106.939631771375829, 12.605600522988784 ], [ 106.940283087255068, 12.605785598727765 ], [ 106.940669696572044, 12.605799737796513 ], [ 106.941196507858137, 12.605795911028618 ], [ 106.941287624200967, 12.606209881920028 ], [ 106.941676182968379, 12.606482725388577 ], [ 106.94220260373443, 12.606426930218396 ], [ 106.943025178930824, 12.606059420426284 ], [ 106.943422687970767, 12.605840741247258 ], [ 106.94352520064399, 12.605477335880515 ], [ 106.943469683122217, 12.605132026648018 ], [ 106.943660716834515, 12.604838023862758 ], [ 106.943868404073257, 12.604387990076798 ], [ 106.944215706683636, 12.603918864014668 ], [ 106.944593300668259, 12.603542982643853 ], [ 106.944796293585512, 12.603497748635791 ], [ 106.945579640530326, 12.603368278120165 ], [ 106.945724328666401, 12.603615271984918 ], [ 106.948717184506961, 12.606126297902394 ], [ 106.950768957332528, 12.605952131154496 ], [ 106.952684920804302, 12.603031256774919 ], [ 106.95301684389301, 12.602736220405831 ], [ 106.953351452212829, 12.602871607593759 ], [ 106.953698216732761, 12.602941379394855 ], [ 106.954155899296538, 12.603075865739719 ], [ 106.95405444737419, 12.603577097800359 ], [ 106.953899167653375, 12.603957837523568 ], [ 106.953727816641859, 12.604494603656029 ], [ 106.953661700790533, 12.605029470601275 ], [ 106.953576062716067, 12.605340784836216 ], [ 106.953579067194042, 12.605737313884918 ], [ 106.953828360158212, 12.606150118447143 ], [ 106.954058770871654, 12.606424098474774 ], [ 106.95434131440291, 12.606594888329072 ], [ 106.954711276351446, 12.606765037373929 ], [ 106.954993683505606, 12.606917751034254 ], [ 106.955418262980047, 12.607312324277103 ], [ 106.956032542998358, 12.607238912327158 ], [ 106.956366369558154, 12.607270361249356 ], [ 106.956753115707301, 12.6073025528363 ], [ 106.957455465069827, 12.607314355333791 ], [ 106.957965544151065, 12.607379533737303 ], [ 106.958388419919672, 12.607549289381424 ], [ 106.95873275401442, 12.607449604706934 ], [ 106.959436920978902, 12.606868260488911 ], [ 106.960187334898379, 12.606242512680929 ], [ 106.960656257169802, 12.605887713424965 ], [ 106.961285996020422, 12.605503489802445 ], [ 106.960191136057077, 12.601638025220893 ], [ 106.958220467397453, 12.598256346350455 ], [ 106.95593215275143, 12.595726001981729 ], [ 106.953538133549827, 12.595397918948985 ], [ 106.956317361353911, 12.593498710307227 ], [ 106.956930591313281, 12.593079605889056 ], [ 106.9678390005636, 12.585623964677183 ], [ 106.976729641966074, 12.57858904015634 ], [ 106.986927474555756, 12.570290146900257 ], [ 106.990615609931226, 12.567862030610016 ], [ 106.993200703982382, 12.566034129522889 ], [ 106.995972462172574, 12.564254428073399 ], [ 106.996871529888253, 12.56362080136239 ], [ 106.999290496320356, 12.562396170634539 ], [ 107.001497766268741, 12.561024004874339 ], [ 107.004033355692016, 12.559798467041896 ], [ 107.007209301552251, 12.558475584975186 ], [ 107.010317624234901, 12.557476218254196 ], [ 107.013649495665945, 12.556692006366712 ], [ 107.017576672049898, 12.556008367167257 ], [ 107.020035896676887, 12.555621635253637 ], [ 107.02347365731886, 12.555009370569712 ], [ 107.026885788097786, 12.554052714502994 ], [ 107.029342619142895, 12.553298696560077 ], [ 107.032297775344318, 12.552081040700578 ], [ 107.034404052878159, 12.55128445654257 ], [ 107.03695008607734, 12.55003488883113 ], [ 107.039020162007361, 12.549019334749808 ], [ 107.042203805808342, 12.54712206041984 ], [ 107.04359824075334, 12.546329745457411 ], [ 107.044484118838355, 12.545501179364566 ], [ 107.044665782979649, 12.543897219227736 ], [ 107.044150410124189, 12.541679031306215 ], [ 107.04414856222462, 12.541671140931482 ], [ 107.043801912449538, 12.540443444786657 ], [ 107.042935829308547, 12.538450470252439 ], [ 107.042578567536552, 12.537395804161552 ], [ 107.042578554408763, 12.537395772629132 ], [ 107.041761343207682, 12.535620423720086 ], [ 107.041761333788145, 12.535620395774519 ], [ 107.041186583807644, 12.533532578161557 ], [ 107.040359310387117, 12.53040157404941 ], [ 107.039584860178763, 12.52806216652888 ], [ 107.039724131120181, 12.524636957103574 ], [ 107.039724131812704, 12.524636928177321 ], [ 107.040122924090696, 12.521610816955446 ], [ 107.040367619991642, 12.519599455298222 ], [ 107.040382283948588, 12.519478923275843 ], [ 107.040421029170076, 12.519160444863473 ], [ 107.04032646331062, 12.517368335240413 ], [ 107.039042105942997, 12.515538891073378 ], [ 107.038470713630034, 12.514860780010908 ], [ 107.037983599481421, 12.514282697590927 ], [ 107.037652740241285, 12.511974935816349 ], [ 107.038070471133793, 12.510041077645029 ], [ 107.038938932268877, 12.507448577020611 ], [ 107.03904561786274, 12.506323525152771 ], [ 107.039199656795759, 12.504699117919364 ], [ 107.039199452872836, 12.504697864109454 ], [ 107.039199448054106, 12.504697836128683 ], [ 107.038748951824843, 12.501988935689765 ], [ 107.038413877134502, 12.500974734974804 ], [ 107.038240481128696, 12.500123144061739 ], [ 107.038035313592346, 12.499197636879112 ], [ 107.037847184868696, 12.498349015407566 ], [ 107.037365498659938, 12.496229916736215 ], [ 107.036726868561644, 12.494475797359156 ], [ 107.035997431285736, 12.491767704415324 ], [ 107.035273268994231, 12.488703730150295 ], [ 107.03469042175692, 12.485619430034914 ], [ 107.034582440007327, 12.484585983317448 ], [ 107.034580325523748, 12.484565749032397 ], [ 107.034364867216397, 12.482503831829803 ], [ 107.034329491651249, 12.481211716059152 ], [ 107.034282788291165, 12.479507289366843 ], [ 107.034367759086976, 12.477064209198314 ], [ 107.033960989023058, 12.475155554689923 ], [ 107.033900244982036, 12.474870528748896 ], [ 107.033670889519485, 12.473794354394489 ], [ 107.032716132379576, 12.470554715548808 ], [ 107.032964276519763, 12.469864208716684 ], [ 107.033511159843528, 12.46834236053245 ], [ 107.033692289477784, 12.466944542299933 ], [ 107.033987924846087, 12.4654709573757 ], [ 107.033988017094188, 12.465470403562513 ], [ 107.033988044514317, 12.465470381665041 ], [ 107.035538296184356, 12.464272505944139 ], [ 107.037789195661347, 12.461936660702737 ], [ 107.03779617257922, 12.461929387710638 ], [ 107.03820486357624, 12.460455419836745 ], [ 107.03820191805417, 12.460446736796161 ], [ 107.037820213039467, 12.459330607411397 ], [ 107.036083029249482, 12.458575753768221 ], [ 107.034444341953645, 12.458734934753041 ], [ 107.033854693489388, 12.458224952952296 ], [ 107.033945170685058, 12.457857452953757 ], [ 107.034040858254585, 12.457468680119755 ], [ 107.034648799638717, 12.456867084209485 ], [ 107.035429517540621, 12.456526743345453 ], [ 107.036225856542345, 12.45617958662775 ], [ 107.036290660370625, 12.456159981324483 ], [ 107.037564792220181, 12.455774118450924 ], [ 107.037567754230793, 12.455773618914705 ], [ 107.037569042396939, 12.45577322961006 ], [ 107.037572620196997, 12.455772798636792 ], [ 107.038312860789006, 12.455647986072989 ], [ 107.038316247117578, 12.455647414640236 ], [ 107.038728764442055, 12.450918523312037 ], [ 107.038907923799982, 12.447661311226627 ], [ 107.03937342546385, 12.44330722565944 ], [ 107.039743084974972, 12.439857645934161 ], [ 107.039950763540645, 12.43628052421627 ], [ 107.039840077309719, 12.433650248309352 ], [ 107.039843180470257, 12.433571702113101 ], [ 107.039615206984436, 12.433741942163417 ], [ 107.039393321614298, 12.433740179854487 ], [ 107.038833599362206, 12.433530875426298 ], [ 107.038412644141147, 12.433574708541808 ], [ 107.037710159798266, 12.433776622988821 ], [ 107.036657629543157, 12.433897496590276 ], [ 107.03555886717767, 12.4339825687318 ], [ 107.03477290497473, 12.434390674397902 ], [ 107.034432787874522, 12.434630427362917 ], [ 107.03402138400044, 12.434937493208867 ], [ 107.033716198917347, 12.435164603697553 ], [ 107.03302405300029, 12.435585463872309 ], [ 107.032707065660588, 12.435767481641083 ], [ 107.032201521170691, 12.436245762460823 ], [ 107.031661199569342, 12.436679124117601 ], [ 107.031321234980382, 12.436861313108103 ], [ 107.030829769513261, 12.436927170421917 ], [ 107.030548169230343, 12.437155185584395 ], [ 107.030136932730855, 12.437484835739365 ], [ 107.029701952720387, 12.437872132039347 ], [ 107.029126335884612, 12.438350934134625 ], [ 107.028727143364051, 12.438601336395992 ], [ 107.028316683491454, 12.438816852210557 ], [ 107.027894845378668, 12.438963506966658 ], [ 107.027403055103861, 12.439144571273678 ], [ 107.027215249702465, 12.439304110774771 ], [ 107.02703794764669, 12.439566401433902 ], [ 107.026744460529414, 12.439817183257057 ], [ 107.026497697426834, 12.440011049112279 ], [ 107.025992901384086, 12.440295039618434 ], [ 107.025769631792329, 12.440477433379419 ], [ 107.025510826013559, 12.440751629325577 ], [ 107.025218615436486, 12.440795653857156 ], [ 107.024939816221732, 12.440496025691679 ], [ 107.024472701109971, 12.440515335676565 ], [ 107.024062919287559, 12.440594124794384 ], [ 107.02353649971613, 12.440671526389629 ], [ 107.023033832649233, 12.440702394621871 ], [ 107.022602011367582, 12.440608485677364 ], [ 107.022309454608887, 12.440686305318208 ], [ 107.021992969415336, 12.440788158312301 ], [ 107.021349842645421, 12.440865254125484 ], [ 107.02109357786226, 12.440869021765174 ], [ 107.02026255970631, 12.44088123805655 ], [ 107.019749570581922, 12.440695310465278 ], [ 107.019072524552755, 12.440622383463728 ], [ 107.018569856645087, 12.440653243454269 ], [ 107.01757855621338, 12.440303620768688 ], [ 107.016870174882143, 12.439599475877644 ], [ 107.016299335893578, 12.43935514673837 ], [ 107.015727385301432, 12.439271306646136 ], [ 107.015074788749132, 12.439015203559347 ], [ 107.014666204123571, 12.438875927076564 ], [ 107.014257448363139, 12.438861982879644 ], [ 107.013616390268552, 12.438617085685845 ], [ 107.012809973599545, 12.43861179167884 ], [ 107.012446321522233, 12.43878284062226 ], [ 107.012175792307644, 12.439033347391574 ], [ 107.011906640632745, 12.439157428203314 ], [ 107.011532567981476, 12.439166986534152 ], [ 107.010901658518577, 12.439117459623912 ], [ 107.010585505026242, 12.439184147423211 ], [ 107.010104962271868, 12.439400158723634 ], [ 107.009812063351916, 12.43958197451594 ], [ 107.009495995862324, 12.439591099183451 ], [ 107.009052468125731, 12.4395423452239 ], [ 107.008680295141218, 12.439276281905743 ], [ 107.008411430916922, 12.439309814441531 ], [ 107.008234693549284, 12.439480645489002 ], [ 107.007882908490487, 12.439696781896284 ], [ 107.007648186778624, 12.43982168696513 ], [ 107.007565373352804, 12.439959018903133 ], [ 107.007227113496, 12.43985309519601 ], [ 107.006680296626939, 12.43951702904261 ], [ 107.006225234508008, 12.439388204789623 ], [ 107.005558259598445, 12.439510711563257 ], [ 107.00531121773281, 12.439749742647439 ], [ 107.00523864478177, 12.440105041772817 ], [ 107.005107804842766, 12.440505953967373 ], [ 107.004965506791862, 12.440757763738338 ], [ 107.004286912387016, 12.440937913773285 ], [ 107.003434353548798, 12.440840313647248 ], [ 107.003141089805723, 12.440965648829414 ], [ 107.002989432062265, 12.440906862236654 ], [ 107.002828055467049, 12.440618898213208 ], [ 107.002770738121214, 12.440412573511145 ], [ 107.002689924997767, 12.440296785184731 ], [ 107.002585267605127, 12.440216234662003 ], [ 107.002141565881033, 12.440144970365459 ], [ 107.001930934353894, 12.440178155176952 ], [ 107.001018727520162, 12.440252676266255 ], [ 107.000764834882332, 12.439746176716547 ], [ 107.000836549109295, 12.439575042032075 ], [ 107.000931501804459, 12.439368675009742 ], [ 107.000932624114711, 12.439208274535332 ], [ 107.000768997734184, 12.439160868953923 ], [ 107.000079035977535, 12.439203290716584 ], [ 106.999751352394753, 12.439270141870871 ], [ 106.999133533382306, 12.439048711008523 ], [ 106.999045967973842, 12.438198687425443 ], [ 106.99905906482249, 12.43795795558098 ], [ 106.999013973654783, 12.437693888940474 ], [ 106.99889831629919, 12.437533175195824 ], [ 106.998758707390351, 12.437463091366338 ], [ 106.998420965758626, 12.437265614152123 ], [ 106.998188140964388, 12.437103506744881 ], [ 106.997816251445613, 12.436803448250089 ], [ 106.997572340224437, 12.436549975643969 ], [ 106.997234606987007, 12.436432648098934 ], [ 106.996742693898995, 12.436591069219624 ], [ 106.99641274054396, 12.436956128141713 ], [ 106.996211390841538, 12.43739036002278 ], [ 106.996034063686452, 12.437653719474641 ], [ 106.995942516978985, 12.437700750272073 ], [ 106.995649514519798, 12.437791014866121 ], [ 106.995368919048531, 12.437857513294311 ], [ 106.994935181577716, 12.438038093327922 ], [ 106.99445488134694, 12.438287872733458 ], [ 106.994046200653955, 12.438284107434869 ], [ 106.993381559356052, 12.438107105238142 ], [ 106.992622566338738, 12.438136461865955 ], [ 106.992344666095534, 12.437800732681008 ], [ 106.992020280336305, 12.437395224079722 ], [ 106.991402982373813, 12.43716139057158 ], [ 106.990329225806207, 12.43707215120574 ], [ 106.989174057384176, 12.43693715034272 ], [ 106.988333832466807, 12.436874378545539 ], [ 106.987866794288195, 12.43682476710144 ], [ 106.98744658945229, 12.436821077036065 ], [ 106.986831823476493, 12.436241485130585 ], [ 106.98606236048262, 12.436040383589551 ], [ 106.985820719677108, 12.435844803767464 ], [ 106.984843328530161, 12.435053978563168 ], [ 106.984316632194137, 12.435176487529121 ], [ 106.983636188563153, 12.435643593109791 ], [ 106.983319872037555, 12.435769799374173 ], [ 106.982874653572907, 12.435947372843405 ], [ 106.982788773895962, 12.43652198916449 ], [ 106.982925317324884, 12.437018076246005 ], [ 106.982991790315779, 12.437523713061445 ], [ 106.982870529128633, 12.438132384168886 ], [ 106.982785433405184, 12.438580395534853 ], [ 106.982374744948331, 12.438842115029075 ], [ 106.981706947577834, 12.439078608406842 ], [ 106.981110263159252, 12.439223041053024 ], [ 106.980281726723803, 12.439182840677875 ], [ 106.979455025991854, 12.438854456688178 ], [ 106.978501573287417, 12.438260423953894 ], [ 106.977639153539371, 12.438001241690039 ], [ 106.977067632629655, 12.437893548428583 ], [ 106.976416713309078, 12.437474590242923 ], [ 106.975975464318367, 12.437115183701515 ], [ 106.975193499817024, 12.437005679579586 ], [ 106.974433361131474, 12.437195388735645 ], [ 106.97409403936075, 12.437238528331145 ], [ 106.973673306383105, 12.437316147386056 ], [ 106.973203112471836, 12.437692417030391 ], [ 106.972710016866898, 12.438078974003549 ], [ 106.97230169314723, 12.437972339098577 ], [ 106.971848580311317, 12.437648073538591 ], [ 106.971186570422077, 12.437205506675692 ], [ 106.970453016176336, 12.436878672618969 ], [ 106.969278042364621, 12.436248895633089 ], [ 106.968722107170308, 12.435612352109377 ], [ 106.96821177762574, 12.435170931561339 ], [ 106.967257387951207, 12.434669483120965 ], [ 106.967109252250339, 12.434231120037754 ], [ 106.967403077930314, 12.433946506926986 ], [ 106.967953988529516, 12.43367475310057 ], [ 106.968484572009729, 12.432999761884142 ], [ 106.968852675323532, 12.432197273734904 ], [ 106.969196927305362, 12.431429930481274 ], [ 106.969328515628021, 12.431040317767414 ], [ 106.969236720371683, 12.430763026654716 ], [ 106.968957178167301, 12.430657707538019 ], [ 106.968338767011502, 12.430584311395963 ], [ 106.967742973987768, 12.430614576997923 ], [ 106.966761834698218, 12.430607067604271 ], [ 106.965969059548954, 12.430428663696325 ], [ 106.965470965814035, 12.429918199504755 ], [ 106.965085368810264, 12.429927776419589 ], [ 106.964349274754397, 12.429955709473896 ], [ 106.963763861163244, 12.430136256661896 ], [ 106.9629334962043, 12.430313970284342 ], [ 106.961997934089098, 12.430478890163563 ], [ 106.961156040911206, 12.430656772579947 ], [ 106.960621351754781, 12.430250481675976 ], [ 106.960084255105812, 12.430291691727779 ], [ 106.959824136612156, 12.43070364858246 ], [ 106.959414227373472, 12.430838818646347 ], [ 106.958548922934199, 12.430959210336219 ], [ 106.957741510379506, 12.431205691349568 ], [ 106.957052326131944, 12.43120046323838 ], [ 106.956320291073808, 12.430758360066498 ], [ 106.955479270487245, 12.430739586562153 ], [ 106.955019522724839, 12.431288618662204 ], [ 106.954354273245727, 12.43124932444235 ], [ 106.953617201751115, 12.431381154799311 ], [ 106.952853233835924, 12.432054372085473 ], [ 106.952231071851656, 12.432474627565016 ], [ 106.951672699883929, 12.432206384978876 ], [ 106.951220409137079, 12.431754388519138 ], [ 106.950618058707249, 12.431140724843514 ], [ 106.950517325794493, 12.43050645729547 ], [ 106.950086928147513, 12.430284730633755 ], [ 106.949517028996894, 12.430005270416739 ], [ 106.94922641375878, 12.429807385518199 ], [ 106.948923556438018, 12.429655945042686 ], [ 106.948445441034792, 12.429593872062473 ], [ 106.947966886427267, 12.429544181166758 ], [ 106.947580913739458, 12.429656570362482 ], [ 106.947206484672293, 12.42969992799172 ], [ 106.946878872269878, 12.429778009975962 ], [ 106.946539996550399, 12.429809814935345 ], [ 106.946341602318427, 12.429796512417898 ], [ 106.946156598129079, 12.429565152113149 ], [ 106.946052146148517, 12.429438217382883 ], [ 106.945938017314489, 12.429080921434259 ], [ 106.94572271962268, 12.428263309258091 ], [ 106.945154993085396, 12.427591818979755 ], [ 106.944210648317181, 12.427423474010428 ], [ 106.942878482802541, 12.427516623306465 ], [ 106.942082069866515, 12.427775449478473 ], [ 106.941213605913788, 12.428400768862751 ], [ 106.940624954208062, 12.429006008362926 ], [ 106.940374552248244, 12.42964840283995 ], [ 106.939823779684687, 12.429942692889041 ], [ 106.939063547649582, 12.430040854637323 ], [ 106.938071036086555, 12.430055823145363 ], [ 106.937966483022038, 12.429986538606272 ], [ 106.937445578164414, 12.429338369912662 ], [ 106.937272302696499, 12.429071857635275 ], [ 106.936693862177023, 12.428343853999241 ], [ 106.936454538974587, 12.42794398196008 ], [ 106.936209689540902, 12.427535021240459 ], [ 106.936272795083823, 12.426891709984941 ], [ 106.936288987997571, 12.42628262089845 ], [ 106.936067097948964, 12.42628086404234 ], [ 106.935331437688902, 12.426286122483194 ], [ 106.934562461982424, 12.426062269357191 ], [ 106.933455238230493, 12.425708623302258 ], [ 106.932893118511075, 12.425945327859857 ], [ 106.932601432767626, 12.426544816739595 ], [ 106.932525092533524, 12.426701603990821 ], [ 106.932518965666517, 12.42757611643753 ], [ 106.932824289819465, 12.428842670951099 ], [ 106.932887692822362, 12.429798016134031 ], [ 106.932679684079048, 12.431049077872096 ], [ 106.932243651823143, 12.431551550747596 ], [ 106.931460978381011, 12.431569516235772 ], [ 106.930298705838382, 12.430777889609397 ], [ 106.929577080918818, 12.43050850202038 ], [ 106.929010802238381, 12.429710450725389 ], [ 106.928497751441853, 12.429579641077405 ], [ 106.928057117302757, 12.429139896380395 ], [ 106.928091413060272, 12.429266164844721 ], [ 106.927871589088554, 12.428999975767242 ], [ 106.92772120059918, 12.42879203013886 ], [ 106.927479676985115, 12.428307942040087 ], [ 106.927144408101171, 12.427810966762619 ], [ 106.926950065189601, 12.427256508687483 ], [ 106.926722042630999, 12.42657686177321 ], [ 106.926412188896506, 12.425792702132769 ], [ 106.926440378410604, 12.425172228799989 ], [ 106.926291685955462, 12.424802695927983 ], [ 106.926000536307313, 12.42467373534349 ], [ 106.925301002786298, 12.424508098384273 ], [ 106.924613269930916, 12.424307403166415 ], [ 106.924172102295827, 12.423958019141372 ], [ 106.923841353430646, 12.422898385665857 ], [ 106.923457358712255, 12.42273384518087 ], [ 106.922895508315932, 12.422925434593358 ], [ 106.922507277548959, 12.423278359185645 ], [ 106.92207175786227, 12.423769517828783 ], [ 106.921868697703317, 12.424297523230003 ], [ 106.921609232841192, 12.424651791946472 ], [ 106.921229805897809, 12.425419343868075 ], [ 106.921059405070807, 12.426326655104781 ], [ 106.920744657056872, 12.426278101458111 ], [ 106.920502973069659, 12.425770240303097 ], [ 106.920425989385762, 12.425148252699781 ], [ 106.919961760605034, 12.424776524388811 ], [ 106.919507542822871, 12.424601179868322 ], [ 106.919217392289966, 12.424380663631533 ], [ 106.919430837699636, 12.423934006251065 ], [ 106.919797362876722, 12.423360836073684 ], [ 106.919719950782252, 12.422762617538684 ], [ 106.919191546140752, 12.421632082810053 ], [ 106.918753120751134, 12.420869152989297 ], [ 106.918146536860604, 12.420761574576234 ], [ 106.917455175980876, 12.421078323452566 ], [ 106.91718346617867, 12.421490328844909 ], [ 106.917180367470365, 12.421926459525402 ], [ 106.916862841634568, 12.422212276402391 ], [ 106.916347982267425, 12.422380928506673 ], [ 106.915845415823327, 12.422353939584511 ], [ 106.915600819094621, 12.422305967603995 ], [ 106.914975051683612, 12.421691290264061 ], [ 106.914338971521587, 12.420858539715814 ], [ 106.913971967284652, 12.419947164843894 ], [ 106.913986412122199, 12.419568607147365 ], [ 106.913671938911094, 12.419473594017845 ], [ 106.913259188993848, 12.420010937691128 ], [ 106.912976766871779, 12.420296502416374 ], [ 106.91244859120097, 12.420614345639175 ], [ 106.912176755178891, 12.421082827780561 ], [ 106.911767025115793, 12.421172742235001 ], [ 106.911415160731806, 12.421398883055845 ], [ 106.910527955470869, 12.421346402735201 ], [ 106.910277024410235, 12.421365522595954 ], [ 106.909709984815322, 12.421408649068582 ], [ 106.909274590097198, 12.421514917097923 ], [ 106.90906627812393, 12.421565725549939 ], [ 106.908610055049948, 12.421664999826072 ], [ 106.908190243563382, 12.421558342461458 ], [ 106.907969716160906, 12.421493747228345 ], [ 106.907584361235564, 12.4213807008749 ], [ 106.906834726557705, 12.421674068100582 ], [ 106.906691407588809, 12.422121399775826 ], [ 106.906862474905921, 12.422568234944727 ], [ 106.906885897717444, 12.422629609830077 ], [ 106.907113404722381, 12.423401910939663 ], [ 106.90705239276113, 12.42378079655396 ], [ 106.906639345504132, 12.424363318538457 ], [ 106.906145190578329, 12.424773538104603 ], [ 106.9057019289761, 12.424758583911135 ], [ 106.905236647455283, 12.424479370388939 ], [ 106.904607453611106, 12.424266914868399 ], [ 106.904043483734725, 12.424722715266631 ], [ 106.903641407186214, 12.425386486408161 ], [ 106.90308999178211, 12.425681886648002 ], [ 106.902118414842519, 12.426042318648564 ], [ 106.901180429127663, 12.426517820221529 ], [ 106.900418623493564, 12.42679878753801 ], [ 106.899861020924789, 12.426472860241107 ], [ 106.90014559302297, 12.425853926453577 ], [ 106.900724088014812, 12.425099727697582 ], [ 106.901326932394326, 12.424138507934193 ], [ 106.90138838706963, 12.423735852456629 ], [ 106.901088021804853, 12.423297329981329 ], [ 106.900226757867088, 12.422933951762126 ], [ 106.899898494299521, 12.423080841614944 ], [ 106.899842416235728, 12.423137986299256 ], [ 106.899662813128785, 12.423320884111627 ], [ 106.899167986413474, 12.423880293890363 ], [ 106.898591753090258, 12.42439273983535 ], [ 106.897828545509526, 12.424950504820343 ], [ 106.89700909015275, 12.425208189832359 ], [ 106.896189199094948, 12.425489642587369 ], [ 106.896080262388708, 12.42600676516737 ], [ 106.896041383207333, 12.426512010438548 ], [ 106.895710100328927, 12.427038551418935 ], [ 106.895004937498385, 12.427676239762789 ], [ 106.89494174811442, 12.427756928372338 ], [ 106.894414894339349, 12.428430509110973 ], [ 106.894385171339366, 12.429247639377799 ], [ 106.894638976605705, 12.42968649556791 ], [ 106.894928641089095, 12.429998495098534 ], [ 106.895357263763955, 12.430450856867942 ], [ 106.896099340399857, 12.431169865148217 ], [ 106.896399273918419, 12.431632071527165 ], [ 106.896511786587439, 12.432172493520502 ], [ 106.896427454741143, 12.432506359363236 ], [ 106.896053059280646, 12.432641190371914 ], [ 106.895585225304529, 12.432648985420832 ], [ 106.894897448968862, 12.432517074375006 ], [ 106.893813625941277, 12.432232049485739 ], [ 106.893079512995087, 12.43197394358905 ], [ 106.892358368870944, 12.431600527102036 ], [ 106.891369872520158, 12.4310639640718 ], [ 106.890650756697511, 12.430425027186622 ], [ 106.890238449351301, 12.429364730724545 ], [ 106.890246229499894, 12.428363672875147 ], [ 106.890392442265579, 12.427525395685631 ], [ 106.890564230824126, 12.426480268503749 ], [ 106.890512572094437, 12.425617436362456 ], [ 106.890373828697705, 12.425421854795514 ], [ 106.889789735524261, 12.425405598754306 ], [ 106.888785045526319, 12.425489420320917 ], [ 106.888346197669506, 12.425561249998349 ], [ 106.887977864613802, 12.42562156302183 ], [ 106.887203924609622, 12.426051776302508 ], [ 106.886651169091706, 12.426553826060823 ], [ 106.886003562753459, 12.427215944512104 ], [ 106.885497246431711, 12.427775323806403 ], [ 106.884649954253419, 12.428561911157001 ], [ 106.884036341166961, 12.429396663492634 ], [ 106.883620842387231, 12.430289860666694 ], [ 106.883601254704075, 12.430402594918778 ], [ 106.88346138390375, 12.431208385871008 ], [ 106.883151985413093, 12.431987793802721 ], [ 106.882654998135877, 12.432812696325367 ], [ 106.882053891379769, 12.433543345140752 ], [ 106.881890723599156, 12.433473269594383 ], [ 106.881248318014812, 12.433502587143542 ], [ 106.880371870993272, 12.433518889322285 ], [ 106.880122607387435, 12.433519265104611 ], [ 106.879110840852789, 12.433520778593222 ], [ 106.878305177768283, 12.433467631209249 ], [ 106.877172241297743, 12.433470972508212 ], [ 106.876540155712149, 12.4336494051178 ], [ 106.876440950434841, 12.43440819261928 ], [ 106.876587337482206, 12.435098586337002 ], [ 106.876597689684814, 12.435230723202805 ], [ 106.876651220640326, 12.435916156651951 ], [ 106.876412615860247, 12.436546052227401 ], [ 106.875881760562493, 12.437220808197706 ], [ 106.875444917418463, 12.437861023152022 ], [ 106.874680645442027, 12.438452720024802 ], [ 106.874084956011686, 12.438505464930989 ], [ 106.873431682824489, 12.438385642113246 ], [ 106.872486308, 12.438321066330618 ], [ 106.87142699636604, 12.438178022181281 ], [ 106.87130797079287, 12.438161946663547 ], [ 106.870593426319928, 12.438137789335974 ], [ 106.870420251223308, 12.438131937244325 ], [ 106.869751999474147, 12.438483481209795 ], [ 106.86956123363197, 12.43897622375925 ], [ 106.868902944886656, 12.439523074245484 ], [ 106.868186382692599, 12.440034178298994 ], [ 106.867854469922705, 12.44064212153947 ], [ 106.867615445620672, 12.441375848605976 ], [ 106.867460993947958, 12.441719322074862 ], [ 106.867239001371047, 12.44170612418063 ], [ 106.86694878469487, 12.441474253381738 ], [ 106.866787179801634, 12.441219986150454 ], [ 106.866536091665111, 12.440435421045557 ], [ 106.866278453618008, 12.439912155733001 ], [ 106.866053137840623, 12.439454636168664 ], [ 106.865462465219906, 12.438840677088528 ], [ 106.864888455558685, 12.439031065130607 ], [ 106.864429364453898, 12.439533607975914 ], [ 106.864224491234651, 12.439825735960605 ], [ 106.863980355187095, 12.440173982864819 ], [ 106.863318227794039, 12.441227004397762 ], [ 106.862857957593036, 12.441809801226098 ], [ 106.862282134613594, 12.442310885749164 ], [ 106.862498128647616, 12.443014366439312 ], [ 106.862436489736552, 12.443484799593286 ], [ 106.862082455106076, 12.443896247255305 ], [ 106.86176599608396, 12.44408937551569 ], [ 106.861734558992609, 12.444105045451625 ], [ 106.861684956921749, 12.444008601013419 ], [ 106.861534439987906, 12.443788142813002 ], [ 106.861093754786111, 12.443405932827737 ], [ 106.860652050316318, 12.443125394007085 ], [ 106.860559633015299, 12.443044335798161 ], [ 106.860176536758601, 12.442708358671426 ], [ 106.859808623990048, 12.441969680760081 ], [ 106.859325682266828, 12.440987797086072 ], [ 106.858812185687555, 12.440880623900261 ], [ 106.858213985704054, 12.441232745603495 ], [ 106.857756401006625, 12.441469763616013 ], [ 106.857009141291471, 12.441464682576623 ], [ 106.856646071683429, 12.44157679327845 ], [ 106.856384156955642, 12.442253106691455 ], [ 106.856285649503889, 12.442872901813969 ], [ 106.856341895942165, 12.443466965329483 ], [ 106.856382643621686, 12.443897023795055 ], [ 106.856549150044401, 12.445002000037801 ], [ 106.856684624834998, 12.445624707269749 ], [ 106.856785179214512, 12.446189005222859 ], [ 106.856631079873537, 12.446509789516286 ], [ 106.856267274819686, 12.446679469937388 ], [ 106.855834845170051, 12.44673331647353 ], [ 106.855155340391036, 12.446969595846525 ], [ 106.854558971918124, 12.447091166422242 ], [ 106.854057034011745, 12.447075360590478 ], [ 106.853368975746065, 12.446908375341458 ], [ 106.85331429660873, 12.446887151973645 ], [ 106.852647271404578, 12.446627483399077 ], [ 106.852181544752199, 12.446370771053012 ], [ 106.851703192565878, 12.446354888567408 ], [ 106.851235278828142, 12.44643147283206 ], [ 106.850793146105246, 12.446175771369843 ], [ 106.850080460845732, 12.446193119150527 ], [ 106.849333694387155, 12.445917359491268 ], [ 106.848869637329088, 12.445746028834202 ], [ 106.848434902874757, 12.446053003556951 ], [ 106.848407906719473, 12.446535581455167 ], [ 106.848656159138542, 12.447664859097817 ], [ 106.848870830223902, 12.44851756449353 ], [ 106.849112769871894, 12.448990440149569 ], [ 106.849469056220883, 12.449706621220098 ], [ 106.849627175813126, 12.450444400778032 ], [ 106.8493666895601, 12.45084389876801 ], [ 106.848968565097124, 12.450956240196815 ], [ 106.848245262355192, 12.450847050215177 ], [ 106.847628532171839, 12.450611696599674 ], [ 106.846814119671379, 12.450144989875884 ], [ 106.845815869536636, 12.449366585839844 ], [ 106.845551865096382, 12.449033207518919 ], [ 106.845156396748791, 12.448533903091301 ], [ 106.84507974245426, 12.447935636614533 ], [ 106.844622990354168, 12.448047196342859 ], [ 106.844139766215918, 12.448641420654518 ], [ 106.843954633244181, 12.449048443982369 ], [ 106.843759343310595, 12.449477766586485 ], [ 106.843388573879977, 12.450532200110427 ], [ 106.843184881290213, 12.451243172467072 ], [ 106.842303270984374, 12.451914665870571 ], [ 106.841869455882289, 12.452107398806598 ], [ 106.841506601711288, 12.452253378825551 ], [ 106.841123455339726, 12.451963371413107 ], [ 106.840691055845639, 12.451948242346244 ], [ 106.840078373546262, 12.452200931265944 ], [ 106.839788897019872, 12.452320382246903 ], [ 106.838851330493455, 12.452726740067538 ], [ 106.838519976060013, 12.453264527375286 ], [ 106.838187688645775, 12.453917631976662 ], [ 106.837703258932365, 12.454592014400221 ], [ 106.836931301549711, 12.45475884481797 ], [ 106.836472737303822, 12.455111060769415 ], [ 106.835847859381587, 12.455841881973335 ], [ 106.83531579913975, 12.456700759655513 ], [ 106.834932522453173, 12.457859197054535 ], [ 106.835041509693909, 12.458894549663167 ], [ 106.835294652543695, 12.459333474892274 ], [ 106.835724052051305, 12.459739572410751 ], [ 106.836361451507088, 12.460376957466329 ], [ 106.836799696803951, 12.461058621297362 ], [ 106.836899090403094, 12.461268688681074 ], [ 106.837247853760189, 12.462005813915709 ], [ 106.837218762188812, 12.462764125463403 ], [ 106.836585194745538, 12.463081386469431 ], [ 106.836362195319225, 12.463251262165924 ], [ 106.836044803759592, 12.463490732289101 ], [ 106.835692490458456, 12.463671607456916 ], [ 106.835246132298437, 12.464036212254182 ], [ 106.83465937248728, 12.464388214830327 ], [ 106.83400228156205, 12.464715751296898 ], [ 106.833466853807721, 12.464516054574478 ], [ 106.832942878827723, 12.464316187648095 ], [ 106.832475057861089, 12.464336352961741 ], [ 106.83159627111084, 12.464685811568778 ], [ 106.830716910534505, 12.465126726768748 ], [ 106.830025427937841, 12.465385625870724 ], [ 106.829523940875603, 12.465267024665765 ], [ 106.829507007579565, 12.464496551043524 ], [ 106.829302805196036, 12.463746595142876 ], [ 106.82896744786558, 12.463307136681944 ], [ 106.828161684089892, 12.463243639286045 ], [ 106.827416275949048, 12.462950371165533 ], [ 106.826596975605611, 12.46317397771552 ], [ 106.826222612404408, 12.463239769028112 ], [ 106.825249572392437, 12.463680215807035 ], [ 106.824357363183765, 12.464259103663183 ], [ 106.823605970205506, 12.464747752784044 ], [ 106.82235726738179, 12.464565229419282 ], [ 106.821621372216484, 12.464558897763286 ], [ 106.821183525328706, 12.463843313561771 ], [ 106.82115033903986, 12.463544048366138 ], [ 106.821642168525671, 12.463420990114292 ], [ 106.822262264167435, 12.46331062123121 ], [ 106.822626255917399, 12.463084407742285 ], [ 106.822699939747608, 12.462601511291211 ], [ 106.822445579709907, 12.462311692297909 ], [ 106.821940705009041, 12.462619014709762 ], [ 106.821343906846877, 12.462774501456865 ], [ 106.820854251685674, 12.462633119970487 ], [ 106.820085860711842, 12.462327604593488 ], [ 106.819903731723031, 12.461682589849691 ], [ 106.819556776630634, 12.461230724319597 ], [ 106.819134258759917, 12.461197389245232 ], [ 106.818751548289342, 12.461167194036845 ], [ 106.818025748972275, 12.461367552404763 ], [ 106.818024180872371, 12.461249062612305 ], [ 106.818021906311628, 12.461077245185546 ], [ 106.818020525485508, 12.460972953382331 ], [ 106.818006261267612, 12.459895435542492 ], [ 106.817914934043458, 12.452995162213188 ], [ 106.817750201634908, 12.434935444487552 ], [ 106.817583966816599, 12.425584146919563 ], [ 106.81758402474027, 12.425570377496005 ], [ 106.81762100561167, 12.416831453017284 ], [ 106.817550488039231, 12.396137364593795 ], [ 106.817475615691251, 12.353464249065759 ], [ 106.817475256668686, 12.353258071079127 ], [ 106.817494415665124, 12.353265440151588 ], [ 106.817812915308608, 12.353387940266154 ], [ 106.818161726457461, 12.353551714807947 ], [ 106.818177164117913, 12.353561538354315 ], [ 106.81877134041639, 12.353844716563119 ], [ 106.81891869829721, 12.353833679131204 ], [ 106.819175773644815, 12.353777738744755 ], [ 106.819331500584667, 12.353285168201809 ], [ 106.819498532878058, 12.3528377983789 ], [ 106.819954610654861, 12.352726214281144 ], [ 106.820329119760714, 12.352626562019219 ], [ 106.820718279160701, 12.352146076802816 ], [ 106.820795266314335, 12.351318482690806 ], [ 106.820846485844754, 12.350744191181446 ], [ 106.820966020647759, 12.350412271573642 ], [ 106.821177997869285, 12.350161157918208 ], [ 106.82125354065991, 12.350133179742084 ], [ 106.821482361475844, 12.350048417834845 ], [ 106.821610432291351, 12.350117598985918 ], [ 106.821686919568208, 12.350313826222745 ], [ 106.821759005956295, 12.35049851477249 ], [ 106.821883950811099, 12.35094854139501 ], [ 106.822101416568998, 12.351490489951292 ], [ 106.822449280550231, 12.351769488737762 ], [ 106.822845748498722, 12.351841481966408 ], [ 106.823256508513055, 12.351579999111545 ], [ 106.823656248433664, 12.351227043765588 ], [ 106.823857304932162, 12.350964705414345 ], [ 106.824012066602734, 12.350574981705151 ], [ 106.824247246492448, 12.350357600444559 ], [ 106.824539875500335, 12.350291206137518 ], [ 106.824794474609277, 12.350545973921202 ], [ 106.825144029539658, 12.350653251813229 ], [ 106.825282974932747, 12.350803692570556 ], [ 106.825000585737996, 12.35110055693643 ], [ 106.824623082892657, 12.351522227458274 ], [ 106.824606979297272, 12.352097458368219 ], [ 106.824615607336753, 12.35251093944737 ], [ 106.824738372266907, 12.353225313927577 ], [ 106.825060846457944, 12.353745137493485 ], [ 106.825410978444324, 12.353770986727151 ], [ 106.825612821816279, 12.353370824832192 ], [ 106.825836397713729, 12.353130926999436 ], [ 106.826047738256491, 12.35302892713595 ], [ 106.826521059002062, 12.353676605438787 ], [ 106.826880324601973, 12.354024383372058 ], [ 106.827510380863544, 12.354064256583674 ], [ 106.828013825950009, 12.353907246843235 ], [ 106.828528586766865, 12.353807726588117 ], [ 106.828765370650146, 12.353396032396462 ], [ 106.828746933599888, 12.352728404258558 ], [ 106.828469036552605, 12.352427437587771 ], [ 106.828107963326701, 12.352321415958459 ], [ 106.827888174196076, 12.352112687803512 ], [ 106.827902009693744, 12.351790603205664 ], [ 106.828160768825697, 12.351562938794697 ], [ 106.828616788418515, 12.351531590897556 ], [ 106.829106071756499, 12.351650306643995 ], [ 106.829346688307794, 12.352215949204467 ], [ 106.829697189075532, 12.352207900963473 ], [ 106.830011759839934, 12.352244194692361 ], [ 106.830206116187128, 12.352763787194805 ], [ 106.830567434333403, 12.352904868031141 ], [ 106.830682150025112, 12.353124420914931 ], [ 106.830875920692492, 12.353723000588502 ], [ 106.831551166533998, 12.353981710375665 ], [ 106.831756756257207, 12.354535114320411 ], [ 106.831860556305585, 12.354754739887994 ], [ 106.832243958394685, 12.354942030067003 ], [ 106.832347672204051, 12.355149184941036 ], [ 106.832355998560601, 12.355517480489306 ], [ 106.832808120144989, 12.355992317996723 ], [ 106.833129747723873, 12.356627448136905 ], [ 106.833419558588162, 12.35690682030511 ], [ 106.833723843622451, 12.356782770817395 ], [ 106.833811370816065, 12.356070330290116 ], [ 106.833919201505211, 12.355714808356568 ], [ 106.834282614390233, 12.355579063336869 ], [ 106.834700629615227, 12.355870042273779 ], [ 106.8350919445638, 12.356528376392552 ], [ 106.835253826057681, 12.356748693312857 ], [ 106.835392651889691, 12.356956784940198 ], [ 106.835590921588249, 12.356970178874745 ], [ 106.835568068674888, 12.356900205483955 ], [ 106.835825600955445, 12.356834124584992 ], [ 106.83601631052926, 12.35632893203041 ], [ 106.836380718649437, 12.356010086344641 ], [ 106.836837085013499, 12.355864673951404 ], [ 106.836970004481486, 12.355313510377394 ], [ 106.837375293679912, 12.354270157534746 ], [ 106.837672266496298, 12.353675051467537 ], [ 106.838445819743114, 12.353278886799901 ], [ 106.838681920386506, 12.353086520476687 ], [ 106.838739512906002, 12.353039590325656 ], [ 106.839136562980329, 12.353042602696576 ], [ 106.839394861452391, 12.352837434193205 ], [ 106.839582491502071, 12.352793240180944 ], [ 106.839614406944506, 12.353172671667044 ], [ 106.839808425603181, 12.353207328479165 ], [ 106.840022332605514, 12.353245646192224 ], [ 106.84021536274804, 12.352878792821866 ], [ 106.840354075214009, 12.352615148233218 ], [ 106.840666282875262, 12.352541193494838 ], [ 106.840962747767193, 12.352470960398175 ], [ 106.841629255078615, 12.35230378659803 ], [ 106.842095281761459, 12.352467820623868 ], [ 106.842750505918559, 12.352324397837553 ], [ 106.843326359050096, 12.351845966008566 ], [ 106.843669206198541, 12.351319406766448 ], [ 106.843892479923355, 12.351125858032932 ], [ 106.844172679697863, 12.351093415843884 ], [ 106.844321365051016, 12.351485610840752 ], [ 106.844094628217761, 12.352093892297683 ], [ 106.843906297504333, 12.352275907903229 ], [ 106.843612610610236, 12.352515209178957 ], [ 106.843749847859101, 12.352907390666617 ], [ 106.843971037541181, 12.352989575806291 ], [ 106.844404616446525, 12.352785475854521 ], [ 106.844801672584779, 12.352789563714481 ], [ 106.845151917978413, 12.352745440293482 ], [ 106.845513818700653, 12.352817543252947 ], [ 106.845723322607398, 12.352865827195384 ], [ 106.845639782904456, 12.353071985097104 ], [ 106.845252706594763, 12.353356021615216 ], [ 106.845157564939043, 12.353550962179238 ], [ 106.845424606735975, 12.353771734650579 ], [ 106.8461464546331, 12.353961137440924 ], [ 106.846590585787268, 12.353953607415132 ], [ 106.846942147089976, 12.353772742684278 ], [ 106.846982225342529, 12.353174761838043 ], [ 106.846953808203509, 12.352323034842021 ], [ 106.847143352576211, 12.351979426916531 ], [ 106.847074369987254, 12.351818312514995 ], [ 106.846878394825964, 12.351482922331737 ], [ 106.846857060566705, 12.351230030425178 ], [ 106.847046196401124, 12.350990351504199 ], [ 106.847523226471566, 12.351166771484888 ], [ 106.847846390929362, 12.351617604779809 ], [ 106.847890942257237, 12.351905403370912 ], [ 106.847852814572875, 12.352284222000961 ], [ 106.848270425450579, 12.352667810825047 ], [ 106.848947673110516, 12.352638362103201 ], [ 106.849474153909554, 12.352493538811283 ], [ 106.849865132512861, 12.351794852340827 ], [ 106.849853649352426, 12.350829688159129 ], [ 106.849851042892652, 12.350609744612262 ], [ 106.849845996428485, 12.349805305190063 ], [ 106.850152583042444, 12.34943948254465 ], [ 106.850621181576415, 12.349236310360423 ], [ 106.850735850493891, 12.349296350961994 ], [ 106.85117885264269, 12.349528483468553 ], [ 106.851794020067146, 12.350062184373577 ], [ 106.851968582516804, 12.350133292875606 ], [ 106.852388017866886, 12.350204996634472 ], [ 106.852807624716149, 12.350311761087847 ], [ 106.85300217688571, 12.350842535584359 ], [ 106.852917264405576, 12.351186609698114 ], [ 106.852517941567399, 12.351517007360508 ], [ 106.852676454940038, 12.352162164111409 ], [ 106.852707657404054, 12.35259925238341 ], [ 106.852775057989305, 12.352944458665073 ], [ 106.853195162161427, 12.352959674134214 ], [ 106.853603732293948, 12.352962586973831 ], [ 106.853873014060369, 12.352930209004473 ], [ 106.853990271589424, 12.352851511406012 ], [ 106.854340964025411, 12.352795986189799 ], [ 106.85502024734393, 12.352560916907709 ], [ 106.855980289237863, 12.352211964474431 ], [ 106.856718124811181, 12.351895159249032 ], [ 106.857012615579819, 12.351610655913779 ], [ 106.857177718376363, 12.351393727548938 ], [ 106.857102791984858, 12.350541238436913 ], [ 106.856802069340276, 12.350113941373332 ], [ 106.856350887353599, 12.349604078290078 ], [ 106.856355115100371, 12.349063908718046 ], [ 106.856431049917248, 12.348930999665617 ], [ 106.856603735127479, 12.348628439679358 ], [ 106.857155279728701, 12.348287962532636 ], [ 106.857834100449665, 12.348075393352641 ], [ 106.858163317284408, 12.347824631321398 ], [ 106.85816608537165, 12.347411080548529 ], [ 106.857822577806317, 12.346603348653941 ], [ 106.857285084083486, 12.346656716801615 ], [ 106.856163247788785, 12.346785186665047 ], [ 106.855883017463157, 12.346726096323945 ], [ 106.855325393703041, 12.346364980622237 ], [ 106.855329863853058, 12.345858788674322 ], [ 106.856172110979159, 12.345601101376371 ], [ 106.856839963966621, 12.345295980386631 ], [ 106.857183637857844, 12.34465526632378 ], [ 106.857631598793517, 12.344129152908794 ], [ 106.858187157866055, 12.34330616309037 ], [ 106.858516254545265, 12.342963858055372 ], [ 106.859107001430857, 12.342852288625366 ], [ 106.859335108847517, 12.342809162065794 ], [ 106.860268693739599, 12.342874002359878 ], [ 106.860957029250486, 12.342948377049094 ], [ 106.861550082705222, 12.343206398486343 ], [ 106.862272669326813, 12.343407142088697 ], [ 106.862692835529415, 12.343433641153387 ], [ 106.862866084174101, 12.3436301849743 ], [ 106.862547147955112, 12.344111413748745 ], [ 106.862250204536693, 12.344786787169532 ], [ 106.861758416696929, 12.344956246437169 ], [ 106.86156617806472, 12.345644548989082 ], [ 106.861574980778229, 12.345989068511601 ], [ 106.861336196272887, 12.346677598667963 ], [ 106.861262578926898, 12.347159410263169 ], [ 106.861643432372674, 12.347715020472826 ], [ 106.862248910434559, 12.34793798095173 ], [ 106.862585919576006, 12.348135664715674 ], [ 106.862829514643963, 12.348298923527237 ], [ 106.863132880216696, 12.348370318848156 ], [ 106.86356550504722, 12.348281418863708 ], [ 106.864150125518606, 12.348159938240347 ], [ 106.864804224679474, 12.348108017814589 ], [ 106.865315798142049, 12.348376797714563 ], [ 106.865685792389399, 12.348566734727838 ], [ 106.865766752540893, 12.348608295495668 ], [ 106.865769731105786, 12.348609824340826 ], [ 106.865835495716695, 12.349139300013141 ], [ 106.865901778232541, 12.349490385560477 ], [ 106.865981214582717, 12.349911140384014 ], [ 106.866503473270328, 12.350317658290166 ], [ 106.866606281196511, 12.350667557654656 ], [ 106.866662494306539, 12.350858873834694 ], [ 106.866504329137271, 12.351732202604822 ], [ 106.866526390901242, 12.351998169919963 ], [ 106.866557714915743, 12.352375808278087 ], [ 106.866686060573443, 12.352854380932545 ], [ 106.866727705904268, 12.353009668004576 ], [ 106.866730092588156, 12.353027551113758 ], [ 106.866793840594056, 12.353505160907531 ], [ 106.867344363828124, 12.353267510950596 ], [ 106.868045911980303, 12.353170070950505 ], [ 106.868529377848688, 12.35255323741556 ], [ 106.869560454210117, 12.352101002244826 ], [ 106.869634784455457, 12.35156162134596 ], [ 106.869613739141855, 12.351466766705872 ], [ 106.869499373112646, 12.350951293355214 ], [ 106.869508648359258, 12.350949171564388 ], [ 106.870329514025144, 12.35076142213912 ], [ 106.871065995024054, 12.350652438884598 ], [ 106.871403068674283, 12.350111432781679 ], [ 106.871527147791312, 12.34991231806746 ], [ 106.871578589222992, 12.349829768965424 ], [ 106.871693144479622, 12.349645937278764 ], [ 106.872460413351462, 12.348536805739304 ], [ 106.872696834836958, 12.348170271184534 ], [ 106.873048445476186, 12.34800067060222 ], [ 106.873237147913997, 12.348284308496307 ], [ 106.873256417044757, 12.348313272596837 ], [ 106.873291395969872, 12.348452932753752 ], [ 106.87336986638347, 12.348766235284181 ], [ 106.873403650767244, 12.348900924180468 ], [ 106.873858842858041, 12.348915867131232 ], [ 106.874866117359943, 12.3485101383265 ], [ 106.875529515482015, 12.348721372188125 ], [ 106.875949569117935, 12.348805414223772 ], [ 106.875947469574882, 12.348819133198733 ], [ 106.875863368732183, 12.349368735428072 ], [ 106.875859419484158, 12.349865959428961 ], [ 106.875858253302965, 12.350012739190243 ], [ 106.875912141804776, 12.350241953484755 ], [ 106.875982637526604, 12.3505418048889 ], [ 106.87600718783537, 12.350592934169638 ], [ 106.876292986488963, 12.351188153916718 ], [ 106.876924802014841, 12.350998544698363 ], [ 106.877811292781217, 12.35114271720121 ], [ 106.878235082777181, 12.350697982622757 ], [ 106.878186523576744, 12.350523790761255 ], [ 106.877939595277454, 12.34963800632913 ], [ 106.878071174633504, 12.349312592077775 ], [ 106.878189751570631, 12.349019334102197 ], [ 106.87924159256734, 12.348900293363915 ], [ 106.879968063081989, 12.348526937937248 ], [ 106.88110525854816, 12.347972266780205 ], [ 106.881157833002845, 12.347956541561789 ], [ 106.88181914787738, 12.347759398339248 ], [ 106.881849027146316, 12.347760818906652 ], [ 106.882414067138413, 12.34778691728093 ], [ 106.882585861148456, 12.348191394006815 ], [ 106.882580365242248, 12.348949534417251 ], [ 106.882684318710176, 12.349194462352321 ], [ 106.882878342536941, 12.349651608045432 ], [ 106.88311920209901, 12.350219102134464 ], [ 106.883367914905833, 12.351244420756434 ], [ 106.883473071702625, 12.351682957552921 ], [ 106.883477574935625, 12.351701736823912 ], [ 106.883605387800429, 12.352234752776337 ], [ 106.884103611050023, 12.352721645935477 ], [ 106.88470659559411, 12.353312911037751 ], [ 106.885099107710815, 12.353879605605812 ], [ 106.885436344848259, 12.354032071637103 ], [ 106.885975323688854, 12.353794465153221 ], [ 106.886296272079463, 12.353038660661786 ], [ 106.886302855196007, 12.35282370611707 ], [ 106.886324338941051, 12.352122187796734 ], [ 106.88632797249241, 12.352003542677247 ], [ 106.886717121654826, 12.351466408303949 ], [ 106.887176080124206, 12.351044100721982 ], [ 106.88806584802623, 12.350683148220275 ], [ 106.888609974974784, 12.350371852299105 ], [ 106.888957424459761, 12.350173072476984 ], [ 106.889707257830594, 12.349845889746524 ], [ 106.890080942631442, 12.349795943423189 ], [ 106.890198030924097, 12.349780311126363 ], [ 106.890546949417541, 12.349955282233442 ], [ 106.890611118545522, 12.350275627756147 ], [ 106.890636899712177, 12.350404330081021 ], [ 106.890525361591386, 12.351277337261951 ], [ 106.890415773768822, 12.351852026362858 ], [ 106.890420944236425, 12.352656447953146 ], [ 106.890466757916954, 12.352780406898969 ], [ 106.89063834847471, 12.353244681001387 ], [ 106.891160168773112, 12.353732569409846 ], [ 106.891702642134007, 12.354541119966287 ], [ 106.892247518121081, 12.35504005153977 ], [ 106.892784737971013, 12.355032974027747 ], [ 106.893395314580658, 12.354600564767932 ], [ 106.894564049551136, 12.354437634921084 ], [ 106.895510389520751, 12.354353061511093 ], [ 106.896188980667887, 12.354196970416679 ], [ 106.896821885734198, 12.353834433866373 ], [ 106.897582125802572, 12.353678855444826 ], [ 106.897910787202278, 12.353440433696527 ], [ 106.898378145165239, 12.353386299337927 ], [ 106.899018768536678, 12.353621397315449 ], [ 106.899690270834654, 12.354384929306518 ], [ 106.900060598701785, 12.354825237114424 ], [ 106.90028946694423, 12.355402173951649 ], [ 106.900482679031199, 12.35605942510799 ], [ 106.900923608836166, 12.356407785726232 ], [ 106.901695184791095, 12.356309770487925 ], [ 106.902176428533551, 12.356026178524093 ], [ 106.902783169468719, 12.356019679895894 ], [ 106.90311892280927, 12.356447753551812 ], [ 106.903141810687941, 12.356436298023979 ], [ 106.903492496424292, 12.356381884337633 ], [ 106.904217606142311, 12.356295483387274 ], [ 106.905257395696495, 12.35617633355173 ], [ 106.905760695011807, 12.356007890236139 ], [ 106.906219271435006, 12.355620527610339 ], [ 106.906617138196495, 12.355496830822077 ], [ 106.907152612671666, 12.355720172768153 ], [ 106.907865590125539, 12.355633847489084 ], [ 106.908550580233722, 12.356110342041637 ], [ 106.909110022251767, 12.356240886304445 ], [ 106.910313019506646, 12.356204252811885 ], [ 106.910591758404877, 12.356423367229699 ], [ 106.910637748909153, 12.356459520460874 ], [ 106.910563678067348, 12.357022666908726 ], [ 106.910312047885327, 12.357814241771212 ], [ 106.910284401269436, 12.358068136322334 ], [ 106.910261942425905, 12.358274381158751 ], [ 106.910702607676626, 12.35866781963966 ], [ 106.911249427263897, 12.358948727550811 ], [ 106.911880578441881, 12.358826817399901 ], [ 106.91229441497876, 12.358209233982446 ], [ 106.913149218569941, 12.357859832438864 ], [ 106.913758301399312, 12.357622766136913 ], [ 106.914390524454305, 12.357409301817913 ], [ 106.915114574871353, 12.357334173903203 ], [ 106.91561630455486, 12.357430047679582 ], [ 106.916337439966412, 12.35774586513665 ], [ 106.916569431575056, 12.357955509222421 ], [ 106.91664722834571, 12.358335211342698 ], [ 106.9166706751422, 12.358449645713293 ], [ 106.916476662673475, 12.359426069905947 ], [ 106.916540839853582, 12.360152727616763 ], [ 106.916551853421737, 12.360277428708256 ], [ 106.916969314557974, 12.360637131359841 ], [ 106.917692723541961, 12.360712280714894 ], [ 106.918703995282286, 12.361328773452943 ], [ 106.919553089541935, 12.36170350033559 ], [ 106.919910909052035, 12.362304355279973 ], [ 106.920150344531891, 12.363065269949569 ], [ 106.920624252103366, 12.363678767944565 ], [ 106.921112839977184, 12.363935212646693 ], [ 106.921929267016125, 12.363998306674942 ], [ 106.922198569351053, 12.36389700069649 ], [ 106.92216007631977, 12.36359454267267 ], [ 106.922132776283647, 12.363380026953591 ], [ 106.922234095588209, 12.36323110879148 ], [ 106.92249888004676, 12.362841927763471 ], [ 106.923249433276283, 12.362388044496548 ], [ 106.923741822893675, 12.362138315765266 ], [ 106.924197770255802, 12.362026651958633 ], [ 106.924860281022617, 12.362491962264061 ], [ 106.925760452859933, 12.362303685700795 ], [ 106.926695979359891, 12.36215021806856 ], [ 106.927220873522444, 12.362188250780072 ], [ 106.927382654701503, 12.362384826950299 ], [ 106.927522839669493, 12.362386092709556 ], [ 106.927557131050477, 12.362513537184428 ], [ 106.927743311753915, 12.362594632859608 ], [ 106.927800542985693, 12.362987589721303 ], [ 106.927829538226618, 12.363186677110717 ], [ 106.927832242171931, 12.363205240141296 ], [ 106.928027691997784, 12.363609509873504 ], [ 106.928305527249378, 12.363886591899355 ], [ 106.928370467045482, 12.363988671241984 ], [ 106.92846720204632, 12.364140730263113 ], [ 106.928335851002231, 12.364496439083409 ], [ 106.927994432847754, 12.364873969537561 ], [ 106.927954630169012, 12.364995334518312 ], [ 106.927862957110591, 12.365274862436674 ], [ 106.928352649823495, 12.365370795149422 ], [ 106.928678662306424, 12.365476923113684 ], [ 106.928836219495423, 12.365882545036852 ], [ 106.92892795279279, 12.366200472379083 ], [ 106.929019035432262, 12.366516144651024 ], [ 106.929052555162997, 12.366632315100953 ], [ 106.929366391414092, 12.366876428088611 ], [ 106.93079258818841, 12.366795100329362 ], [ 106.931412552335374, 12.366708284835383 ], [ 106.931954281605954, 12.366137210366031 ], [ 106.93277311252794, 12.366062535528103 ], [ 106.933298361592747, 12.366147994604482 ], [ 106.933652390492398, 12.365609968967627 ], [ 106.934377480702494, 12.365592434324391 ], [ 106.935310571474673, 12.36581849070186 ], [ 106.936021543444838, 12.366076667130809 ], [ 106.936495203321229, 12.366805439872714 ], [ 106.936911582655441, 12.367394462263096 ], [ 106.937223288369026, 12.367904074727772 ], [ 106.937631294901109, 12.368055965035825 ], [ 106.938226504607584, 12.368118323871883 ], [ 106.93859060163048, 12.367857011753337 ], [ 106.939081723961266, 12.36783769743257 ], [ 106.939499014011844, 12.368312666143147 ], [ 106.939778562028053, 12.368429322520473 ], [ 106.940526642256458, 12.368423986355866 ], [ 106.941192150981152, 12.368509603386309 ], [ 106.941648536982242, 12.368375316108198 ], [ 106.942025575139255, 12.36799860099678 ], [ 106.94249462496667, 12.367782892779484 ], [ 106.94288131630708, 12.367625334947199 ], [ 106.943253974813786, 12.367743581248943 ], [ 106.943493829317021, 12.368155738152444 ], [ 106.943642813736631, 12.368411747042527 ], [ 106.943704413100775, 12.36851759648698 ], [ 106.944039525433325, 12.36899197004232 ], [ 106.944833156872733, 12.369159165210275 ], [ 106.945550151077455, 12.368600459088224 ], [ 106.94576190305429, 12.368406917650383 ], [ 106.946340062641497, 12.368341019082219 ], [ 106.946428490499869, 12.368330940284237 ], [ 106.946601452448817, 12.368836052081903 ], [ 106.946645767172996, 12.36896546721014 ], [ 106.946934246498628, 12.369427698970961 ], [ 106.947399985683077, 12.369696725838429 ], [ 106.948151381118791, 12.369207799988951 ], [ 106.948772948322372, 12.368877941515839 ], [ 106.949406202098729, 12.36864179727425 ], [ 106.949567412957151, 12.368468796352099 ], [ 106.951562562359356, 12.366327716427413 ], [ 106.951558543789076, 12.36630382435661 ], [ 106.951546303426383, 12.366231052211781 ], [ 106.951385194200526, 12.365504587148255 ], [ 106.951305326708095, 12.365274638634986 ], [ 106.951107658906693, 12.364892999136371 ], [ 106.950909672412095, 12.364549856042919 ], [ 106.950829271259039, 12.364166200301902 ], [ 106.95083131207771, 12.364148945908939 ], [ 106.950865509132868, 12.363859783338846 ], [ 106.950979580057037, 12.363437502381604 ], [ 106.951015285142404, 12.362977377544302 ], [ 106.951013706349229, 12.362967062543083 ], [ 106.950974173544267, 12.362708745977637 ], [ 106.950893176151595, 12.362326268500135 ], [ 106.950773138653389, 12.36194416120858 ], [ 106.950772931100204, 12.361916179037777 ], [ 106.950768303052683, 12.361292211228495 ], [ 106.950880664643691, 12.360639511511092 ], [ 106.950994488418942, 12.36025563731868 ], [ 106.951186752828846, 12.359909606564475 ], [ 106.951533012450398, 12.35933203964276 ], [ 106.951725561192333, 12.359024501901573 ], [ 106.951879307563814, 12.358677662481581 ], [ 106.951992844473295, 12.358255385340568 ], [ 106.952078849940989, 12.357974365404036 ], [ 106.95196538513315, 12.357548113229976 ], [ 106.95199200836727, 12.357110736224575 ], [ 106.95224314462628, 12.356341825871153 ], [ 106.952317750144772, 12.355709728687607 ], [ 106.952235595240282, 12.355604330453334 ], [ 106.951912257678885, 12.35518951241094 ], [ 106.951540860758783, 12.354922162884662 ], [ 106.951513910995118, 12.354707581164897 ], [ 106.951474233419901, 12.354391654967518 ], [ 106.951387699608844, 12.3542183229006 ], [ 106.951163429203163, 12.353769097596945 ], [ 106.951149416213084, 12.353727764357487 ], [ 106.951014778393002, 12.353330626332864 ], [ 106.95111341310826, 12.352605732674245 ], [ 106.951447542601045, 12.351711975416789 ], [ 106.951405033873471, 12.351101050036055 ], [ 106.951340407254975, 12.351029877748438 ], [ 106.95083730464502, 12.350475813996937 ], [ 106.950429662666679, 12.350277670542994 ], [ 106.950032284301543, 12.350308710205841 ], [ 106.949542878847495, 12.350602380678195 ], [ 106.949445341205163, 12.350660908140325 ], [ 106.949126760959132, 12.351095948220003 ], [ 106.948339681992536, 12.351652899240015 ], [ 106.947592907027584, 12.351520343124406 ], [ 106.946592343748009, 12.350949067189992 ], [ 106.946375005319723, 12.350303242509098 ], [ 106.946637149101676, 12.349626881387177 ], [ 106.946610573213306, 12.348441928387148 ], [ 106.946265922584843, 12.347668241212739 ], [ 106.946610610831712, 12.346888455474993 ], [ 106.946968256215499, 12.345913205930081 ], [ 106.947431135015293, 12.344950668609359 ], [ 106.94799798539043, 12.344137665232278 ], [ 106.947069013023693, 12.343371589575105 ], [ 106.946148512752202, 12.343053843126638 ], [ 106.946294620408878, 12.342226949246585 ], [ 106.946819646074715, 12.34228871400445 ], [ 106.947368413281652, 12.342372899513073 ], [ 106.947380063121827, 12.342133799774086 ], [ 106.947256323746018, 12.342058505691515 ], [ 106.94689782055886, 12.341665627526927 ], [ 106.946701990766698, 12.34127313696071 ], [ 106.94672165118007, 12.341284973304894 ], [ 106.94665554765443, 12.341152485310584 ], [ 106.946425345357127, 12.340713506913016 ], [ 106.946138321625568, 12.340124656160027 ], [ 106.945792886007894, 12.339478659036397 ], [ 106.945757373811617, 12.339426673314556 ], [ 106.945717326422439, 12.33936804871788 ], [ 106.949441049326097, 12.338415560553702 ], [ 106.953347397116048, 12.334728530313457 ], [ 106.953522160544466, 12.333557500338681 ], [ 106.953508167198294, 12.332906790693889 ], [ 106.953640686329607, 12.332182829526158 ], [ 106.953138729825284, 12.331436212418913 ], [ 106.953034670974105, 12.331039259571606 ], [ 106.95307083000553, 12.330957671653254 ], [ 106.953189108388642, 12.33071591165071 ], [ 106.953643927439629, 12.329653302434375 ], [ 106.953382548481002, 12.328361505965308 ], [ 106.952663045258006, 12.328023177911934 ], [ 106.952587892687262, 12.327987840692165 ], [ 106.952314419987815, 12.327723672013288 ], [ 106.951666670326787, 12.326510090912866 ], [ 106.951539149950463, 12.326271173349205 ], [ 106.952252127420678, 12.322637618608711 ], [ 106.952482528595098, 12.321463406181481 ], [ 106.952630759359948, 12.320854728624363 ], [ 106.952631046649188, 12.32085442197616 ], [ 106.952646627879403, 12.320837807356215 ], [ 106.953483970652783, 12.319946598552539 ], [ 106.953897846529671, 12.31974429001467 ], [ 106.954272900365808, 12.318250217275587 ], [ 106.95551874603045, 12.317671906469796 ], [ 106.95678855693005, 12.31660535599538 ], [ 106.957512107450256, 12.316256691866416 ], [ 106.957736617492515, 12.315541107830679 ], [ 106.958367498503605, 12.315084668749487 ], [ 106.958718440819851, 12.314400708509403 ], [ 106.958921726270816, 12.314196290816277 ], [ 106.959506161850157, 12.313538668569098 ], [ 106.959670472037416, 12.312300572662684 ], [ 106.959710453882835, 12.311692761865714 ], [ 106.960076308877703, 12.311323797593497 ], [ 106.960406798279053, 12.310877372407786 ], [ 106.960853591862858, 12.310466348709319 ], [ 106.960931200328645, 12.310404342705647 ], [ 106.961033293202533, 12.31014869080521 ], [ 106.961386693051466, 12.308541633180146 ], [ 106.962268041847153, 12.30784907408659 ], [ 106.962383542342749, 12.306602834732661 ], [ 106.962584908357741, 12.305671714841912 ], [ 106.964235772819507, 12.304458724336117 ], [ 106.964266375211423, 12.304435913110137 ], [ 106.964980744581112, 12.304336346627791 ], [ 106.965581104578533, 12.304214465610679 ], [ 106.967423843948936, 12.304273047332261 ], [ 106.969623379384274, 12.304296333186119 ], [ 106.97016643577399, 12.303757460529571 ], [ 106.972263516408319, 12.30212842769485 ], [ 106.973794812957891, 12.301345573162418 ], [ 106.974851556460735, 12.300571380050931 ], [ 106.97496153301995, 12.300490703542959 ], [ 106.976009180161228, 12.299402828982338 ], [ 106.977096781686384, 12.298581507504238 ], [ 106.977796300305059, 12.297482860649463 ], [ 106.978079957677863, 12.297333873937156 ], [ 106.978447158528851, 12.297141007387738 ], [ 106.979279452987711, 12.296703853609278 ], [ 106.979536214573727, 12.296620667148854 ], [ 106.979773341025975, 12.296374877136847 ], [ 106.980441095853948, 12.295945331380565 ], [ 106.980981488010059, 12.295693549163554 ], [ 106.981332678216248, 12.295690824417102 ], [ 106.981499825789058, 12.295755488701406 ], [ 106.982634423736442, 12.29549560257083 ], [ 106.983633320772441, 12.295099703771513 ], [ 106.983939763609797, 12.29479982227654 ], [ 106.984584721169796, 12.294505346914379 ], [ 106.985713186286006, 12.293005791001882 ], [ 106.986223460962847, 12.292035012909224 ], [ 106.986488404079267, 12.291700008142577 ], [ 106.987132460710797, 12.29093374519382 ], [ 106.987348825043867, 12.290508457472908 ], [ 106.98725783686956, 12.289695663351587 ], [ 106.987173468804443, 12.289219155737506 ], [ 106.989217088971614, 12.287656466321 ], [ 106.989903938137388, 12.286838471649355 ], [ 106.990645059042009, 12.286163305903766 ], [ 106.990740885277475, 12.286086793752686 ], [ 106.991741080954611, 12.285487455232708 ], [ 106.992621443422593, 12.285218902775297 ], [ 106.993645789682304, 12.284738028667546 ], [ 106.993660666770097, 12.284731053093653 ], [ 106.994249352848016, 12.285140448846809 ], [ 106.995857251175352, 12.286207577500615 ], [ 106.997984171759398, 12.288271408291886 ], [ 106.998701492467006, 12.288310808534614 ], [ 106.998895989084588, 12.287521782624117 ], [ 106.999507160118313, 12.287153967562814 ], [ 106.99954456422897, 12.286768205070492 ], [ 106.999457999317755, 12.285913368519765 ], [ 107.000053023071928, 12.284642761657979 ], [ 107.000377397118953, 12.284212793450184 ], [ 107.000551876158283, 12.283914585116023 ], [ 107.00090577436292, 12.283530755628577 ], [ 107.00190069179331, 12.28193761002532 ], [ 107.002040837724422, 12.28154919841789 ], [ 107.002562467018066, 12.280747657758818 ], [ 107.00262169037758, 12.28062207248191 ], [ 107.003221761269231, 12.279891615368211 ], [ 107.003574578578508, 12.279526317080995 ], [ 107.003752164414408, 12.279469353541421 ], [ 107.004370001621766, 12.275819769168217 ], [ 107.004283038032355, 12.275023223405466 ], [ 107.004632961435746, 12.274186160507238 ], [ 107.005339201051228, 12.273357694059982 ], [ 107.00544455382348, 12.273339663643364 ], [ 107.006932888419897, 12.270243232930733 ], [ 107.007521470487418, 12.269691141395478 ], [ 107.007769180140073, 12.269148233831322 ], [ 107.007799457009469, 12.267973023825064 ], [ 107.00891418026842, 12.266821222762243 ], [ 107.009997341334227, 12.265325729675286 ], [ 107.009459821315374, 12.264164352070624 ], [ 107.009506928129184, 12.263520713974957 ], [ 107.009751285567319, 12.263176447651555 ], [ 107.010100908863933, 12.262623575213901 ], [ 107.009955506231776, 12.262175989791714 ], [ 107.009324974536341, 12.261489425200917 ], [ 107.009161752374112, 12.261410199076707 ], [ 107.008605373128859, 12.2611587284682 ], [ 107.008581267743779, 12.261147790853359 ], [ 107.008238610515789, 12.260769420235651 ], [ 107.006475331955528, 12.257876886882205 ], [ 107.006297018421563, 12.257254686043048 ], [ 107.006263238860882, 12.257136738627931 ], [ 107.006145258371802, 12.255984930151879 ], [ 107.006062394092496, 12.25508759927893 ], [ 107.004909967633395, 12.252900380480568 ], [ 107.00448703354796, 12.252114600579789 ], [ 107.004108716666778, 12.251025325100183 ], [ 107.004049322792426, 12.25024438851052 ], [ 107.004960407073852, 12.249395368267272 ], [ 107.00543588219341, 12.248299494764199 ], [ 107.006389051188322, 12.246633463343853 ], [ 107.003642403451764, 12.244178565558682 ], [ 107.002815599805899, 12.242757581520438 ], [ 107.002674565776204, 12.242413421695677 ], [ 107.002561050696784, 12.241980415603447 ], [ 107.002099540981376, 12.241712690632744 ], [ 107.001729735466796, 12.241417096855839 ], [ 107.00111233971144, 12.241186651587476 ], [ 107.000577560128448, 12.241190728500481 ], [ 107.001447142402014, 12.240497269840953 ], [ 107.002417068400916, 12.239947929586938 ], [ 107.003200095925223, 12.239021598362877 ], [ 107.003195338754665, 12.238812803480362 ], [ 107.003114810393328, 12.238292446989966 ], [ 107.003543835941642, 12.23777000044562 ], [ 107.003328515017714, 12.236225183610149 ], [ 107.003064634368116, 12.236129063388784 ], [ 107.00284039895709, 12.235361434985961 ], [ 107.002872693469598, 12.235232702985183 ], [ 107.003446780774169, 12.233921051491357 ], [ 107.003873339919252, 12.233212926128154 ], [ 107.003918233267385, 12.233077054265499 ], [ 107.004174038772362, 12.232876299398786 ], [ 107.004733191842021, 12.232700530161544 ], [ 107.005470606820268, 12.23182820584544 ], [ 107.006045690887589, 12.231193364099736 ], [ 107.005758748503951, 12.229877511171464 ], [ 107.005066745386472, 12.229787858944853 ], [ 107.004400588461991, 12.229639009855482 ], [ 107.00448068425446, 12.22868491183827 ], [ 107.004363149168199, 12.22801924916357 ], [ 107.004349718374201, 12.228006515599615 ], [ 107.004567349075245, 12.227757875909329 ], [ 107.00480283100741, 12.227304252275198 ], [ 107.004839268016454, 12.226127004904665 ], [ 107.005598656483386, 12.225608383697761 ], [ 107.006263471500034, 12.224817192934086 ], [ 107.006396672273354, 12.22462618742102 ], [ 107.006832870601016, 12.223199603849249 ], [ 107.006066559375171, 12.221361423122339 ], [ 107.006041503636425, 12.220580506072189 ], [ 107.006189318017533, 12.219855799237235 ], [ 107.006766989397661, 12.219697967638018 ], [ 107.007322910321335, 12.219097334414196 ], [ 107.007320740644346, 12.218809634033427 ], [ 107.007350921309126, 12.218712543739409 ], [ 107.008108139016002, 12.218431861779484 ], [ 107.008693199914063, 12.218038939284455 ], [ 107.008993741357671, 12.217684237974144 ], [ 107.009247415153325, 12.217203370831685 ], [ 107.009858684745069, 12.216629528305713 ], [ 107.010222179365357, 12.216093640399199 ], [ 107.010061114557104, 12.21545314931956 ], [ 107.010113335292871, 12.215064116723749 ], [ 107.01012778785686, 12.214539814926686 ], [ 107.009600502555926, 12.214073686677596 ], [ 107.009442546200219, 12.213754322847876 ], [ 107.009482143264108, 12.213620025072515 ], [ 107.009641919181078, 12.213467771283062 ], [ 107.009934167571402, 12.213239729506682 ], [ 107.009949643921829, 12.212850964353402 ], [ 107.010004993952137, 12.21279616133052 ], [ 107.010587988546163, 12.212462620882869 ], [ 107.011248180012302, 12.212238666787794 ], [ 107.011418228445109, 12.211430301844604 ], [ 107.011690783657798, 12.211163455478076 ], [ 107.011966157187828, 12.211029061231082 ], [ 107.012273253377643, 12.210209663941971 ], [ 107.012495954651698, 12.210013032723699 ], [ 107.012770163059102, 12.209784849546915 ], [ 107.013020710985799, 12.209493494501514 ], [ 107.013471522657682, 12.208994467024635 ], [ 107.013765866217, 12.20807250987605 ], [ 107.013839249549022, 12.207486963801536 ], [ 107.013892538874515, 12.206929305436519 ], [ 107.014505822138062, 12.206696111267854 ], [ 107.014724447934867, 12.20637191564272 ], [ 107.014826215493642, 12.206097913195221 ], [ 107.014736008028464, 12.205806702674648 ], [ 107.015179488994079, 12.205922193817234 ], [ 107.015522126299743, 12.205887064905932 ], [ 107.017085411895991, 12.205666249668361 ], [ 107.018631342893983, 12.205215216939145 ], [ 107.019454179077172, 12.204912522932565 ], [ 107.019787399503144, 12.204234979045257 ], [ 107.020003425352812, 12.203996563866882 ], [ 107.020197570809017, 12.203725432067465 ], [ 107.020338131873302, 12.203499485172696 ], [ 107.020341106504247, 12.203494703888852 ], [ 107.020492037226958, 12.203252087836603 ], [ 107.020634473403661, 12.202273319354212 ], [ 107.020216767427257, 12.201549325699427 ], [ 107.019688273906425, 12.201051777793751 ], [ 107.01914296884263, 12.200805109584303 ], [ 107.018580092284836, 12.200708931432972 ], [ 107.018202664977423, 12.200360728691662 ], [ 107.018202285328783, 12.200310579883789 ], [ 107.018047428957331, 12.199659927928444 ], [ 107.018042685165838, 12.199033206451546 ], [ 107.017849267691403, 12.198232381767635 ], [ 107.017714718289767, 12.197782095681113 ], [ 107.017655396969374, 12.19738140934108 ], [ 107.017426000894872, 12.196781453832436 ], [ 107.016858392393758, 12.19605854954731 ], [ 107.01685801313576, 12.196008400682127 ], [ 107.016543482235306, 12.195460573417872 ], [ 107.016032279770911, 12.194762284071025 ], [ 107.015502292286641, 12.194064221087269 ], [ 107.015047116621062, 12.193340489152529 ], [ 107.014911062001161, 12.192689695937368 ], [ 107.015186999088698, 12.192010769622673 ], [ 107.015260595563461, 12.191834746308901 ], [ 107.015501003120093, 12.191406837191959 ], [ 107.015983634054194, 12.190801582109131 ], [ 107.016428955240599, 12.190221719932001 ], [ 107.016799353295823, 12.189642405350812 ], [ 107.016777230765712, 12.189191294380658 ], [ 107.016340584291797, 12.188442397913819 ], [ 107.015960907090687, 12.187793385458741 ], [ 107.015657666867426, 12.187344329929495 ], [ 107.015259661000087, 12.186745602557663 ], [ 107.014992027321341, 12.186045528002653 ], [ 107.01470530672465, 12.1852955310148 ], [ 107.014849735487132, 12.184567505876556 ], [ 107.015489754628547, 12.183868480539104 ], [ 107.016497413383021, 12.183309540584494 ], [ 107.016553621396213, 12.18330912969858 ], [ 107.017865195632695, 12.183299538715689 ], [ 107.018024255339611, 12.18332148202478 ], [ 107.018727974931792, 12.183418559607377 ], [ 107.019891986635471, 12.183710946502961 ], [ 107.020850561018477, 12.184105045985126 ], [ 107.021940340798551, 12.184498179934582 ], [ 107.022991371187203, 12.184716108666468 ], [ 107.024414222243308, 12.184555215826462 ], [ 107.025514348368148, 12.183845203656876 ], [ 107.026390778009954, 12.183287194211086 ], [ 107.027024044638438, 12.182781211119483 ], [ 107.027882899481412, 12.182373780234817 ], [ 107.028633336477412, 12.182493595656581 ], [ 107.029406295419847, 12.18311466342611 ], [ 107.029898027761647, 12.183712676808563 ], [ 107.030697705129057, 12.18430986900543 ], [ 107.030773081088611, 12.184359464450681 ], [ 107.031599395852211, 12.184604044579716 ], [ 107.032257088398197, 12.184849863559082 ], [ 107.032969272119047, 12.184869736489109 ], [ 107.033043999073854, 12.184844064442762 ], [ 107.03310001620568, 12.1848186215749 ], [ 107.033734224836479, 12.184437859503406 ], [ 107.034328068399333, 12.183681396985861 ], [ 107.035070101383198, 12.182698206784995 ], [ 107.035241542904316, 12.182500314996302 ], [ 107.035529515021068, 12.181202038406818 ], [ 107.035785075094751, 12.180322737666785 ], [ 107.0360583495371, 12.179292854549164 ], [ 107.03597725380132, 12.178472965641008 ], [ 107.03595860258109, 12.178262198884783 ], [ 107.035680598892853, 12.178035452780877 ], [ 107.035324008190699, 12.177844437570307 ], [ 107.034770089771456, 12.177654967181665 ], [ 107.03441302191456, 12.177411181894808 ], [ 107.034240581418501, 12.177218897858705 ], [ 107.034253359515176, 12.17716594195581 ], [ 107.034343116854686, 12.176866091250069 ], [ 107.034656829280166, 12.176599741284408 ], [ 107.035140570360554, 12.176208973276378 ], [ 107.035533405364504, 12.175977279339472 ], [ 107.035952599856373, 12.175745391412603 ], [ 107.036265699004701, 12.175408742204409 ], [ 107.036408768843032, 12.175196420838093 ], [ 107.036432983770553, 12.174914673963283 ], [ 107.036392713321462, 12.17480933811815 ], [ 107.036191498211636, 12.174300458122717 ], [ 107.036166502792597, 12.174062266989798 ], [ 107.035930039355208, 12.173679521176981 ], [ 107.03557276002752, 12.17350667330329 ], [ 107.035401278526976, 12.173131850339765 ], [ 107.035078938920321, 12.172632898198927 ], [ 107.035078556994918, 12.17258274981647 ], [ 107.034960800093444, 12.17188159588132 ], [ 107.035123306938615, 12.171078163253705 ], [ 107.035438581643191, 12.170649691993026 ], [ 107.035901243330684, 12.17047649065665 ], [ 107.036803208567207, 12.169699503620336 ], [ 107.037227359593487, 12.168956401119674 ], [ 107.037273814187003, 12.168004727587746 ], [ 107.037243374558201, 12.167529196303779 ], [ 107.03688814177697, 12.166738980789404 ], [ 107.036264314146308, 12.165950834103722 ], [ 107.035345608188393, 12.165244016165925 ], [ 107.035021296102911, 12.164982095970656 ], [ 107.034774286213448, 12.164296802351439 ], [ 107.035040342728053, 12.163951285583686 ], [ 107.035457200132313, 12.163623454084437 ], [ 107.036948426274293, 12.161606064692457 ], [ 107.03765837387887, 12.159531089909553 ], [ 107.037465923795196, 12.158420694496375 ], [ 107.037484420823588, 12.158402666435544 ], [ 107.037730634177862, 12.158357025804957 ], [ 107.037999702541299, 12.15731425231648 ], [ 107.039929781054838, 12.156233563640113 ], [ 107.040278325122145, 12.156167738686527 ], [ 107.040175974044104, 12.155996805945177 ], [ 107.040675530960499, 12.155251970796479 ], [ 107.040092518843082, 12.152282735458257 ], [ 107.038834781439675, 12.149960221372787 ], [ 107.037464357906501, 12.148533293467429 ], [ 107.035766610658939, 12.148744681214939 ], [ 107.034893716156475, 12.14629271109562 ], [ 107.034492205906346, 12.145437042030718 ], [ 107.0344551278978, 12.145392133419733 ], [ 107.034342247981385, 12.145040460954172 ], [ 107.033510570846587, 12.14318475029356 ], [ 107.034143966718702, 12.140703717272396 ], [ 107.034446634144189, 12.139436149906071 ], [ 107.036164205014458, 12.138212485571385 ], [ 107.037104176314315, 12.136190042451581 ], [ 107.037129410219606, 12.13588262532574 ], [ 107.037268510622113, 12.134851202294374 ], [ 107.037297650367876, 12.132645700027998 ], [ 107.037180929609235, 12.130741326599507 ], [ 107.03718090279483, 12.130741303297773 ], [ 107.036397407340758, 12.129162050251265 ], [ 107.035726056778145, 12.128295945820376 ], [ 107.03504304990463, 12.127406200644213 ], [ 107.034695396498932, 12.126756434949998 ], [ 107.03322512969855, 12.126278223244768 ], [ 107.03003143605514, 12.125502531543813 ], [ 107.028994897528136, 12.124675238027844 ], [ 107.02855056416756, 12.122389723983449 ], [ 107.028483317141237, 12.121136686903435 ], [ 107.027591611931101, 12.120224836059066 ], [ 107.026863416066746, 12.120098964220192 ], [ 107.026175000362585, 12.120426022389271 ], [ 107.025138421172755, 12.121578947222648 ], [ 107.023845276053919, 12.123305505998289 ], [ 107.023874852412604, 12.125186674004473 ], [ 107.023976844383427, 12.12628628302758 ], [ 107.023337700536956, 12.126720320168879 ], [ 107.022499054500074, 12.126416340493188 ], [ 107.021548091427064, 12.12568380711204 ], [ 107.019982139314422, 12.123763054091775 ], [ 107.020011858529884, 12.122880241480029 ], [ 107.022200855582312, 12.120622012640906 ], [ 107.022036560376236, 12.119748481913966 ], [ 107.021535052493164, 12.119124069964389 ], [ 107.020612489588672, 12.11890809039388 ], [ 107.01899961989217, 12.118832440440341 ], [ 107.01795419660715, 12.117339306762851 ], [ 107.017252020933512, 12.116924911700062 ], [ 107.016578135641936, 12.117573870856249 ], [ 107.016593282631788, 12.118572735035563 ], [ 107.016766806773262, 12.120101023532303 ], [ 107.016529329911165, 12.12075873505851 ], [ 107.01573136721197, 12.121026931572533 ], [ 107.014175146599129, 12.120394182673108 ], [ 107.012238647654115, 12.119155904369592 ], [ 107.009876603101915, 12.116119710831656 ], [ 107.008702464519857, 12.114708896164904 ], [ 107.007839983899132, 12.114452744487526 ], [ 107.005862158297091, 12.11497301576771 ], [ 107.005932840132047, 12.115233203969035 ], [ 107.005496670084469, 12.115479260111909 ], [ 107.004965964103874, 12.115442425678802 ], [ 107.00414844879657, 12.115127476120691 ], [ 107.003902268843021, 12.114908948176135 ], [ 107.00375694186863, 12.114589139988384 ], [ 107.003917117059999, 12.11420611718146 ], [ 107.00440199757999, 12.113641113837559 ], [ 107.005274341889944, 12.113073307962969 ], [ 107.006044026604187, 12.112365020993945 ], [ 107.006794400486925, 12.111838766397033 ], [ 107.007466248514433, 12.111713018773115 ], [ 107.008383684586178, 12.111726714589949 ], [ 107.009016879622095, 12.111882558437109 ], [ 107.009650227319142, 12.112058735584789 ], [ 107.01040778672602, 12.112493860158478 ], [ 107.010526305507256, 12.112529153905948 ], [ 107.010561945505785, 12.112535674216602 ], [ 107.010571189028383, 12.112543515640247 ], [ 107.011286498079656, 12.112778972578878 ], [ 107.011857676167779, 12.112855045011161 ], [ 107.012408458014463, 12.112890591430125 ], [ 107.012816137745119, 12.112827756070272 ], [ 107.013100071816638, 12.112644931619597 ], [ 107.013505427492277, 12.112118904158867 ], [ 107.012927679701235, 12.109203759724199 ], [ 107.012497505418665, 12.108407768448522 ], [ 107.011213248503807, 12.108208431063195 ], [ 107.010775951848458, 12.108071507448647 ], [ 107.010292735445717, 12.108011740531408 ], [ 107.009722168679446, 12.108015873810666 ], [ 107.008270307427978, 12.107463755217685 ], [ 107.007715289129465, 12.107397724547372 ], [ 107.005748290809791, 12.107122723814767 ], [ 107.005009525121778, 12.107587882098649 ], [ 107.004340827460425, 12.108135007454161 ], [ 107.00407190819061, 12.108330142281366 ], [ 107.002442869892079, 12.108883067115606 ], [ 107.002220031716945, 12.108560427306363 ], [ 107.00212150324451, 12.107047230817138 ], [ 107.002168976847187, 12.106715862428864 ], [ 107.002181418715452, 12.105611975606264 ], [ 107.002238535940663, 12.105111070480143 ], [ 107.002683672886661, 12.104606235960617 ], [ 107.00331280831297, 12.104219830594891 ], [ 107.004289422494807, 12.104012809639116 ], [ 107.005369370356945, 12.103884123438153 ], [ 107.007367502685071, 12.10394989645248 ], [ 107.008163822171156, 12.103737387663998 ], [ 107.00873817023232, 12.103270584239628 ], [ 107.00876748978348, 12.102328133368728 ], [ 107.007353355499873, 12.101229142443069 ], [ 107.006283734736201, 12.100819423993874 ], [ 107.003545502798161, 12.100885984438639 ], [ 107.003549057426497, 12.101027623332921 ], [ 107.003044990137951, 12.101172483322514 ], [ 107.002170285962904, 12.101419435676032 ], [ 107.001419035230569, 12.101825924511106 ], [ 107.000891022637674, 12.102070373544992 ], [ 106.999914147679576, 12.102319185720479 ], [ 106.999425837137522, 12.102422124275394 ], [ 106.999120044008947, 12.1024446618911 ], [ 106.998833874174423, 12.102326965624911 ], [ 106.99860734865922, 12.102047280540184 ], [ 106.998645717458714, 12.101726144831561 ], [ 106.999049061875041, 12.101081523601778 ], [ 106.999822640566364, 12.100975402387078 ], [ 107.00043333017652, 12.10081057439308 ], [ 107.001539280361371, 12.100078398477409 ], [ 107.00263646055221, 12.099307153882423 ], [ 107.00257653830046, 12.098197419497893 ], [ 107.001911526028678, 12.096354454545798 ], [ 107.000880207647086, 12.094572816267 ], [ 107.000166482741818, 12.094261118611257 ], [ 106.997397948824414, 12.095683243260259 ], [ 106.995872310292242, 12.095592109240807 ], [ 106.995058853292988, 12.095306214891403 ], [ 106.994117168499145, 12.094560601781184 ], [ 106.993176968546507, 12.094014583981338 ], [ 106.993028933719756, 12.092986888536233 ], [ 106.990374714260781, 12.092744885791609 ], [ 106.965264128883192, 12.083224269665761 ], [ 106.965692064859212, 12.082156860589228 ], [ 106.965092829520657, 12.08128587014888 ], [ 106.964568917661154, 12.080045829852649 ], [ 106.963598004576838, 12.078945334602263 ], [ 106.963003417471782, 12.078368497472752 ], [ 106.962432055726296, 12.077988008183317 ], [ 106.961905726508732, 12.077303563354695 ], [ 106.960801100045259, 12.07674232417993 ], [ 106.959522107972077, 12.076642874880955 ], [ 106.958314832984357, 12.076302265860541 ], [ 106.957063004655268, 12.075674994279336 ], [ 106.955774791691326, 12.075253596017033 ], [ 106.954671353205484, 12.075062503702078 ], [ 106.953870260433206, 12.074851207272959 ], [ 106.952788739017834, 12.074832813770033 ], [ 106.951441743255486, 12.074456999023361 ], [ 106.949679537797735, 12.07365363003959 ], [ 106.948558233230543, 12.072577995745251 ], [ 106.94766941850763, 12.07158433574347 ], [ 106.947049156085981, 12.070500668114271 ], [ 106.946647448695543, 12.069636912268221 ], [ 106.946222950295166, 12.06879591206661 ], [ 106.945901624555404, 12.068173372578265 ], [ 106.945394565981971, 12.067503548412549 ], [ 106.944919038796172, 12.067305763609282 ], [ 106.944197360401404, 12.067358255860874 ], [ 106.943055705350687, 12.06767353525656 ], [ 106.941913463932593, 12.067987683712033 ], [ 106.940887588168806, 12.068360896994141 ], [ 106.940246442224208, 12.068598107885917 ], [ 106.939431126219901, 12.068720159435513 ], [ 106.93848006527223, 12.068323438999622 ], [ 106.937356468525863, 12.067718900185977 ], [ 106.935848461758567, 12.067054887535356 ], [ 106.934139903057812, 12.06691762560521 ], [ 106.932794269105955, 12.066403863164787 ], [ 106.931981812306788, 12.066203874381742 ], [ 106.930660944278529, 12.065460575219136 ], [ 106.929319082751931, 12.064349091592463 ], [ 106.928160258606994, 12.063709729389394 ], [ 106.926989060207006, 12.063265906103018 ], [ 106.925940782442581, 12.06347765474651 ], [ 106.924751632135226, 12.06389600118813 ], [ 106.923865457208066, 12.064222994709336 ], [ 106.922644161485579, 12.064239337188528 ], [ 106.921020326351751, 12.063585075183045 ], [ 106.919570179324211, 12.063059535378839 ], [ 106.918132004964306, 12.062441259024389 ], [ 106.917342766323586, 12.062194740836789 ], [ 106.916379781906741, 12.061890664382693 ], [ 106.915459824989412, 12.06206872643603 ], [ 106.914851124886908, 12.062593763688707 ], [ 106.914636334875453, 12.063384991363705 ], [ 106.914613854646959, 12.063462538969651 ], [ 106.914610579744618, 12.063676648690276 ], [ 106.914554107313691, 12.064229659950126 ], [ 106.914503324892323, 12.06451472842407 ], [ 106.914425607841764, 12.064644064408423 ], [ 106.914295279630025, 12.064800878253331 ], [ 106.914085007246982, 12.064854296543988 ], [ 106.913696124839944, 12.064976287181768 ], [ 106.913482810380017, 12.065245970813759 ], [ 106.913536720337163, 12.065401518048686 ], [ 106.913617556622981, 12.065711668099858 ], [ 106.913592458249028, 12.065814655956896 ], [ 106.913513990118688, 12.065919140500247 ], [ 106.913435727122362, 12.065971651028866 ], [ 106.913198682954871, 12.065973280215454 ], [ 106.912882270558399, 12.065871508462877 ], [ 106.912779832068964, 12.065872212330305 ], [ 106.912589498840703, 12.066013135649099 ], [ 106.912569720610719, 12.066314293297562 ], [ 106.912439750182571, 12.066521946847216 ], [ 106.912178352444826, 12.06673163303803 ], [ 106.911575051090722, 12.066968523642306 ], [ 106.911338190895265, 12.06699613552548 ], [ 106.911127201589395, 12.066867652543928 ], [ 106.911078924266491, 12.066809196139006 ], [ 106.910180539108026, 12.066926122048642 ], [ 106.909813162523079, 12.067084560866688 ], [ 106.909577786992614, 12.067240962997619 ], [ 106.909080620779619, 12.067633038654261 ], [ 106.908765677906445, 12.067739143967231 ], [ 106.908215587852737, 12.067871716747996 ], [ 106.9075591151514, 12.068058120199646 ], [ 106.907324105833325, 12.068266491869743 ], [ 106.907139864183179, 12.068267754343793 ], [ 106.906981657157118, 12.068216865561554 ], [ 106.906849676614485, 12.06814094046762 ], [ 106.906638664327687, 12.06809041232072 ], [ 106.906402008498006, 12.06806604693366 ], [ 106.906140052725917, 12.068197772958888 ], [ 106.9060086154809, 12.068198673050835 ], [ 106.905824006364568, 12.068147963464058 ], [ 106.905665064884829, 12.067993133315198 ], [ 106.905503935830922, 12.067528740877817 ], [ 106.905456606558943, 12.067482927483244 ], [ 106.904750180140582, 12.067282439913068 ], [ 106.904555990896498, 12.067406424533898 ], [ 106.90434588995106, 12.06748469141902 ], [ 106.904003808342495, 12.067487031553059 ], [ 106.90382014082202, 12.067488286920467 ], [ 106.903345530303255, 12.067336743904136 ], [ 106.903212785635318, 12.067233705813955 ], [ 106.903131830322465, 12.067160972141728 ], [ 106.901551100340299, 12.066340052858747 ], [ 106.901155874212506, 12.066212819067497 ], [ 106.900864774999889, 12.065956072079443 ], [ 106.900526140940826, 12.065780092497171 ], [ 106.899610877510881, 12.06576618920168 ], [ 106.899627743149409, 12.065861698063387 ], [ 106.899617608999947, 12.06597136239999 ], [ 106.899538768714791, 12.066023873345529 ], [ 106.898943400024251, 12.065840379542621 ], [ 106.898654490503645, 12.065894323098322 ], [ 106.898470790404318, 12.06597240556499 ], [ 106.898313499369038, 12.066051437690181 ], [ 106.898065255635117, 12.06609094954346 ], [ 106.897512197283319, 12.066125705703501 ], [ 106.897261979190503, 12.066136564706834 ], [ 106.897023615508644, 12.066112046230023 ], [ 106.895538725984508, 12.067091524046734 ], [ 106.895352410454862, 12.06729297859196 ], [ 106.8952683253071, 12.067376522766782 ], [ 106.894114988135158, 12.067607861239127 ], [ 106.893803714494538, 12.067692186236052 ], [ 106.893646778745961, 12.067822056915196 ], [ 106.893411008508352, 12.068005566791706 ], [ 106.893178167184715, 12.068524622323416 ], [ 106.893102618860226, 12.068964648211242 ], [ 106.892999920260067, 12.069380002953075 ], [ 106.89281733703578, 12.069536033463329 ], [ 106.892581016597205, 12.069641586918458 ], [ 106.892370943801509, 12.069643015402157 ], [ 106.892213649385639, 12.06972204464093 ], [ 106.892038530083269, 12.069796675579608 ], [ 106.891762450550544, 12.069798551453061 ], [ 106.891618261081064, 12.069863933089824 ], [ 106.891540174168171, 12.069942423609705 ], [ 106.891461965095033, 12.070085316499901 ], [ 106.891410185609246, 12.070150069973542 ], [ 106.891253437487464, 12.070307054821455 ], [ 106.891056529415252, 12.070385222861123 ], [ 106.890925185053334, 12.070399673571801 ], [ 106.890662123816128, 12.070375473381144 ], [ 106.890516813924677, 12.070362902322438 ], [ 106.890372268157265, 12.070377442454971 ], [ 106.890280614909528, 12.070404051627747 ], [ 106.890189230995205, 12.07046907393158 ], [ 106.890045769482427, 12.070638396355877 ], [ 106.889940610089042, 12.070703512155871 ], [ 106.88976984350127, 12.070744216694811 ], [ 106.889573057988386, 12.070757980434314 ], [ 106.889467629149806, 12.070784682905408 ], [ 106.889297523475463, 12.07083781106792 ], [ 106.889206118542432, 12.070981922963997 ], [ 106.889155066797116, 12.071150617665756 ], [ 106.889102807569799, 12.071228932308239 ], [ 106.889036982684047, 12.071255365787019 ], [ 106.888971818852056, 12.071294223150469 ], [ 106.888866207619941, 12.07129494004257 ], [ 106.8887479689499, 12.07129574260254 ], [ 106.888717668318193, 12.071307962673028 ], [ 106.888500561102347, 12.071621689714322 ], [ 106.888474878599951, 12.071724680683422 ], [ 106.888410173673122, 12.071829066333477 ], [ 106.888302124344619, 12.071920963407976 ], [ 106.884912511134928, 12.073269616470336 ], [ 106.884622833118982, 12.073297565471444 ], [ 106.884386170819127, 12.073273181750238 ], [ 106.88414878275637, 12.073144855080374 ], [ 106.884039735739961, 12.072654106112479 ], [ 106.884037927130379, 12.072395381309274 ], [ 106.882565279372912, 12.072431333695985 ], [ 106.882251760966369, 12.072744165437379 ], [ 106.882042190487539, 12.072900373511223 ], [ 106.881779670596046, 12.072954121647411 ], [ 106.881553372537624, 12.072939701183584 ], [ 106.881200199637803, 12.072829236351772 ], [ 106.880672235885967, 12.072600053782061 ], [ 106.880202875405743, 12.073171097156644 ], [ 106.880204146825264, 12.07330146969811 ], [ 106.880152789949079, 12.073509710688395 ], [ 106.880049193674765, 12.07371717482696 ], [ 106.879839338418918, 12.073764672974747 ], [ 106.87924118350459, 12.073651236567132 ], [ 106.878939670252791, 12.073545937256565 ], [ 106.878358513396577, 12.073508055687935 ], [ 106.877921301358597, 12.072792419899315 ], [ 106.877275330806199, 12.072019439717488 ], [ 106.876729361585646, 12.07192369395533 ], [ 106.876203827558513, 12.072207440702771 ], [ 106.875783598156517, 12.072446412144851 ], [ 106.875691633813759, 12.072497216007301 ], [ 106.875586647172341, 12.072699907630593 ], [ 106.875455354730875, 12.072804739848538 ], [ 106.875035702910552, 12.07296235826743 ], [ 106.874746776444695, 12.073016278819612 ], [ 106.874624699391262, 12.073039061335205 ], [ 106.873592883520075, 12.072734135884566 ], [ 106.873482757948153, 12.072844013077221 ], [ 106.873378974783293, 12.073025489850528 ], [ 106.873249338894894, 12.073286231034896 ], [ 106.873013211018218, 12.073338664535001 ], [ 106.872855365492072, 12.073339727090366 ], [ 106.872723569912438, 12.073289770393988 ], [ 106.872679092013641, 12.073140433444784 ], [ 106.871950037445714, 12.073175487826646 ], [ 106.871854770454419, 12.073243642165258 ], [ 106.871645053268807, 12.073297025810234 ], [ 106.871487027190355, 12.073272101939123 ], [ 106.871390707369386, 12.073178081700588 ], [ 106.870643280268567, 12.073145824171151 ], [ 106.870381926228291, 12.073253545288532 ], [ 106.870066595415466, 12.073307638646838 ], [ 106.869882166041421, 12.073282890401558 ], [ 106.869846206247303, 12.073224640342428 ], [ 106.868890730638313, 12.07208506759261 ], [ 106.868690173393759, 12.072074032126995 ], [ 106.868673155437975, 12.07207711750744 ], [ 106.866803976911982, 12.071233641003566 ], [ 106.866606447446529, 12.071234966053332 ], [ 106.866423631082455, 12.071442957877011 ], [ 106.866319312111301, 12.071547605282445 ], [ 106.866214273384827, 12.07154830974557 ], [ 106.86605588857951, 12.071471410193354 ], [ 106.865949376434145, 12.071342189737086 ], [ 106.8659474564937, 12.071064842875844 ], [ 106.865496872825332, 12.070569003926263 ], [ 106.865312984777674, 12.070622210442499 ], [ 106.865076325020013, 12.070597809669266 ], [ 106.864864955074552, 12.070495277448881 ], [ 106.864737338584249, 12.070318095269485 ], [ 106.862390800244796, 12.070097990349545 ], [ 106.862127975752642, 12.070230004896287 ], [ 106.861945156047057, 12.070437994198874 ], [ 106.861789098177681, 12.070697778372789 ], [ 106.861578804852982, 12.070751159187051 ], [ 106.861315741658132, 12.070726930897321 ], [ 106.860946212400663, 12.070496649031419 ], [ 106.860865935336136, 12.070342392741892 ], [ 106.860814830308911, 12.070194848934232 ], [ 106.859440360939587, 12.068965568028442 ], [ 106.859229209436052, 12.068811055500454 ], [ 106.858466471300673, 12.068420801146072 ], [ 106.858367094219162, 12.068458120417676 ], [ 106.858074171919483, 12.069207443688521 ], [ 106.858127873586028, 12.069337021317072 ], [ 106.858155164423039, 12.06946564448311 ], [ 106.858156239086085, 12.069621559595074 ], [ 106.858130722820491, 12.069750535321985 ], [ 106.858026042506097, 12.069803208299389 ], [ 106.857788809210462, 12.069778804048729 ], [ 106.857337934682718, 12.069238344909067 ], [ 106.857047045476875, 12.069007531370875 ], [ 106.856915351826572, 12.068899241756343 ], [ 106.8566909025445, 12.068593167021476 ], [ 106.856065208555421, 12.068011691744257 ], [ 106.855967710260629, 12.067022579375339 ], [ 106.855623224176597, 12.06634243698122 ], [ 106.854798117240279, 12.066302738929409 ], [ 106.853988748163985, 12.067216542063823 ], [ 106.853590266238257, 12.067615778113582 ], [ 106.853540450224344, 12.067645199134313 ], [ 106.853263265079818, 12.067808902453924 ], [ 106.852674387583633, 12.067230939658833 ], [ 106.852291453895447, 12.067136318769604 ], [ 106.852098244281194, 12.068088952153216 ], [ 106.852060742351284, 12.068479006861622 ], [ 106.851500766574219, 12.068682717661995 ], [ 106.850801631249581, 12.068850066946093 ], [ 106.850751717007441, 12.0693554498206 ], [ 106.851108451852696, 12.069897674798389 ], [ 106.850930789713445, 12.070356452531151 ], [ 106.85051148888752, 12.070399915590665 ], [ 106.84999696754879, 12.07078749074106 ], [ 106.849762354794507, 12.071061348720386 ], [ 106.849274866004777, 12.070954990633075 ], [ 106.848405728502598, 12.07052350334286 ], [ 106.847832811588248, 12.070934060354976 ], [ 106.847385949529794, 12.071562974095727 ], [ 106.846940779574666, 12.072020136498832 ], [ 106.846714478174334, 12.07275379408166 ], [ 106.846684763753743, 12.073695173423232 ], [ 106.845809656352159, 12.074069316365451 ], [ 106.844998672564898, 12.073580940269226 ], [ 106.844455097887788, 12.07316423100076 ], [ 106.843590945888323, 12.073629814799832 ], [ 106.842971771040979, 12.073993215198287 ], [ 106.842217469475472, 12.073734949520794 ], [ 106.841545967687253, 12.073329249026868 ], [ 106.840593181621713, 12.073172850658885 ], [ 106.839953178723377, 12.073260693137533 ], [ 106.839173792253419, 12.073279402873315 ], [ 106.83835219916422, 12.072664529481237 ], [ 106.839042556953004, 12.07204870643743 ], [ 106.838405915954908, 12.071619040030527 ], [ 106.837864470040429, 12.072523126365043 ], [ 106.837210351231676, 12.072898044313773 ], [ 106.836260134494978, 12.072444455813082 ], [ 106.835321840650039, 12.071886835564628 ], [ 106.834250627512816, 12.072040781179355 ], [ 106.833733589764918, 12.072737932407087 ], [ 106.833080142508038, 12.073043914923497 ], [ 106.832913743587454, 12.073560235578391 ], [ 106.832883407034231, 12.074501623292434 ], [ 106.832774014727008, 12.075213037785572 ], [ 106.832424037819735, 12.075863893434015 ], [ 106.832427613488761, 12.075911589945996 ], [ 106.83229823600999, 12.076301123029731 ], [ 106.832037100857789, 12.076561586981096 ], [ 106.831880663258161, 12.076770516370621 ], [ 106.831750797731104, 12.077004128220659 ], [ 106.831593821994105, 12.077133968087598 ], [ 106.8313312808327, 12.077187671553478 ], [ 106.830989173527925, 12.077189923761839 ], [ 106.830987151019457, 12.077189641497011 ], [ 106.829844639053746, 12.077989857466564 ], [ 106.829837777580607, 12.078051694802125 ], [ 106.829785022611802, 12.078184493621226 ], [ 106.82973320031202, 12.078561301340507 ], [ 106.829112965250033, 12.079573818711657 ], [ 106.828954943342964, 12.080144882847707 ], [ 106.828547191943073, 12.080396708243482 ], [ 106.82813188535286, 12.081420884069221 ], [ 106.827362572819155, 12.081789761483549 ], [ 106.827323437880992, 12.081821036381871 ], [ 106.825732344069522, 12.082252996832143 ], [ 106.825715550778114, 12.082358805112783 ], [ 106.825637033270709, 12.082462140636641 ], [ 106.825505935333808, 12.082514976343081 ], [ 106.82529527045385, 12.082516359429029 ], [ 106.825227314597399, 12.082467978034746 ], [ 106.824232172850813, 12.082743281966785 ], [ 106.824140151060021, 12.08283465932333 ], [ 106.823904710937256, 12.082992128842516 ], [ 106.823792833831519, 12.083017800798816 ], [ 106.823580305129937, 12.083066568925918 ], [ 106.823404915191247, 12.083021393738248 ], [ 106.823141134109463, 12.082893186127217 ], [ 106.823093561996018, 12.082866762137588 ], [ 106.821825160135717, 12.082918873744283 ], [ 106.821774167946273, 12.082954119724866 ], [ 106.821433976453235, 12.083241081414855 ], [ 106.821250594323473, 12.08337222036295 ], [ 106.820988043738652, 12.083425914305129 ], [ 106.820803949795049, 12.083451977676646 ], [ 106.820687575198718, 12.083362191145284 ], [ 106.820225342940844, 12.083456896419838 ], [ 106.820041425386705, 12.083508944774184 ], [ 106.819857570157609, 12.083485290687756 ], [ 106.819777652556738, 12.083381863655502 ], [ 106.819618742771823, 12.083226978518823 ], [ 106.819435055678539, 12.083228179765939 ], [ 106.819171587111569, 12.083231033733034 ], [ 106.818907807230033, 12.083102821844523 ], [ 106.818748730171862, 12.082923078647378 ], [ 106.818673549072585, 12.082840497950723 ], [ 106.816935017330493, 12.082715409642667 ], [ 106.816164120644444, 12.083147542177139 ], [ 106.815441875825741, 12.083303662522116 ], [ 106.814759795207692, 12.082690066174898 ], [ 106.814887090011581, 12.081220380584394 ], [ 106.814857291952762, 12.080461289496808 ], [ 106.814118536544768, 12.079698914720153 ], [ 106.811631636834605, 12.079417960539658 ], [ 106.810117467979026, 12.07969560152676 ], [ 106.808139731084538, 12.079670047183113 ], [ 106.807743830318032, 12.079783349363563 ], [ 106.806837337932521, 12.079685288693023 ], [ 106.805895332365381, 12.07959875459709 ], [ 106.804988228990467, 12.079580914701538 ], [ 106.804146706693686, 12.080184087156749 ], [ 106.802768089879848, 12.080990731965075 ], [ 106.801461600351431, 12.081511039018071 ], [ 106.80093472527885, 12.081955110862006 ], [ 106.799625703175209, 12.082785018800474 ], [ 106.799409866548743, 12.083645136951917 ], [ 106.799303285121027, 12.083931690832349 ], [ 106.799472998605069, 12.084588192281206 ], [ 106.799705075873732, 12.086244248689798 ], [ 106.79963091695808, 12.088461586411833 ], [ 106.799394246197224, 12.090585063563053 ], [ 106.798950818990548, 12.092351702685933 ], [ 106.798556938214588, 12.093715777670596 ], [ 106.798150546872279, 12.095183884715963 ], [ 106.797971024622001, 12.095895751352719 ], [ 106.797522852808342, 12.096696358581331 ], [ 106.796133863874516, 12.098974176827449 ], [ 106.795085633910219, 12.100701788159554 ], [ 106.794611699797699, 12.101859607736969 ], [ 106.794047095879222, 12.104314005402546 ], [ 106.794005078125878, 12.105244183385999 ], [ 106.793919194788302, 12.105381603577797 ], [ 106.793920492349358, 12.105317553919718 ], [ 106.792388385210558, 12.10519543590104 ], [ 106.791567798728551, 12.106113699152617 ], [ 106.786576408574319, 12.106959410989639 ], [ 106.787635575641104, 12.118423427878303 ], [ 106.790572309870981, 12.124885623694533 ], [ 106.789943063625003, 12.125576672070299 ], [ 106.78303840898252, 12.137155310099592 ], [ 106.781835508748401, 12.142767409933851 ], [ 106.784254396056085, 12.144456161563397 ], [ 106.784242111411984, 12.14450309402334 ], [ 106.784366311812434, 12.145650281188605 ], [ 106.784958012749627, 12.146985406698183 ], [ 106.78550538348594, 12.147440618026218 ], [ 106.787026047488069, 12.148158461109563 ], [ 106.788118952759248, 12.148877930291762 ], [ 106.790742264331612, 12.15176820904011 ], [ 106.791257519384416, 12.153256346560779 ], [ 106.791624059590362, 12.153457355525155 ], [ 106.792427464058377, 12.153899591523512 ], [ 106.79297486120754, 12.154354784076222 ], [ 106.793327611056483, 12.154811237857981 ], [ 106.793682393805213, 12.155656364313353 ], [ 106.7939198958383, 12.156223164248134 ], [ 106.794208303323387, 12.156468037055538 ], [ 106.795815230374501, 12.156459439947113 ], [ 106.795957087364513, 12.156426609097887 ], [ 106.79767050558614, 12.157649835269639 ], [ 106.798043116049527, 12.159180676036986 ], [ 106.79825610114348, 12.160284325954935 ], [ 106.799220835536019, 12.163622526244419 ], [ 106.799276320999454, 12.164266081585447 ], [ 106.799123671194678, 12.164860271642024 ], [ 106.798752645659661, 12.165642429958154 ], [ 106.79775048408446, 12.167416102626049 ], [ 106.797060764731469, 12.169456654699161 ], [ 106.796875930601985, 12.17083406613702 ], [ 106.796445099332914, 12.172520407309538 ], [ 106.795890491338113, 12.173562385200027 ], [ 106.795324581994223, 12.17454681197164 ], [ 106.795502625682545, 12.175661988121821 ], [ 106.795789506878492, 12.17784759355394 ], [ 106.796176488229094, 12.179033722367917 ], [ 106.79689212320217, 12.179818858539718 ], [ 106.797205271936221, 12.180819532098198 ], [ 106.798174740112501, 12.18395231507138 ], [ 106.799199840317442, 12.186363817485722 ], [ 106.800211256925166, 12.188140105163194 ], [ 106.800558840220091, 12.188956002897646 ], [ 106.800665002753405, 12.189897883496657 ], [ 106.801072004579353, 12.190794936069647 ], [ 106.801323236496231, 12.191232491600074 ], [ 106.799023524703614, 12.193930854601344 ], [ 106.798536953962198, 12.195271817771038 ], [ 106.795314544923329, 12.199870008144384 ], [ 106.794018880157395, 12.201998121872197 ], [ 106.79187949178484, 12.203350963941858 ], [ 106.788987597278592, 12.205710896430396 ], [ 106.788782143645037, 12.206440161483762 ], [ 106.78862914715863, 12.206983224192136 ], [ 106.787568797607719, 12.208857931616096 ], [ 106.787120494716476, 12.20965052868161 ], [ 106.786477605680005, 12.211587950713998 ], [ 106.78582166200006, 12.213720927403429 ], [ 106.784234438631373, 12.215985360756504 ], [ 106.781958792733136, 12.218371755919719 ], [ 106.780302388555342, 12.220520241776844 ], [ 106.778106741834208, 12.223113997251586 ], [ 106.776261582966569, 12.225560850307716 ], [ 106.775472346494794, 12.226842732877861 ], [ 106.773712646284324, 12.228761359266473 ], [ 106.770776239727425, 12.230798288827582 ], [ 106.769805413183292, 12.231468922257401 ], [ 106.768208273380665, 12.233400034204095 ], [ 106.7668802746566, 12.236483969220107 ], [ 106.766969762801693, 12.236521249388572 ], [ 106.766837283219786, 12.236654679750956 ], [ 106.766783388290605, 12.236708961076879 ], [ 106.76672795799233, 12.236837680908549 ], [ 106.765335239040596, 12.23945897057664 ], [ 106.764740598000571, 12.241167816821481 ], [ 106.764311841345531, 12.244071036275384 ], [ 106.764156503278173, 12.246196255387279 ], [ 106.764159381719836, 12.247321621515763 ], [ 106.762647037213895, 12.24880585987421 ], [ 106.761975362141328, 12.249903919268984 ], [ 106.760778571383256, 12.249689006307685 ], [ 106.759531795336869, 12.249819028678143 ], [ 106.758518162623389, 12.24993851350097 ], [ 106.757944803350313, 12.250359121570559 ], [ 106.757323338433679, 12.250975510328262 ], [ 106.756760927263755, 12.25148869854921 ], [ 106.756558715035126, 12.252007490905859 ], [ 106.755868683001154, 12.252940690939758 ], [ 106.755255031507289, 12.253437256035854 ], [ 106.754116258954568, 12.254007230585756 ], [ 106.753096756482094, 12.254371925639509 ], [ 106.751997706976297, 12.25460831539495 ], [ 106.750988917899889, 12.255030560731129 ], [ 106.750360605241255, 12.255745283717983 ], [ 106.749750577291664, 12.256794342555617 ], [ 106.749200182010938, 12.257740197623471 ], [ 106.748725668028868, 12.259043752024898 ], [ 106.748348020621734, 12.260141044038001 ], [ 106.747937220859214, 12.261089398584669 ], [ 106.74766421119908, 12.262200712264431 ], [ 106.74723995404517, 12.263287001541851 ], [ 106.746656529641129, 12.264105384330085 ], [ 106.746216796198368, 12.264674271216004 ], [ 106.743517172892311, 12.266382929904458 ], [ 106.740095157527733, 12.268840766962906 ], [ 106.737558045666248, 12.270377727188677 ], [ 106.736254430338803, 12.271145292503155 ], [ 106.73494415989795, 12.271511773419508 ], [ 106.733004770485067, 12.271780533664728 ], [ 106.73204762576718, 12.271887489748531 ], [ 106.731684200142439, 12.271984507245621 ], [ 106.731700049709048, 12.271926329664222 ], [ 106.73092554086027, 12.272012876407366 ], [ 106.729172580801659, 12.272329019707474 ], [ 106.72713735076583, 12.272791561950564 ], [ 106.725463857113326, 12.273315088306115 ], [ 106.723542281241762, 12.274031121922331 ], [ 106.721405303957198, 12.275284082789142 ], [ 106.71918291323388, 12.276834735675884 ], [ 106.717191854444053, 12.278537593711192 ], [ 106.715140979822991, 12.280411434504504 ], [ 106.713196197786118, 12.282171606686559 ], [ 106.710948656112166, 12.283847785061635 ], [ 106.70883162961303, 12.285366072907257 ], [ 106.706368345539474, 12.28655882597304 ], [ 106.703802507875963, 12.287531859232743 ], [ 106.700912780804686, 12.288261687914268 ], [ 106.69705348823264, 12.289119533687479 ], [ 106.693256946960915, 12.2895532129325 ], [ 106.689610929481717, 12.290079696532686 ], [ 106.686237058990272, 12.290310671631337 ], [ 106.683180604281588, 12.29031592456557 ], [ 106.680566205722741, 12.290450633438299 ], [ 106.677719182841386, 12.29150200204769 ], [ 106.673744226933209, 12.293265332924552 ], [ 106.670307933315144, 12.294815152936501 ], [ 106.666929057049444, 12.296457242327744 ], [ 106.66402530255975, 12.29737097279512 ], [ 106.660005802591954, 12.297927602002527 ], [ 106.659263695569905, 12.297950616171409 ], [ 106.658468206881423, 12.298002940658012 ], [ 106.657024545958961, 12.298035012395879 ], [ 106.654571023230261, 12.298191844731813 ], [ 106.652481544661185, 12.298843376298432 ], [ 106.651077727445468, 12.299117738413292 ], [ 106.649582540826145, 12.300198784506339 ], [ 106.644112647288424, 12.304232741715872 ], [ 106.640588900542653, 12.305265226696481 ], [ 106.638441152003139, 12.3053583333107 ], [ 106.634661883129098, 12.305309767735764 ], [ 106.631944706458015, 12.305214132075136 ], [ 106.629120487474864, 12.305277304380736 ], [ 106.626953994133061, 12.30596818843992 ], [ 106.624519022327263, 12.307665200693297 ], [ 106.621436937279256, 12.309814634573767 ], [ 106.619533429572087, 12.310955897645172 ], [ 106.617471345048301, 12.311726324756236 ], [ 106.614846300252296, 12.312710240932367 ], [ 106.612064672006639, 12.313084869068884 ], [ 106.60922213793522, 12.313744584194538 ], [ 106.607587912376744, 12.314772318437441 ], [ 106.605461348557952, 12.317047050470055 ], [ 106.60435897496761, 12.318230970659615 ], [ 106.602814149422287, 12.319889818414927 ], [ 106.599746786308458, 12.324713633300515 ], [ 106.597051620947838, 12.329622257325239 ], [ 106.595026970179973, 12.334054609746651 ], [ 106.592770908024974, 12.33833575808873 ], [ 106.590641981732674, 12.343697552025066 ], [ 106.588269089941107, 12.349974921657068 ], [ 106.586121677893871, 12.357827304174391 ], [ 106.5844596256931, 12.363169406187239 ], [ 106.581945105538352, 12.370501855999434 ], [ 106.579456070915086, 12.375687162638229 ], [ 106.576649358060962, 12.382063051088824 ], [ 106.573858381382877, 12.389070498750002 ], [ 106.571433366501054, 12.395115423297035 ], [ 106.571448623887562, 12.395119594637816 ], [ 106.570567738687004, 12.397357123011751 ], [ 106.570008506754135, 12.398870826859609 ], [ 106.569484782287816, 12.400288404701312 ], [ 106.569325052390269, 12.400721055622665 ], [ 106.568523204122783, 12.402892954921837 ], [ 106.567900283718402, 12.405227735443114 ], [ 106.565799892314445, 12.40714616739036 ], [ 106.564449177457931, 12.408125756769421 ], [ 106.562932633162603, 12.408770686402001 ], [ 106.560859146858874, 12.409426724549519 ], [ 106.559072699423936, 12.409442647265005 ], [ 106.556551587153336, 12.409451475945545 ], [ 106.554644037585405, 12.410855706371231 ], [ 106.5537228042962, 12.411763857250305 ], [ 106.552093334844642, 12.411403675363404 ], [ 106.55101912016903, 12.411426770583507 ], [ 106.549396375448282, 12.412397679339954 ], [ 106.548520573973533, 12.413410645690963 ], [ 106.547602064185469, 12.415076995608686 ], [ 106.546829385942502, 12.416228359969296 ], [ 106.545546509827361, 12.41713290065776 ], [ 106.54335873503797, 12.417535216238221 ], [ 106.540195963308221, 12.417537382770629 ], [ 106.537271274785752, 12.418046667157356 ], [ 106.535300460531488, 12.418887263486623 ], [ 106.532805272159521, 12.420595271094371 ], [ 106.530756480994654, 12.422066825849233 ], [ 106.528448946003806, 12.423729669250093 ], [ 106.527168079987774, 12.424405858756732 ], [ 106.526086624624369, 12.425071880221967 ], [ 106.525125346184367, 12.42633612966706 ], [ 106.524138575467347, 12.427863812728907 ], [ 106.523987720479795, 12.42871104350488 ], [ 106.524573193896003, 12.429543959288319 ], [ 106.524003409833909, 12.4303189660454 ], [ 106.523589270915366, 12.43077330231824 ], [ 106.523022673240362, 12.432294099511358 ], [ 106.5230579809175, 12.433223903563356 ], [ 106.522606459301372, 12.433873942379583 ], [ 106.521629963486802, 12.434506590105459 ], [ 106.520665337843838, 12.435105268293137 ], [ 106.52001297791081, 12.43502983000379 ], [ 106.519326912391136, 12.434792987569582 ], [ 106.519163174710215, 12.435800750538645 ], [ 106.519215860427309, 12.43626037214637 ], [ 106.518410772155875, 12.436218558267292 ], [ 106.516931662678004, 12.4369263312695 ], [ 106.516048719882875, 12.437536967465993 ], [ 106.51531551316738, 12.437892944374045 ], [ 106.515315569000421, 12.437893055256017 ], [ 106.515215170949233, 12.437941660729789 ], [ 106.514870866217208, 12.437455419575739 ], [ 106.514619334156947, 12.437005949508691 ], [ 106.513779671484471, 12.436950755184601 ], [ 106.513135533213315, 12.437104649291093 ], [ 106.512545814898473, 12.436628815923189 ], [ 106.512171006336047, 12.437725899369768 ], [ 106.511475144816103, 12.438281236155895 ], [ 106.510576533404901, 12.438272691790518 ], [ 106.509486105526577, 12.438696882912575 ], [ 106.508458639940315, 12.438675490072114 ], [ 106.508006069434487, 12.439450946643523 ], [ 106.507687483659353, 12.439734097653531 ], [ 106.506665355150275, 12.440240389248443 ], [ 106.506103861896136, 12.440372337094512 ], [ 106.505818398137393, 12.439819084529546 ], [ 106.50598721378914, 12.43938421588498 ], [ 106.506169854990759, 12.438754906759113 ], [ 106.505350993954067, 12.438918796017909 ], [ 106.504512392211396, 12.438749434293978 ], [ 106.503222474495203, 12.438276341389852 ], [ 106.502155486982531, 12.43767996089727 ], [ 106.500440273969943, 12.437628452798309 ], [ 106.498463909009487, 12.43795241768804 ], [ 106.497526554097135, 12.438206210572227 ], [ 106.49712480675538, 12.438626542867151 ], [ 106.496780753890476, 12.439082716680769 ], [ 106.496331792065121, 12.439490878836759 ], [ 106.495920499985942, 12.439750798385564 ], [ 106.420037048307549, 12.487606890649156 ], [ 106.396088436333613, 12.502702474725123 ], [ 106.395016512505279, 12.503130673474407 ], [ 106.393513471171687, 12.503701227305832 ], [ 106.391543812678719, 12.504228982023802 ], [ 106.389178689127846, 12.505115864913373 ], [ 106.386697320412608, 12.505990896428873 ], [ 106.383761436315339, 12.507155281024323 ], [ 106.381255803219275, 12.50780098498277 ], [ 106.379333793932048, 12.508650482120222 ], [ 106.377693535937482, 12.509820597644712 ], [ 106.375704648315136, 12.511186858518915 ], [ 106.374121955664108, 12.51226512322469 ], [ 106.373927865289346, 12.512428845492193 ], [ 106.373647715892346, 12.512555225938788 ], [ 106.373581553321387, 12.5125855271737 ], [ 106.373133586483959, 12.512791045085311 ], [ 106.371770152957922, 12.513415106778139 ], [ 106.36974609689517, 12.514885475389919 ], [ 106.367305532395264, 12.517208897389798 ], [ 106.365677936193691, 12.518620721352439 ], [ 106.36342680536724, 12.521438127756133 ], [ 106.36183721845174, 12.523526658858206 ], [ 106.360470083087591, 12.525706724511704 ], [ 106.359345942657299, 12.52750697903234 ], [ 106.358934378445937, 12.529417768274556 ], [ 106.358865644908008, 12.532326946055194 ], [ 106.359287704701401, 12.535382812399465 ], [ 106.359601069309377, 12.537669641576501 ], [ 106.360527695903855, 12.541298159431324 ], [ 106.361053640638616, 12.543974915465901 ], [ 106.361625974083879, 12.546720367114526 ], [ 106.362106989702482, 12.549926221971811 ], [ 106.362880807121854, 12.553244725601502 ], [ 106.363828024466102, 12.55617246584695 ], [ 106.36500987976622, 12.559523915061879 ], [ 106.366236963583106, 12.562392582501342 ], [ 106.367394600468202, 12.56550230038779 ], [ 106.368670643540113, 12.568806909445955 ], [ 106.370379447920769, 12.57246639832986 ], [ 106.372234549033962, 12.577343340556872 ], [ 106.373990676829365, 12.581117818307602 ], [ 106.375312760557321, 12.584284271182328 ], [ 106.376680898921151, 12.587450476706167 ], [ 106.377825730225439, 12.590159012776047 ], [ 106.378970643356226, 12.592877710415731 ], [ 106.380541408245719, 12.596802246547691 ], [ 106.381826544163658, 12.599589135429261 ], [ 106.382724514682451, 12.601941811972377 ], [ 106.383692687930079, 12.604294120962717 ], [ 106.384742608361691, 12.606760136246423 ], [ 106.3858154181017, 12.608985323648092 ], [ 106.386901056391793, 12.611452270501104 ], [ 106.387974076117843, 12.613815311332999 ], [ 106.389342268574026, 12.616820945264088 ], [ 106.390628613098983, 12.619791962583941 ], [ 106.391867460731945, 12.622591448346665 ], [ 106.393342261344245, 12.625928732685313 ], [ 106.394381253749927, 12.6284648095651 ], [ 106.395656158526378, 12.631424547768813 ], [ 106.396754756493465, 12.634120766354393 ], [ 106.397619101651387, 12.636691638348569 ], [ 106.398401206707078, 12.639160101832152 ], [ 106.399312744878557, 12.641937517194771 ], [ 106.400087562657546, 12.645279542145847 ], [ 106.400542540075534, 12.647680777981181 ], [ 106.40109317985123, 12.650529010472813 ], [ 106.401381382806576, 12.652309590051194 ], [ 106.401640193784957, 12.655240716885304 ], [ 106.401779906527409, 12.657539639723181 ], [ 106.401654723574566, 12.660748519562489 ], [ 106.401571018100441, 12.662806786755926 ], [ 106.401596738517242, 12.665830671950589 ], [ 106.401641667886821, 12.66794589395348 ], [ 106.40188311269246, 12.669692812155205 ], [ 106.402088283349997, 12.671013891863138 ], [ 106.40257700043901, 12.673149374270823 ], [ 106.403172094161022, 12.675583756215564 ], [ 106.404031914728776, 12.677178240079799 ], [ 106.405573504572317, 12.679583881892702 ], [ 106.407643087299121, 12.682665876545 ], [ 106.408549199234812, 12.68408719692081 ], [ 106.409594776584129, 12.685438841566119 ], [ 106.410712081218392, 12.687168664731734 ], [ 106.412359998629086, 12.689839250148701 ], [ 106.413760762114251, 12.692245575790764 ], [ 106.415090528632064, 12.694400270450307 ], [ 106.416985161925354, 12.697333931391867 ], [ 106.419152410740665, 12.701266204108416 ], [ 106.420276432275017, 12.704284182853373 ], [ 106.421479899443568, 12.706887003613312 ], [ 106.423011889363565, 12.709777343820729 ], [ 106.424671735640402, 12.712470357831616 ], [ 106.426049866946371, 12.714900443165128 ], [ 106.427603748664382, 12.717363473076899 ], [ 106.429965080543937, 12.720328392462484 ], [ 106.431984696110376, 12.722490546937365 ], [ 106.434624666387933, 12.725040314991375 ], [ 106.436900534692356, 12.727109503026643 ], [ 106.43902338301109, 12.72888004047431 ], [ 106.440877289480483, 12.730618120097052 ], [ 106.443257611022204, 12.732616611666117 ], [ 106.446433270993452, 12.734692096625984 ], [ 106.449503780842662, 12.736790714409347 ], [ 106.453520644840992, 12.738999359012492 ], [ 106.45656666358893, 12.74082229187262 ], [ 106.459555198003414, 12.742852295456339 ], [ 106.462638408304826, 12.74512356141517 ], [ 106.464959156982516, 12.746719867183689 ], [ 106.466752179676021, 12.747928091014256 ], [ 106.468496019154628, 12.748689087203728 ], [ 106.470626497056244, 12.749619684241114 ], [ 106.473179099963289, 12.750882394532145 ], [ 106.474411944941892, 12.752059778232706 ], [ 106.475408769254813, 12.752336722319857 ], [ 106.476041164754207, 12.752899328786961 ], [ 106.477002233465981, 12.753759551544531 ], [ 106.478196653914324, 12.754757457555012 ], [ 106.479391455652134, 12.75572032351122 ], [ 106.480260783942924, 12.756398276367637 ], [ 106.481151214472064, 12.757238935853756 ], [ 106.48114938001244, 12.757266353124278 ], [ 106.48137778104936, 12.757115961301524 ], [ 106.482055987198677, 12.75664320184659 ], [ 106.482512019132216, 12.756470011646558 ], [ 106.483471290951215, 12.756421689333648 ], [ 106.484142385220792, 12.755985223160593 ], [ 106.484937947414167, 12.755995487348459 ], [ 106.485430856735817, 12.757017658761765 ], [ 106.486425408946758, 12.757095670854198 ], [ 106.487208886475216, 12.756817765234187 ], [ 106.48839075663011, 12.75694216644008 ], [ 106.489093602979139, 12.757434318509304 ], [ 106.490006506669857, 12.757432607401242 ], [ 106.490463130858274, 12.757753150254137 ], [ 106.490885348252618, 12.758591508084557 ], [ 106.491833139066429, 12.758451669516162 ], [ 106.492417561319371, 12.758082319788969 ], [ 106.492509788045624, 12.757219550004654 ] ], [ [ 106.833033692915592, 12.078208404061114 ], [ 106.833034493579092, 12.078205941056918 ], [ 106.833034515885899, 12.078208004533113 ], [ 106.833033692915592, 12.078208404061114 ] ] ] ] } },
{ "type": "Feature", "properties": { "D_Code": 1102, "D_Name_E": "Kaoh Nheaek", "D_Name_K": "ekaHEjk", "P_Code": 11, "Areas": 528215.83423000004 }, "geometry": { "type": "Polygon", "coordinates": [ [ [ 106.513609920811561, 13.353992636762131 ], [ 106.515681009378014, 13.353850311681086 ], [ 106.51663268195469, 13.354069475611002 ], [ 106.517413865099442, 13.353782312419396 ], [ 106.518347881844221, 13.35265355321347 ], [ 106.519430374622701, 13.352110341019124 ], [ 106.51980921237751, 13.351518239412952 ], [ 106.521096722386048, 13.350545543250263 ], [ 106.523598810881836, 13.349304526771274 ], [ 106.52509486615115, 13.349020952983512 ], [ 106.52739105453746, 13.34908396060554 ], [ 106.530456565908494, 13.348814621540392 ], [ 106.532854735152753, 13.347666802297949 ], [ 106.534814353284929, 13.34797584561138 ], [ 106.538772403170654, 13.348799297155818 ], [ 106.541746890528415, 13.349647879148474 ], [ 106.544181383584231, 13.350411579726117 ], [ 106.546047490538896, 13.350709802822475 ], [ 106.549630717089329, 13.350651758788253 ], [ 106.552140461214677, 13.350907582204167 ], [ 106.554414586513332, 13.351039403263455 ], [ 106.557305263026251, 13.350864594873688 ], [ 106.558951606904429, 13.349552799608777 ], [ 106.56091548776719, 13.3474673023657 ], [ 106.562681167278612, 13.345429341534707 ], [ 106.564589568944442, 13.343608565879347 ], [ 106.566571237095729, 13.341970372587015 ], [ 106.568650924993094, 13.339790327692272 ], [ 106.570767235418103, 13.337747893606297 ], [ 106.572357535235724, 13.335734694519115 ], [ 106.572719117833913, 13.334729085310336 ], [ 106.574134653394154, 13.333709029281398 ], [ 106.577568598832968, 13.33300749033253 ], [ 106.580737454459694, 13.332621674963177 ], [ 106.582947543092928, 13.33145199373277 ], [ 106.585525091296773, 13.329748941577732 ], [ 106.58957380604474, 13.327704463852493 ], [ 106.592951563546549, 13.325404259663458 ], [ 106.596012032213238, 13.323026917969965 ], [ 106.59861660370504, 13.320723600287389 ], [ 106.600866275437426, 13.31902473765822 ], [ 106.60290951730066, 13.318572316294729 ], [ 106.604016614016714, 13.31901841892191 ], [ 106.605185755971746, 13.31977484719115 ], [ 106.606003534248501, 13.320524452065149 ], [ 106.60723698679756, 13.321670279146954 ], [ 106.608199465599867, 13.322752281047936 ], [ 106.633697645558954, 13.305398215740162 ], [ 106.651590493485926, 13.293028543431413 ], [ 106.659355073466443, 13.287660002950565 ], [ 106.665465018519512, 13.283435186509491 ], [ 106.711764470819006, 13.251818726487947 ], [ 106.712063495006873, 13.251613346118484 ], [ 106.718537469531597, 13.247006353768857 ], [ 106.746006852314949, 13.227453371986051 ], [ 106.761669585287706, 13.212673051424218 ], [ 106.775118267819863, 13.199980026304798 ], [ 106.775987555247383, 13.199318700640813 ], [ 106.776667974020114, 13.198930970113171 ], [ 106.777500618293359, 13.198545571620905 ], [ 106.778474009941021, 13.198090274289035 ], [ 106.779095133232389, 13.197795595241956 ], [ 106.780453603891885, 13.197492400976301 ], [ 106.78219584043012, 13.197478024094222 ], [ 106.783482743093515, 13.197324448989619 ], [ 106.785271600262149, 13.197299557223888 ], [ 106.787483462101633, 13.197011843882199 ], [ 106.789169796854807, 13.196526675668579 ], [ 106.791207428806246, 13.196067286561524 ], [ 106.7937467514448, 13.19570153320965 ], [ 106.795559772193499, 13.19551483901315 ], [ 106.796672414303572, 13.195187300129232 ], [ 106.7979855005578, 13.194597362765593 ], [ 106.799976294283013, 13.194124678638921 ], [ 106.801955371248411, 13.193549249778179 ], [ 106.804075113714148, 13.192973945750818 ], [ 106.830071001968477, 13.186087623633119 ], [ 106.831054992988228, 13.185839949861121 ], [ 106.831395320401199, 13.185555069866947 ], [ 106.831924762728448, 13.185040619396618 ], [ 106.832394606232285, 13.18465200136402 ], [ 106.83350964677534, 13.183888197107938 ], [ 106.834683710895604, 13.18307764446668 ], [ 106.835880279723952, 13.18234827087978 ], [ 106.843817153836042, 13.180527715722627 ], [ 106.847340114226, 13.179913740102617 ], [ 106.847726351282589, 13.17983526125343 ], [ 106.848311220388524, 13.179722586714345 ], [ 106.849307467839239, 13.179348223833466 ], [ 106.850490966539823, 13.17888325325699 ], [ 106.860165366999667, 13.17572670486385 ], [ 106.861288811158943, 13.175559256607587 ], [ 106.862494576388869, 13.175300822881264 ], [ 106.863325936386303, 13.175006692724763 ], [ 106.86461333480581, 13.174795107413054 ], [ 106.865759974470734, 13.174570982602898 ], [ 106.866917807012356, 13.174530925176256 ], [ 106.868273492379075, 13.174583192289502 ], [ 106.872624556907596, 13.174259984069201 ], [ 106.873805044356757, 13.174243455757249 ], [ 106.874716771480081, 13.174362198889364 ], [ 106.876153557657105, 13.174542625065905 ], [ 106.877124022605713, 13.174501631937185 ], [ 106.879192233505648, 13.174706794087561 ], [ 106.880384196129867, 13.174759066521137 ], [ 106.881914000799995, 13.175041586923234 ], [ 106.883900042955915, 13.175281205236098 ], [ 106.885149772090884, 13.175574800092733 ], [ 106.887486501155522, 13.175838925770531 ], [ 106.888713147488161, 13.175903330667436 ], [ 106.890116191635258, 13.175967559190825 ], [ 106.891356410152156, 13.175697442380315 ], [ 106.893310550165168, 13.1753858990679 ], [ 106.895030752934204, 13.175164190310099 ], [ 106.897113118048892, 13.174886693347103 ], [ 106.898539309394636, 13.174814005225471 ], [ 106.899683765987163, 13.175060856489317 ], [ 106.90136328812747, 13.175769196066177 ], [ 106.901876591418912, 13.176025233946968 ], [ 106.902736852754103, 13.176868428413199 ], [ 106.903530062114228, 13.177239879445802 ], [ 106.904463844886379, 13.177450989096435 ], [ 106.90516402415804, 13.177719189336154 ], [ 106.905685853484954, 13.17848015339205 ], [ 106.905938278081294, 13.178714515172892 ], [ 106.906220627595161, 13.178976659521522 ], [ 106.907019405238088, 13.178279312615143 ], [ 106.907697670709226, 13.17824828304914 ], [ 106.909052259978907, 13.178530808358493 ], [ 106.909917395345104, 13.178511939288486 ], [ 106.910738168827521, 13.17812509984206 ], [ 106.911429021013547, 13.177933543054278 ], [ 106.91233803335173, 13.178443060332402 ], [ 106.913294494618299, 13.178826818709691 ], [ 106.914628349204605, 13.178592043946745 ], [ 106.915680271311189, 13.178723146558086 ], [ 106.916464727096894, 13.178485686876764 ], [ 106.917146012808828, 13.177880700528769 ], [ 106.918050415083641, 13.17705713214581 ], [ 106.919245520775362, 13.176625667281142 ], [ 106.920030619676993, 13.176250365234814 ], [ 106.920615961111238, 13.176058444619237 ], [ 106.92112088486914, 13.175681848816566 ], [ 106.922127226501885, 13.175513885530354 ], [ 106.922783502125398, 13.17525251482393 ], [ 106.923683477647572, 13.175268361847399 ], [ 106.924243398227219, 13.175512704803007 ], [ 106.924888432979557, 13.175067266079621 ], [ 106.925675609772711, 13.174369956338843 ], [ 106.927020171030264, 13.174330486651094 ], [ 106.927756693946563, 13.174380309697169 ], [ 106.928867326240933, 13.174281581490055 ], [ 106.92980169125272, 13.174493722755241 ], [ 106.930453393733188, 13.175048039103597 ], [ 106.931131638528271, 13.175016949127443 ], [ 106.932176028810147, 13.174263458770758 ], [ 106.933324123204827, 13.173797265205996 ], [ 106.934470280689339, 13.173745693826145 ], [ 106.935918030878113, 13.174074822708166 ], [ 106.936933938605108, 13.174320213929429 ], [ 106.937997192405561, 13.17442854528149 ], [ 106.938850035677419, 13.174536203512575 ], [ 106.940215720636985, 13.174911115835439 ], [ 106.941254999894625, 13.175122419872253 ], [ 106.942176616419104, 13.175471308103063 ], [ 106.942990426553195, 13.176257084812411 ], [ 106.943339479547021, 13.176660013624288 ], [ 106.943935382626336, 13.176640810796085 ], [ 106.944918853178365, 13.176426614525276 ], [ 106.94613442792398, 13.17647839880112 ], [ 106.947313593507744, 13.176737193505236 ], [ 106.948137543319504, 13.177855014259135 ], [ 106.948661378232046, 13.178271292722592 ], [ 106.949283219925405, 13.177814676386273 ], [ 106.949498733769985, 13.176930721877985 ], [ 106.950143297856968, 13.176577865886616 ], [ 106.95166246030756, 13.176677023624592 ], [ 106.953213336329256, 13.177431169557195 ], [ 106.954672190622759, 13.177920521492755 ], [ 106.955523051417345, 13.178430317039339 ], [ 106.956756673805501, 13.179446694170245 ], [ 106.957702587962018, 13.179657509876401 ], [ 106.958740150011806, 13.180156830190436 ], [ 106.95930952964072, 13.18086081359777 ], [ 106.959550347208122, 13.181711911584424 ], [ 106.95975784526351, 13.182287612196969 ], [ 106.9607271080028, 13.18253325788694 ], [ 106.961614537691474, 13.182709482969688 ], [ 106.962557917526354, 13.183323607169118 ], [ 106.963420403446108, 13.183913493069358 ], [ 106.964343449160381, 13.183929015819674 ], [ 106.965420848361845, 13.183566026466831 ], [ 106.966370498825285, 13.183087652599296 ], [ 106.967038869753139, 13.182758296788714 ], [ 106.967442615572537, 13.182468803110961 ], [ 106.96770776756253, 13.182278683233749 ], [ 106.967978794076146, 13.181785177640805 ], [ 106.968494758893655, 13.181501047129576 ], [ 106.969687497075256, 13.181506572336366 ], [ 106.970609369819698, 13.181809029903439 ], [ 106.971739419792968, 13.182480427871011 ], [ 106.972497674233949, 13.182794303081012 ], [ 106.972884539828584, 13.182658020286288 ], [ 106.973671513492931, 13.181880370432003 ], [ 106.974129662837399, 13.181504038573442 ], [ 106.974623935681706, 13.181443917018761 ], [ 106.975041880819148, 13.181393078811702 ], [ 106.975501444368973, 13.180762550193604 ], [ 106.976604012609201, 13.180020871189209 ], [ 106.977670486158317, 13.179451182761058 ], [ 106.977783379767217, 13.179373079856678 ], [ 106.978444966306256, 13.178915375273013 ], [ 106.979419466167968, 13.178092205370584 ], [ 106.980158259817856, 13.177635749307958 ], [ 106.981372908964843, 13.177860216077525 ], [ 106.983004477096387, 13.178890322607456 ], [ 106.9843003870796, 13.179183059058998 ], [ 106.985115024318134, 13.179338892006278 ], [ 106.985713713332075, 13.179453413610529 ], [ 106.986097729311396, 13.179823241647627 ], [ 106.985545416408698, 13.180314421480386 ], [ 106.985069607179213, 13.18069656282788 ], [ 106.984876453228679, 13.180851691293858 ], [ 106.985518998074795, 13.180969853454691 ], [ 106.98634783478316, 13.181100127761114 ], [ 106.987165902413651, 13.181253076965284 ], [ 106.987739460466145, 13.181037376567156 ], [ 106.988536744397223, 13.180615463812742 ], [ 106.98966922802002, 13.180942198481709 ], [ 106.990334142561522, 13.181117789704858 ], [ 106.990825688395816, 13.181097027637325 ], [ 106.991933635920645, 13.181596787406184 ], [ 106.993169332251071, 13.182210776615555 ], [ 106.993836566695322, 13.182511478812334 ], [ 106.993992747411724, 13.182581863639937 ], [ 106.9940441226437, 13.182605016948328 ], [ 106.994732650063511, 13.182919364882778 ], [ 106.99538482844217, 13.183300645445895 ], [ 106.995756038190038, 13.183865993006883 ], [ 106.996197854884613, 13.184323468726323 ], [ 106.996511814295886, 13.18451081235048 ], [ 106.99692331134888, 13.184286186700669 ], [ 106.997356760114329, 13.184209379724182 ], [ 106.997725521780325, 13.184685496980036 ], [ 106.998474218925878, 13.184670622424798 ], [ 106.999477570178584, 13.185093468945379 ], [ 107.000092007330764, 13.184942427962094 ], [ 107.000467640490982, 13.185250267779395 ], [ 107.000987587712302, 13.184743648964375 ], [ 107.001247744085461, 13.184823719560677 ], [ 107.001512189317822, 13.185223830606505 ], [ 107.001868127350576, 13.185403857487922 ], [ 107.002168993498429, 13.185693998145565 ], [ 107.00214219808116, 13.185759668718411 ], [ 107.002004367522957, 13.186097459823877 ], [ 107.002193153003148, 13.186370195653289 ], [ 107.002660430982147, 13.186476227794117 ], [ 107.00264400718784, 13.186750567034466 ], [ 107.002590570861514, 13.187061757201857 ], [ 107.002982186162143, 13.187040414708438 ], [ 107.003394619753664, 13.187237672100716 ], [ 107.003419808012254, 13.18742452274441 ], [ 107.00345378312727, 13.187676552524172 ], [ 107.003902407826146, 13.187782727843167 ], [ 107.004499382816633, 13.187778057794777 ], [ 107.004834138468041, 13.187647473351769 ], [ 107.005301866450992, 13.187808339464731 ], [ 107.00572092583684, 13.187414083941409 ], [ 107.006027938729233, 13.187619848451993 ], [ 107.006406099162476, 13.187409157406936 ], [ 107.006583724519302, 13.187140198676071 ], [ 107.007089359779826, 13.187373886785792 ], [ 107.007552313280328, 13.186949804295256 ], [ 107.00824286120816, 13.186980954100859 ], [ 107.008819834187236, 13.186811904699251 ], [ 107.009133590459129, 13.186834024933031 ], [ 107.009286515937546, 13.186844806815298 ], [ 107.009677680785416, 13.186768616849811 ], [ 107.010107948581521, 13.186911486613678 ], [ 107.010426882540443, 13.187128351260425 ], [ 107.010687907741527, 13.187108022629273 ], [ 107.010738999797269, 13.186942025470413 ], [ 107.010366883133401, 13.186635245324887 ], [ 107.010420458750716, 13.186342334966515 ], [ 107.010699689841957, 13.186267020930527 ], [ 107.010851473108588, 13.186576600878634 ], [ 107.011054738643935, 13.186337357395052 ], [ 107.011258900466359, 13.18620779023327 ], [ 107.011451540162327, 13.185889715752326 ], [ 107.011741545905565, 13.185911511448568 ], [ 107.012171962316899, 13.186072656889818 ], [ 107.012654007982718, 13.185703259318842 ], [ 107.012745040923164, 13.185428334901804 ], [ 107.012648774073881, 13.185063478543455 ], [ 107.012683692041705, 13.184770714635661 ], [ 107.013020629627661, 13.184688966802419 ], [ 107.01329064841859, 13.184577266979119 ], [ 107.013549719142318, 13.184395611902451 ], [ 107.013237512670074, 13.184053420487441 ], [ 107.013383313058924, 13.183631820949184 ], [ 107.013681494612584, 13.183592916717741 ], [ 107.014092953566191, 13.183717647788766 ], [ 107.014299356101688, 13.183862270240526 ], [ 107.014432336327033, 13.18415371434566 ], [ 107.014528156158192, 13.184463731616315 ], [ 107.014788878220358, 13.184406840219099 ], [ 107.014784986424232, 13.183931575443436 ], [ 107.015082718760297, 13.18383783146467 ], [ 107.015363742541652, 13.183981866186009 ], [ 107.01566947316671, 13.184131549892756 ], [ 107.01565345897879, 13.184498823257238 ], [ 107.015393998678093, 13.184703077186677 ], [ 107.015027468147764, 13.185066328096706 ], [ 107.015245284513952, 13.185463525079607 ], [ 107.015546762303885, 13.185826765778137 ], [ 107.016107916623255, 13.186005156966715 ], [ 107.016283413695533, 13.185598328611045 ], [ 107.016007600299773, 13.185146759216526 ], [ 107.016560504171721, 13.184955988666038 ], [ 107.016694244135749, 13.184702621712834 ], [ 107.016991827372138, 13.184590596441137 ], [ 107.017242571609231, 13.184619625050351 ], [ 107.017450948812851, 13.184794215580588 ], [ 107.017642506402893, 13.184311265445503 ], [ 107.017826508663106, 13.183999047606003 ], [ 107.018126638281387, 13.184197770137875 ], [ 107.018222912419674, 13.184562623337511 ], [ 107.018173953269908, 13.184951197884164 ], [ 107.017948933288849, 13.185277722783951 ], [ 107.018118929188049, 13.18553231141663 ], [ 107.018830374081176, 13.185837476844434 ], [ 107.019410334589082, 13.186033992477576 ], [ 107.019711368388613, 13.186342388436778 ], [ 107.020567705511993, 13.186116270995981 ], [ 107.021051237950985, 13.185929652072922 ], [ 107.021521972851474, 13.186456073601995 ], [ 107.021505870716382, 13.186766969903122 ], [ 107.022139095532751, 13.186634009170998 ], [ 107.022940667377085, 13.186554559237637 ], [ 107.023392751435949, 13.187081124748145 ], [ 107.023859282190983, 13.187095720073243 ], [ 107.024304900749115, 13.18683627309486 ], [ 107.024563878402731, 13.186559172460244 ], [ 107.024597666617339, 13.186139300899475 ], [ 107.025212834224817, 13.186079598028808 ], [ 107.025609106744568, 13.186624879463007 ], [ 107.026184555541263, 13.186273000704544 ], [ 107.026721487480629, 13.185775181856867 ], [ 107.027227282616266, 13.18602710679396 ], [ 107.027541858265394, 13.185713849500042 ], [ 107.027948954008352, 13.185308458260582 ], [ 107.027974630179699, 13.185302361711733 ], [ 107.028414313568732, 13.185197967256187 ], [ 107.028454900646366, 13.185578660544685 ], [ 107.028660859417982, 13.185668432326942 ], [ 107.029421181190656, 13.185105271322858 ], [ 107.029829037691997, 13.184800000450789 ], [ 107.030128120135259, 13.184870752403087 ], [ 107.030281886040086, 13.185417947539772 ], [ 107.030597782271499, 13.185463097113436 ], [ 107.031103006666854, 13.185448000290437 ], [ 107.031192357888628, 13.184972001014524 ], [ 107.031505260952613, 13.184852659825056 ], [ 107.032178050980477, 13.184598578146105 ], [ 107.032191572267891, 13.183976936903482 ], [ 107.031924215498833, 13.1832295595866 ], [ 107.031923865584858, 13.183187185710214 ], [ 107.031920290980423, 13.182754299819354 ], [ 107.031544629641687, 13.182446510307333 ], [ 107.031503547345807, 13.181989825912122 ], [ 107.031576517786277, 13.181613317985237 ], [ 107.031724084249106, 13.181585908006754 ], [ 107.032173469249358, 13.181722709778567 ], [ 107.032658540151786, 13.182107445959607 ], [ 107.032899782060269, 13.181631426741527 ], [ 107.033310336495077, 13.181646451047955 ], [ 107.033571048440066, 13.181589541577946 ], [ 107.034168148536708, 13.181603083460642 ], [ 107.03460926947686, 13.18127747755991 ], [ 107.034761141720651, 13.181077870163898 ], [ 107.034846979463993, 13.18096505118406 ], [ 107.034908440820729, 13.180884271863384 ], [ 107.035335984996394, 13.180698073246852 ], [ 107.035539068602219, 13.18044053553847 ], [ 107.035234549583279, 13.179711737506819 ], [ 107.035467686189662, 13.178576503157311 ], [ 107.036413702862419, 13.177815393253992 ], [ 107.036676139415874, 13.178073334663749 ], [ 107.036993414381428, 13.178089094871511 ], [ 107.037290219923761, 13.177885651655439 ], [ 107.037007077766958, 13.177485733719267 ], [ 107.036613068740792, 13.177214658045845 ], [ 107.036959794998495, 13.176029564374563 ], [ 107.036506793448069, 13.175643389629819 ], [ 107.036633440821717, 13.175167093854832 ], [ 107.03679898514639, 13.174706865864872 ], [ 107.037093573806999, 13.174502314913315 ], [ 107.037316838746136, 13.174339048520039 ], [ 107.037201435360743, 13.173919516561732 ], [ 107.037290773649175, 13.173443517084557 ], [ 107.03760577468374, 13.173185088720139 ], [ 107.037640359459914, 13.172855767160931 ], [ 107.0377265516222, 13.172280872486917 ], [ 107.037913059714441, 13.171994423033954 ], [ 107.038495718109075, 13.172519923169478 ], [ 107.039575222913811, 13.17221885516798 ], [ 107.03981126575701, 13.171980757699005 ], [ 107.040020797098151, 13.171959386885709 ], [ 107.040264508770946, 13.172103691010992 ], [ 107.040655482665372, 13.172009178749462 ], [ 107.040805319365717, 13.172081108322891 ], [ 107.040993827484712, 13.172317252693324 ], [ 107.041013995923635, 13.172499894815774 ], [ 107.04099716030484, 13.172719393205629 ], [ 107.041345856314081, 13.172767227535971 ], [ 107.041170802497064, 13.17341266439982 ], [ 107.04109952042208, 13.173815398721709 ], [ 107.041416031613991, 13.17373975851401 ], [ 107.041785928688952, 13.173352926884069 ], [ 107.042160372213473, 13.173514467957336 ], [ 107.042515535440572, 13.173500481001776 ], [ 107.042686018112974, 13.173912449148583 ], [ 107.043001164657284, 13.173672294564897 ], [ 107.043447828493456, 13.173019352877404 ], [ 107.043708505938625, 13.172688542731398 ], [ 107.04401356297808, 13.17263527713285 ], [ 107.044506519258761, 13.172983925859393 ], [ 107.045105113169555, 13.173180237117412 ], [ 107.045510944398814, 13.172628591341565 ], [ 107.045735397411136, 13.172699922644652 ], [ 107.045830640852756, 13.172936806657537 ], [ 107.04585263619893, 13.173338797117346 ], [ 107.045984731590835, 13.173520546300788 ], [ 107.046320653953913, 13.173536146002416 ], [ 107.046782899866145, 13.173038889976059 ], [ 107.047117453896547, 13.172889977576505 ], [ 107.047527990136388, 13.172904980213575 ], [ 107.047890543453903, 13.172866526924503 ], [ 107.04790076332057, 13.172865443071132 ], [ 107.048177378559515, 13.172479348608192 ], [ 107.04855075907237, 13.172512927233306 ], [ 107.048611130086613, 13.173042572416845 ], [ 107.048855911311605, 13.173314821039632 ], [ 107.049211855519886, 13.173494779766951 ], [ 107.049681093480643, 13.173838354253924 ], [ 107.049762261331779, 13.174239274036825 ], [ 107.049166085869459, 13.174719922637948 ], [ 107.049205067427124, 13.174920693684934 ], [ 107.049541752053585, 13.175027684081174 ], [ 107.050004905097609, 13.174640096732228 ], [ 107.050600918664884, 13.174525650125696 ], [ 107.050808699898013, 13.174834751997535 ], [ 107.050998575003888, 13.175339292567678 ], [ 107.051542143946506, 13.1755418139784 ], [ 107.051638612738614, 13.175924926784656 ], [ 107.051679575962908, 13.176363325094409 ], [ 107.051659262726488, 13.176524789226017 ], [ 107.051592094969749, 13.177058673071247 ], [ 107.051711636708717, 13.177971728288259 ], [ 107.05227705272452, 13.178661850311833 ], [ 107.053454556751518, 13.178926624315316 ], [ 107.05405423757567, 13.179250863606704 ], [ 107.054523950894392, 13.179649263240812 ], [ 107.054800237494675, 13.179847973300188 ], [ 107.055224121750953, 13.180152837967819 ], [ 107.055769331860944, 13.181339335312503 ], [ 107.056237982859528, 13.181609778755828 ], [ 107.057175303359784, 13.181322201135368 ], [ 107.058526815475048, 13.180915040773957 ], [ 107.059409075122531, 13.181566038764092 ], [ 107.059731860517459, 13.182239809726402 ], [ 107.060109845041211, 13.182821735576928 ], [ 107.060381263007329, 13.184044322262904 ], [ 107.060222555432929, 13.185142405726044 ], [ 107.060489691417743, 13.185853182504278 ], [ 107.061110655190049, 13.186487992665128 ], [ 107.0617563437022, 13.187097356162512 ], [ 107.062701779875539, 13.187455938543124 ], [ 107.063850514868676, 13.187733559925835 ], [ 107.064193267098901, 13.188461685087818 ], [ 107.063905420381531, 13.189124850988012 ], [ 107.063824736804179, 13.190089095272054 ], [ 107.063754641756844, 13.190934237603887 ], [ 107.064099455850226, 13.191361335953749 ], [ 107.064865649476431, 13.19165766526579 ], [ 107.065500389097124, 13.191779918661025 ], [ 107.066039247826708, 13.192093999211568 ], [ 107.06654628861601, 13.192438296458123 ], [ 107.067138282110037, 13.192846972474122 ], [ 107.067659443740425, 13.193466078645484 ], [ 107.068036228718327, 13.193829227289761 ], [ 107.068595940278144, 13.194263083658198 ], [ 107.068977416626367, 13.194657638698233 ], [ 107.069488799137289, 13.194939308808129 ], [ 107.070010957800875, 13.194848156999516 ], [ 107.070415417663099, 13.194637909454142 ], [ 107.071078772746958, 13.194298198326514 ], [ 107.071318738120297, 13.193850461485077 ], [ 107.071855082280152, 13.19349343316202 ], [ 107.072336161689151, 13.193325742271853 ], [ 107.073163662804703, 13.193565309529065 ], [ 107.073693500957219, 13.19413374663902 ], [ 107.074481333202527, 13.195066719421279 ], [ 107.075007318421768, 13.195778914042521 ], [ 107.07511193087781, 13.19662189246637 ], [ 107.075060348850172, 13.197181924839372 ], [ 107.075007735985267, 13.197753146431618 ], [ 107.074690699951262, 13.198695069341507 ], [ 107.074953898759773, 13.199075046522765 ], [ 107.075848128445728, 13.199291203168372 ], [ 107.07637534354302, 13.199193167885326 ], [ 107.077255665962937, 13.198927339011988 ], [ 107.077924382564944, 13.198700684335048 ], [ 107.078800326892591, 13.198827820486876 ], [ 107.079391303681462, 13.199316675503923 ], [ 107.079990473751096, 13.200092391665065 ], [ 107.080465913899104, 13.201402566736471 ], [ 107.080855135627417, 13.20194583324164 ], [ 107.081123672677748, 13.202320649121436 ], [ 107.081972640870049, 13.202791379694551 ], [ 107.082993548350402, 13.203455767975864 ], [ 107.08375601706301, 13.20422569103795 ], [ 107.084216920887911, 13.204922468907785 ], [ 107.084018812019849, 13.205937147678798 ], [ 107.083936196634127, 13.206309895745401 ], [ 107.083876199169325, 13.206899467591375 ], [ 107.083521563125316, 13.207236700878971 ], [ 107.082745400250317, 13.207688813284696 ], [ 107.082358938490415, 13.20810590938555 ], [ 107.082025135429163, 13.20898429098661 ], [ 107.081611436018605, 13.210022534425415 ], [ 107.08155264808245, 13.210755387616263 ], [ 107.081979983911509, 13.211325071449904 ], [ 107.083054313739098, 13.211539220631581 ], [ 107.083834404645557, 13.211548786791953 ], [ 107.084212864542209, 13.212102943357477 ], [ 107.084332554982055, 13.212802498961388 ], [ 107.084421370964606, 13.213693359110241 ], [ 107.084360024661066, 13.214123730365731 ], [ 107.08414242096454, 13.21486480627393 ], [ 107.083393042335686, 13.215070958260656 ], [ 107.082306633633422, 13.21535046785776 ], [ 107.081986913614315, 13.215973997348527 ], [ 107.081662255566059, 13.217101357403045 ], [ 107.081384559419675, 13.217762073152599 ], [ 107.081965373090711, 13.218242084742483 ], [ 107.082603495623644, 13.21870907786494 ], [ 107.083376583568793, 13.219658454337516 ], [ 107.083507647116292, 13.220913087834907 ], [ 107.084478419054705, 13.222322154475549 ], [ 107.084895488902788, 13.223592443226112 ], [ 107.085115128163068, 13.224577761543264 ], [ 107.085121354334191, 13.225310082398847 ], [ 107.084932580378492, 13.226043994516168 ], [ 107.084904818388992, 13.226601460656132 ], [ 107.084891951683346, 13.226999593928207 ], [ 107.084701416906583, 13.227526545905935 ], [ 107.084121148645792, 13.228088520079636 ], [ 107.083573377409351, 13.228650228230752 ], [ 107.083108343829409, 13.229386393971918 ], [ 107.083113348878129, 13.229975435669392 ], [ 107.083639447856797, 13.230687595890002 ], [ 107.084405243819276, 13.230920164550733 ], [ 107.085906388809718, 13.2309895448282 ], [ 107.086556116457601, 13.231587210106882 ], [ 107.087352965834555, 13.232349106668995 ], [ 107.088151945737536, 13.233081357024597 ], [ 107.088784210945036, 13.233686502264169 ], [ 107.089227587750599, 13.234224192437921 ], [ 107.089560471311017, 13.235144891135935 ], [ 107.089117197074884, 13.23573375233409 ], [ 107.088575834540876, 13.235933079772517 ], [ 107.087795062641433, 13.235788619188689 ], [ 107.086949277707575, 13.235771248196105 ], [ 107.086350714270594, 13.23609456207819 ], [ 107.086063894664619, 13.236765592448323 ], [ 107.08638052148649, 13.237686429164546 ], [ 107.08677460759958, 13.23816084125521 ], [ 107.087227325162146, 13.238447902167161 ], [ 107.087928386918634, 13.238512206992056 ], [ 107.088867159513072, 13.238258269614164 ], [ 107.08952407394581, 13.238081189833661 ], [ 107.09014372895534, 13.238064822583043 ], [ 107.090726266479663, 13.238446929954732 ], [ 107.091268522670717, 13.239143015321517 ], [ 107.091940677457373, 13.239531054451392 ], [ 107.092357444152313, 13.239926398603947 ], [ 107.092984380115567, 13.240243425454384 ], [ 107.093509305822948, 13.24081227759712 ], [ 107.093836912734034, 13.241481067253556 ], [ 107.094075935765417, 13.242126384413629 ], [ 107.093998965568375, 13.242699738027421 ], [ 107.093761281014139, 13.243088020876561 ], [ 107.093463736190856, 13.243555869370283 ], [ 107.093068522208867, 13.244401814509231 ], [ 107.092716830548554, 13.245069694862623 ], [ 107.092270367046069, 13.246076381723062 ], [ 107.092147022782015, 13.246857524660097 ], [ 107.09214222331893, 13.247805079061317 ], [ 107.091672812489179, 13.248421675300015 ], [ 107.091025202453793, 13.248713563231693 ], [ 107.090263150326038, 13.248926782222888 ], [ 107.089328188132995, 13.24952145457268 ], [ 107.088302011936875, 13.250281062009162 ], [ 107.087569978682339, 13.250916258429109 ], [ 107.087212657306466, 13.251419528294115 ], [ 107.086821671587842, 13.25241038917631 ], [ 107.086554382297294, 13.253419928781305 ], [ 107.08681272431474, 13.25430231913491 ], [ 107.087671315800733, 13.254983239249642 ], [ 107.088702326722498, 13.255294200373148 ], [ 107.089652014262953, 13.254893306133589 ], [ 107.091424089645244, 13.253871427820092 ], [ 107.092033841125854, 13.253946639571256 ], [ 107.092339977210244, 13.2543474060594 ], [ 107.091809109830649, 13.254900188439859 ], [ 107.091259658192371, 13.255174960139128 ], [ 107.0905580460892, 13.255254422069711 ], [ 107.089194860734622, 13.25705527609216 ], [ 107.088407072599892, 13.258064757456163 ], [ 107.087200797128716, 13.259555296362823 ], [ 107.087192007278389, 13.260539884169162 ], [ 107.088735148491935, 13.26207512402023 ], [ 107.089385188594747, 13.263355588603321 ], [ 107.088532504332719, 13.264779433506078 ], [ 107.088748475670386, 13.266571238521138 ], [ 107.089569558578958, 13.268726623350309 ], [ 107.090034262407727, 13.27027068905946 ], [ 107.090320246979715, 13.271447678472033 ], [ 107.090435708432864, 13.272918381087985 ], [ 107.089566892451927, 13.273960378820004 ], [ 107.088214332221852, 13.274511574564796 ], [ 107.087902067317742, 13.275056665892137 ], [ 107.087727091476793, 13.275503889904433 ], [ 107.087700835378101, 13.276063665468424 ], [ 107.087462485573113, 13.27687527058648 ], [ 107.087209896137452, 13.277320736019618 ], [ 107.086736387934337, 13.277502143728352 ], [ 107.086257183737899, 13.277377684337205 ], [ 107.086152866544893, 13.276911717419345 ], [ 107.086368326593458, 13.275706044162657 ], [ 107.086135871660318, 13.274921723346502 ], [ 107.085720868721708, 13.274692435960905 ], [ 107.084557019001281, 13.275450257497205 ], [ 107.083045498088339, 13.277373159019886 ], [ 107.081776424578862, 13.278470856560533 ], [ 107.081012470623179, 13.280074127272623 ], [ 107.080656326129258, 13.282435721629907 ], [ 107.080715705347288, 13.283516299788841 ], [ 107.081646144222915, 13.286727307114189 ], [ 107.081940925208229, 13.288936157738201 ], [ 107.081416891924363, 13.289259850304592 ], [ 107.080537285206717, 13.289070489988047 ], [ 107.07950609515035, 13.288565144403561 ], [ 107.078101022475494, 13.288721858928023 ], [ 107.077552736499769, 13.289144021434128 ], [ 107.077216969291413, 13.289933028367381 ], [ 107.077164780277243, 13.290719647119847 ], [ 107.076459762773069, 13.291712340028495 ], [ 107.074869946910653, 13.292877542828844 ], [ 107.073551197919343, 13.29352550763644 ], [ 107.073230322580855, 13.294142366608483 ], [ 107.07323387244341, 13.294560022632419 ], [ 107.073916989824127, 13.294949164362535 ], [ 107.074678507600495, 13.295050269486806 ], [ 107.075966606715355, 13.294365739099028 ], [ 107.076964332504829, 13.293694211661764 ], [ 107.078002292191812, 13.293867517177974 ], [ 107.07844889059912, 13.294234388878037 ], [ 107.078404811270161, 13.294935493743344 ], [ 107.078134325408811, 13.295576514826198 ], [ 107.077414409984087, 13.296466904270229 ], [ 107.076518060566613, 13.297260455244938 ], [ 107.075925858190587, 13.298420065013026 ], [ 107.074950688264153, 13.298796572169042 ], [ 107.073869741972885, 13.298535126353876 ], [ 107.072603126622539, 13.297849492942715 ], [ 107.07158324727726, 13.297749357561436 ], [ 107.070703210453914, 13.297872986675918 ], [ 107.070332913841796, 13.298627104507458 ], [ 107.069915512657346, 13.299648422513414 ], [ 107.07022195697202, 13.300284739914435 ], [ 107.071746159931195, 13.300702038482171 ], [ 107.073138087072948, 13.300998062609562 ], [ 107.074368300584624, 13.30111087393291 ], [ 107.075322426387018, 13.30139244972961 ], [ 107.075378604117518, 13.301913425538032 ], [ 107.07543442213705, 13.302576350066799 ], [ 107.075036873097659, 13.303415702351533 ], [ 107.073483033330305, 13.304615632327213 ], [ 107.07224711551531, 13.305378734665984 ], [ 107.071029406507407, 13.306739996764099 ], [ 107.07015571783127, 13.308050879877976 ], [ 107.069969987589175, 13.308591231194697 ], [ 107.07011608965648, 13.310039368859488 ], [ 107.070441303748439, 13.311339325511527 ], [ 107.071035192856712, 13.311576096232633 ], [ 107.072570618786884, 13.311662982036641 ], [ 107.073729161258285, 13.311504574652767 ], [ 107.074849185906288, 13.31130437450881 ], [ 107.076413270146361, 13.311462560964676 ], [ 107.077961124855278, 13.311841485084832 ], [ 107.078981905104257, 13.312596318741196 ], [ 107.079090008728855, 13.313504508563712 ], [ 107.07863792842754, 13.314309847221544 ], [ 107.077644717560062, 13.315038902077923 ], [ 107.076024290547423, 13.315863703886906 ], [ 107.075677685667472, 13.316407068859904 ], [ 107.075361400797988, 13.317564427664804 ], [ 107.076098971828614, 13.318737738252889 ], [ 107.077240457986235, 13.320202576458309 ], [ 107.078025495097961, 13.321056086218881 ], [ 107.079069079412989, 13.320698916276569 ], [ 107.080018172483477, 13.320063066124966 ], [ 107.081547155352524, 13.31831090139943 ], [ 107.082538311930278, 13.316998050122431 ], [ 107.083855984590286, 13.315223887785679 ], [ 107.086250510998013, 13.313193488690914 ], [ 107.088366088422987, 13.311727921428034 ], [ 107.090681088622588, 13.310318309947222 ], [ 107.093090915114942, 13.309276156588068 ], [ 107.095607604642396, 13.308658971125009 ], [ 107.098933489115652, 13.308050893735626 ], [ 107.101253049527742, 13.307985408258006 ], [ 107.103620418184761, 13.30804715370193 ], [ 107.106468121378967, 13.308301448295545 ], [ 107.108684691475034, 13.308731520267594 ], [ 107.110362283668181, 13.30932306578155 ], [ 107.112181121032492, 13.310041070834213 ], [ 107.114810189135113, 13.311216588121756 ], [ 107.117380719237175, 13.312356414754577 ], [ 107.120033278208339, 13.313509082408652 ], [ 107.121852409636077, 13.314387411304892 ], [ 107.123402932120712, 13.315347042826257 ], [ 107.124379692486585, 13.316447016243488 ], [ 107.125794618984443, 13.318718103919519 ], [ 107.127127624983132, 13.32111525203716 ], [ 107.128141946219799, 13.322812449978382 ], [ 107.129214836562866, 13.324544167172675 ], [ 107.130674254268882, 13.326286187928449 ], [ 107.131734484282376, 13.327753669404469 ], [ 107.133029810493781, 13.329391996502769 ], [ 107.134121923218672, 13.330019905242098 ], [ 107.135905099458896, 13.330462385553176 ], [ 107.137945068875098, 13.330788599850875 ], [ 107.141625632089202, 13.331017362379342 ], [ 107.144695402012118, 13.330983522205484 ], [ 107.146779078005451, 13.330379641544694 ], [ 107.149796309921769, 13.328840447182156 ], [ 107.1535965666571, 13.326828058233659 ], [ 107.15686799416568, 13.324437188298742 ], [ 107.15805574864595, 13.322514710106402 ], [ 107.158492395024339, 13.320374959665038 ], [ 107.15858712657699, 13.31759425425286 ], [ 107.158645964060469, 13.314732524166175 ], [ 107.158684627421167, 13.312652635336232 ], [ 107.158986880177039, 13.312008464170191 ], [ 107.160399709538012, 13.310761820331509 ], [ 107.162606681172463, 13.308870200642213 ], [ 107.165716918820152, 13.307261170683621 ], [ 107.168455365306414, 13.306389505131074 ], [ 107.171125400239319, 13.306127237784461 ], [ 107.173761766218988, 13.306164567364528 ], [ 107.176845027349614, 13.306521099329309 ], [ 107.179986087928995, 13.306763010197569 ], [ 107.183643981096623, 13.307404824141573 ], [ 107.186186795821186, 13.30755691218763 ], [ 107.188706247256121, 13.307547648788411 ], [ 107.190570799355868, 13.308011644581848 ], [ 107.193094615326814, 13.309128469785909 ], [ 107.195185921292605, 13.310499764824913 ], [ 107.19734800629341, 13.312043249057213 ], [ 107.199262395008489, 13.313231916000568 ], [ 107.201670357757706, 13.314601534435926 ], [ 107.203863827405669, 13.315271536832128 ], [ 107.205776615853864, 13.316023024389784 ], [ 107.20725607435368, 13.316684509446326 ], [ 107.209298670488664, 13.31763025070993 ], [ 107.210779425681309, 13.3187502974125 ], [ 107.211590476202019, 13.319942005371447 ], [ 107.211793539893378, 13.320240371918832 ], [ 107.212193280154921, 13.321201520446515 ], [ 107.212610116221924, 13.322203182671874 ], [ 107.213555510593466, 13.324187455005125 ], [ 107.214713094068358, 13.326355115483548 ], [ 107.215892196791799, 13.328096741573926 ], [ 107.217573854076164, 13.329608059994897 ], [ 107.219736600191112, 13.331254087294763 ], [ 107.222940860736585, 13.332448187612821 ], [ 107.225768133380257, 13.333219716856503 ], [ 107.227408934662392, 13.333408629113629 ], [ 107.229132900231789, 13.3337357318924 ], [ 107.2309400764141, 13.334268794958126 ], [ 107.232606015786644, 13.334870858072444 ], [ 107.234074487708938, 13.33576154966495 ], [ 107.235369563272798, 13.33711234811944 ], [ 107.236575936580934, 13.339727860308477 ], [ 107.237181432598078, 13.341598661190572 ], [ 107.237469140024146, 13.345848786161095 ], [ 107.237012648504177, 13.348700351438772 ], [ 107.236168075779673, 13.351185987834937 ], [ 107.235324988554567, 13.354085016643626 ], [ 107.234970545176239, 13.35612016278928 ], [ 107.235069647158582, 13.357487144801288 ], [ 107.235309313801537, 13.358647311750635 ], [ 107.236172249833643, 13.360344146018218 ], [ 107.237141193799658, 13.362213985471824 ], [ 107.238084564010308, 13.363623198474148 ], [ 107.239496706476785, 13.364950321670213 ], [ 107.241341925679748, 13.36626456383315 ], [ 107.242434436058446, 13.366893064091546 ], [ 107.243842136558627, 13.367174260854494 ], [ 107.245507357715198, 13.367421536828701 ], [ 107.245832996118864, 13.367393797488177 ], [ 107.247270788390992, 13.367062508549939 ], [ 107.24938548214341, 13.366391988416852 ], [ 107.251335734542096, 13.365655145104329 ], [ 107.253017101852649, 13.365033632343183 ], [ 107.254954933314465, 13.364204255098958 ], [ 107.256553286599242, 13.363341745997708 ], [ 107.258737106095396, 13.362545164949397 ], [ 107.260936961839661, 13.362357227851431 ], [ 107.26282227835388, 13.362458978896758 ], [ 107.264433758662548, 13.361895628693837 ], [ 107.265974736139384, 13.361195099969356 ], [ 107.267270291076102, 13.360588251364208 ], [ 107.268401577107198, 13.359994163542627 ], [ 107.269343917488413, 13.359056137931567 ], [ 107.270086925217186, 13.358143616300222 ], [ 107.271127181570677, 13.356020990701211 ], [ 107.272189923848529, 13.353899291001355 ], [ 107.273115473383513, 13.352157202604269 ], [ 107.274052403219457, 13.350461320281159 ], [ 107.275116323681459, 13.348408504422263 ], [ 107.27605185680892, 13.346504802710664 ], [ 107.276789577812394, 13.344788115294524 ], [ 107.277861544864948, 13.342182897201221 ], [ 107.278150383100552, 13.341617811352632 ], [ 107.278866149765946, 13.3400842981531 ], [ 107.279542638468214, 13.337929913094875 ], [ 107.280412341666533, 13.334855509705289 ], [ 107.281299840699262, 13.332757960085612 ], [ 107.282673108639685, 13.329759220010748 ], [ 107.28357034747043, 13.327350969200015 ], [ 107.284664656827047, 13.324620167022349 ], [ 107.285679462294667, 13.322268459945708 ], [ 107.287060942947051, 13.318742163745195 ], [ 107.288154964287784, 13.315987639883112 ], [ 107.289088868864454, 13.313808339693928 ], [ 107.28995356767247, 13.311813769021507 ], [ 107.29057783914962, 13.310683167518373 ], [ 107.291076584592318, 13.310002105161598 ], [ 107.292019817080572, 13.309248133121205 ], [ 107.293794442667377, 13.308602991185186 ], [ 107.297277548445464, 13.307945785108812 ], [ 107.299486702137969, 13.307459323961593 ], [ 107.30228221607598, 13.307209242673309 ], [ 107.305105868512285, 13.307740476440818 ], [ 107.308551549321564, 13.308496438807415 ], [ 107.309200401620089, 13.308721869654162 ], [ 107.310721687850858, 13.309250402808464 ], [ 107.312448422210409, 13.310250089547635 ], [ 107.313137225800332, 13.311738114586811 ], [ 107.314248074741329, 13.313339755438317 ], [ 107.317172494840491, 13.314938401228853 ], [ 107.319552219294636, 13.315529979145625 ], [ 107.322433099960719, 13.315762295923092 ], [ 107.324866765823899, 13.315720825911088 ], [ 107.327907969807313, 13.315411728650936 ], [ 107.330799893587894, 13.315654013197253 ], [ 107.333622503784909, 13.315944338625092 ], [ 107.335763478616428, 13.315870440678859 ], [ 107.33755010171528, 13.315226022004222 ], [ 107.337914408822925, 13.315031789722646 ], [ 107.339579297319361, 13.314142258078226 ], [ 107.340973339355045, 13.312672416016218 ], [ 107.342004292236979, 13.311044403409049 ], [ 107.342953444143618, 13.309486040369338 ], [ 107.343880042480194, 13.308041958327701 ], [ 107.344616517436876, 13.306256275837983 ], [ 107.346287409556396, 13.304082470499642 ], [ 107.347335024664687, 13.303293475535863 ], [ 107.349304621442684, 13.302083708287039 ], [ 107.350445782681277, 13.301191058745959 ], [ 107.35222740869655, 13.29992540885736 ], [ 107.353682296181404, 13.298741836007894 ], [ 107.355568421306103, 13.297314819673744 ], [ 107.357370467845911, 13.295542962546692 ], [ 107.358013513476763, 13.293768291511803 ], [ 107.358271715667584, 13.292146275233113 ], [ 107.359094896060853, 13.289324068977546 ], [ 107.360063776281791, 13.287260626118952 ], [ 107.360944258639677, 13.285954728724384 ], [ 107.362521922835342, 13.283886761304725 ], [ 107.363798650520309, 13.282360327058029 ], [ 107.365587022269864, 13.280324273907761 ], [ 107.366804462045593, 13.278752073868528 ], [ 107.36858137341676, 13.276728538666291 ], [ 107.369174301480825, 13.276218163582787 ], [ 107.369468569932209, 13.276479714063305 ], [ 107.370723823029849, 13.276907380218818 ], [ 107.372166296843346, 13.277437203585377 ], [ 107.373928677588324, 13.278492609484386 ], [ 107.376169300464568, 13.27927925084459 ], [ 107.37876048261144, 13.280641446983756 ], [ 107.380674276649913, 13.281640801499069 ], [ 107.382248720440458, 13.281969200648204 ], [ 107.383887388339019, 13.281979834476482 ], [ 107.385768854548715, 13.281643708115871 ], [ 107.388141703810376, 13.280587495785698 ], [ 107.390766947612448, 13.280169224016607 ], [ 107.39243902915095, 13.281055754925273 ], [ 107.392756883553943, 13.281697020009563 ], [ 107.392936277137395, 13.282339585609368 ], [ 107.39277981503092, 13.28403645932263 ], [ 107.39252016930098, 13.285802119754505 ], [ 107.393401538615436, 13.287421415390694 ], [ 107.394826805948782, 13.288018344305396 ], [ 107.396487735223559, 13.287934885045374 ], [ 107.39826818288995, 13.287076188048186 ], [ 107.399993417496376, 13.28615526068192 ], [ 107.402383118641225, 13.285437909743864 ], [ 107.404043017245129, 13.28525269037965 ], [ 107.405086507963077, 13.285751444444264 ], [ 107.405578483665337, 13.286492763259599 ], [ 107.405791862957813, 13.287067177442317 ], [ 107.405799885409039, 13.287880887450017 ], [ 107.405362908666532, 13.289207422653046 ], [ 107.404651508773114, 13.291314473205803 ], [ 107.403822347615957, 13.293181319839624 ], [ 107.40319688538716, 13.294246252953174 ], [ 107.402658374123718, 13.29581110105376 ], [ 107.4026714027911, 13.29713338216188 ], [ 107.403336491274189, 13.297873065870668 ], [ 107.405108750286402, 13.298158886361563 ], [ 107.406591896107457, 13.297977896075041 ], [ 107.408234490637341, 13.298342755465782 ], [ 107.409758524300244, 13.299609368872138 ], [ 107.411367714366421, 13.301289486875698 ], [ 107.413063751036347, 13.302810056827999 ], [ 107.414605500871005, 13.304085190180379 ], [ 107.415864789379157, 13.30507500025179 ], [ 107.418225055293703, 13.306205665786432 ], [ 107.420159678756661, 13.306800509341189 ], [ 107.422001358467782, 13.30744139804594 ], [ 107.423761516438873, 13.308059332232483 ], [ 107.425545313762797, 13.308792224971889 ], [ 107.427539000065792, 13.309409028864025 ], [ 107.429178709671078, 13.309626008954936 ], [ 107.431463691706426, 13.310079621291823 ], [ 107.43339812831141, 13.310535439555748 ], [ 107.435275261553784, 13.311199598887486 ], [ 107.437292041931229, 13.311758499134072 ], [ 107.439246797510094, 13.311880907115665 ], [ 107.441017399102833, 13.312326942305628 ], [ 107.441936077902966, 13.313204674615587 ], [ 107.44266794904631, 13.314083070391051 ], [ 107.443299508946893, 13.31565247779381 ], [ 107.443770331684433, 13.317636782462133 ], [ 107.444023683616805, 13.318692571029699 ], [ 107.445109378882421, 13.320005746852321 ], [ 107.447116554081603, 13.32080520244765 ], [ 107.448732820747836, 13.320977091142085 ], [ 107.449667093072819, 13.320762530364993 ], [ 107.450880649595334, 13.320224527837254 ], [ 107.451950612963088, 13.319284721608495 ], [ 107.453122842780502, 13.317965585244362 ], [ 107.455127015033042, 13.318410382907565 ], [ 107.455403930313153, 13.319453500745881 ], [ 107.45579400099767, 13.32325344217263 ], [ 107.455725722644473, 13.325172900274426 ], [ 107.456375212608705, 13.327592495985218 ], [ 107.457432587813372, 13.329744994685035 ], [ 107.458153743091273, 13.330807517580062 ], [ 107.45839428660706, 13.330987014241977 ], [ 107.459648134772664, 13.331922395964773 ], [ 107.461235472367861, 13.332932459648823 ], [ 107.462566596482858, 13.334094075890052 ], [ 107.463542851225355, 13.334833360800179 ], [ 107.46537117170277, 13.335152141870873 ], [ 107.466877669097855, 13.334726403732191 ], [ 107.468379941075199, 13.333714561780313 ], [ 107.469472239476843, 13.332649107448272 ], [ 107.47049382267106, 13.331491731795039 ], [ 107.471292607473174, 13.330313936539714 ], [ 107.47247239849483, 13.328384794221103 ], [ 107.474071671065445, 13.326200842493003 ], [ 107.475312947789632, 13.32470815328576 ], [ 107.476553164879775, 13.323112699729865 ], [ 107.47760597645761, 13.321461475064295 ], [ 107.478822621066143, 13.319762345202406 ], [ 107.48029711021762, 13.318188309243222 ], [ 107.481132738942492, 13.317239395766199 ], [ 107.482514847344916, 13.31576902511835 ], [ 107.48373356087798, 13.31439172595633 ], [ 107.485138123095339, 13.312864658586902 ], [ 107.485787277400888, 13.31200903735944 ], [ 107.4864100703075, 13.310774212862887 ], [ 107.486787858344115, 13.30965697927047 ], [ 107.487084125234247, 13.30857442362125 ], [ 107.488125512709559, 13.306945874854961 ], [ 107.489546846307093, 13.306107530283674 ], [ 107.490898641951517, 13.305292448181008 ], [ 107.49230912886965, 13.304579554561448 ], [ 107.493368399851221, 13.303858807943021 ], [ 107.494251216207644, 13.302966999772924 ], [ 107.494677656895533, 13.302044660730051 ], [ 107.495102210710115, 13.3009382570632 ], [ 107.495492763537897, 13.299946250404696 ], [ 107.495965185980992, 13.298954568957807 ], [ 107.496428319031381, 13.297337325182189 ], [ 107.497288618968852, 13.29678340510455 ], [ 107.49845471094315, 13.296083053132932 ], [ 107.499218300243626, 13.295825965227518 ], [ 107.499593544338467, 13.295817759313371 ], [ 107.500304776262411, 13.296133756642888 ], [ 107.501179321487697, 13.296576889128557 ], [ 107.502121070770798, 13.29738865002637 ], [ 107.503316031043454, 13.298603342867931 ], [ 107.504614053257214, 13.300140003005088 ], [ 107.505925200579767, 13.30149357196087 ], [ 107.506738616009656, 13.302212840062657 ], [ 107.507649375532523, 13.302530231456112 ], [ 107.508446353675112, 13.30249187436751 ], [ 107.509712891473981, 13.30236530814553 ], [ 107.510558138496748, 13.302143517083884 ], [ 107.511098810045269, 13.301906664183306 ], [ 107.511867340309308, 13.30112209251082 ], [ 107.512309021498424, 13.30023120522452 ], [ 107.512729756012291, 13.299042383018094 ], [ 107.513080145366814, 13.297853126915525 ], [ 107.513655337421369, 13.296435782787292 ], [ 107.513893145527476, 13.296070917459087 ], [ 107.514683048699041, 13.295516512495032 ], [ 107.515494317916747, 13.295133552885886 ], [ 107.516597496402412, 13.294936298332233 ], [ 107.518127978564351, 13.295362711652944 ], [ 107.519808119475798, 13.296100453917591 ], [ 107.520787972300141, 13.296522141857354 ], [ 107.521699403954131, 13.296794304469676 ], [ 107.524153863321288, 13.297366228152114 ], [ 107.527249920398091, 13.298207301453056 ], [ 107.529445564201538, 13.298948880554924 ], [ 107.531066940229451, 13.299685993610026 ], [ 107.531920249064669, 13.299911262903079 ], [ 107.53258894364555, 13.299791670578934 ], [ 107.533672137951001, 13.299169918567936 ], [ 107.535026591617637, 13.298299269723467 ], [ 107.53630772154483, 13.297863000010189 ], [ 107.537565741069031, 13.297311766909925 ], [ 107.539142965998167, 13.296465978731881 ], [ 107.540580157553052, 13.295571893211328 ], [ 107.543013284172687, 13.29459556759902 ], [ 107.545736752126444, 13.29393139040854 ], [ 107.547768888283159, 13.293260561596982 ], [ 107.54865655535373, 13.293520440043775 ], [ 107.550450196229974, 13.293364683498599 ], [ 107.55163792786071, 13.292824257670166 ], [ 107.55300012697441, 13.291161814923377 ], [ 107.553737576192731, 13.289848945923683 ], [ 107.554879506940495, 13.287909773643968 ], [ 107.555375047087949, 13.287500509692372 ], [ 107.556459017434207, 13.286799620998844 ], [ 107.55748118082208, 13.286417811147377 ], [ 107.559535874634335, 13.285874287026772 ], [ 107.561792644367046, 13.284976375689569 ], [ 107.563793887807293, 13.283847258891337 ], [ 107.56489822646725, 13.283443138457804 ], [ 107.56572904850853, 13.28350816632331 ], [ 107.566957482520692, 13.283667429407295 ], [ 107.568470044175783, 13.284805165675436 ], [ 107.569059002161524, 13.285716198081239 ], [ 107.570272670604282, 13.2875378950726 ], [ 107.571531544537436, 13.289544327489077 ], [ 107.57227948528589, 13.29104209627781 ], [ 107.573413110308408, 13.292703091482021 ], [ 107.575077844115881, 13.293830199109353 ], [ 107.577229304129375, 13.294261242385399 ], [ 107.578904632950525, 13.294206991317665 ], [ 107.580694727239759, 13.294429364936315 ], [ 107.581766215405935, 13.295115249259318 ], [ 107.582529036641205, 13.296268393710927 ], [ 107.583006502166171, 13.297912279844915 ], [ 107.58298681554956, 13.298829447764877 ], [ 107.582634070472906, 13.30030673108574 ], [ 107.582487960092024, 13.300936091081693 ], [ 107.582309512986285, 13.302540340180197 ], [ 107.582769779368817, 13.303484251240638 ], [ 107.583675382840568, 13.304397658636757 ], [ 107.585039505553297, 13.30510990535406 ], [ 107.586698696166025, 13.305593285371343 ], [ 107.588628556199239, 13.305885308112291 ], [ 107.590829226565688, 13.30605372294791 ], [ 107.593231849646671, 13.305912897484465 ], [ 107.594862123539286, 13.305628617541059 ], [ 107.595802653152248, 13.305270068646852 ], [ 107.597079068442653, 13.303916593989717 ], [ 107.598039836693729, 13.302536982120294 ], [ 107.599277411836866, 13.301652539836187 ], [ 107.600717258115708, 13.301733796873441 ], [ 107.602364583589548, 13.3022409089332 ], [ 107.603392234942348, 13.302647078531512 ], [ 107.593462316904976, 13.278242464818032 ], [ 107.582438370777695, 13.25213618017016 ], [ 107.582280813205074, 13.251844164002479 ], [ 107.582171905457741, 13.251300956754601 ], [ 107.577421657253609, 13.240558740144667 ], [ 107.569466755879176, 13.221892784548235 ], [ 107.557010097909298, 13.192591587926783 ], [ 107.548057241047204, 13.170067568809454 ], [ 107.537960639674381, 13.142753492251062 ], [ 107.531560933540675, 13.125013349908921 ], [ 107.531496202198753, 13.124833896234618 ], [ 107.526108361701318, 13.109894996682133 ], [ 107.522897776336862, 13.10112847815228 ], [ 107.509424274833776, 13.064329777929434 ], [ 107.495915979391413, 13.027704505993947 ], [ 107.495631779260336, 13.027274698867302 ], [ 107.495535241882862, 13.026836307462849 ], [ 107.495342731017459, 13.026533234206529 ], [ 107.495074189880043, 13.026516621253906 ], [ 107.494582612732287, 13.026541681706735 ], [ 107.494448986981226, 13.026195125464493 ], [ 107.494583541204506, 13.025886644436156 ], [ 107.49470819154115, 13.025509367269482 ], [ 107.494692536119587, 13.025096171837525 ], [ 107.494606017564394, 13.024737868312858 ], [ 107.494323664543501, 13.02426173679426 ], [ 107.494054555041217, 13.023670282557761 ], [ 107.494375503371614, 13.023399535669281 ], [ 107.494649694807009, 13.023117944917074 ], [ 107.494807405332921, 13.022821664186006 ], [ 107.494698193330322, 13.022439862251154 ], [ 107.494081177906963, 13.022302370216025 ], [ 107.493403677892474, 13.022278395490755 ], [ 107.492931695941991, 13.021901210732906 ], [ 107.493096678246431, 13.021237818310865 ], [ 107.493093583671197, 13.020813207646139 ], [ 107.492567341663914, 13.020826173642815 ], [ 107.492072770468994, 13.021011626001174 ], [ 107.491500348910122, 13.020380167414903 ], [ 107.491689418854122, 13.019706379477265 ], [ 107.491807276292121, 13.019052474505907 ], [ 107.491657074966255, 13.018371782527812 ], [ 107.491356310500649, 13.017607835277664 ], [ 107.491376493130829, 13.016573144102301 ], [ 107.491521439088388, 13.01574844564418 ], [ 107.491575117185505, 13.015472365865271 ], [ 107.491692997832828, 13.014763122537625 ], [ 107.492065803067192, 13.013631306946968 ], [ 107.492465790999418, 13.012914835037755 ], [ 107.49279423962335, 13.012243095966802 ], [ 107.492914871950219, 13.011463806257312 ], [ 107.492812481073983, 13.01072618719332 ], [ 107.492706623434643, 13.010160263871288 ], [ 107.492361183793676, 13.009304137097176 ], [ 107.492158922847892, 13.008311111173652 ], [ 107.491975098752121, 13.007549426190176 ], [ 107.491518154342756, 13.006425579261272 ], [ 107.491340428197219, 13.005928106868662 ], [ 107.491132752485569, 13.005199401258736 ], [ 107.491061699941838, 13.004657988077728 ], [ 107.490998953895257, 13.003679431375117 ], [ 107.491022368949075, 13.003082902234716 ], [ 107.491044043628889, 13.002600455558508 ], [ 107.491068837877222, 13.001911304588344 ], [ 107.491296618029949, 13.001943000329783 ], [ 107.491318516116706, 13.001540736125886 ], [ 107.49151513316103, 13.000988848795766 ], [ 107.491888864891237, 13.000700661884787 ], [ 107.492859165156716, 13.000468862207921 ], [ 107.49406393638013, 13.000132035467466 ], [ 107.4951853390113, 12.999578037567701 ], [ 107.495890482425636, 12.999781321245027 ], [ 107.4968670833197, 12.999431993763476 ], [ 107.497691648304496, 12.998966672568981 ], [ 107.498341486030583, 12.998361859909107 ], [ 107.498560661933197, 12.997476592433735 ], [ 107.498524603516117, 12.996232385461481 ], [ 107.498404688056226, 12.995239702108623 ], [ 107.498212575569724, 12.994397918983344 ], [ 107.498094626917933, 12.993198543528992 ], [ 107.49772052764267, 12.991720420283412 ], [ 107.497177823215182, 12.990771327376304 ], [ 107.496903137584184, 12.990020684175832 ], [ 107.496605874889568, 12.989200236434716 ], [ 107.496343160557643, 12.988437052956266 ], [ 107.496315643212114, 12.987584649439395 ], [ 107.496593451416743, 12.986631057906528 ], [ 107.496731665712559, 12.985595235286253 ], [ 107.496794552153162, 12.985088677014883 ], [ 107.497268608345294, 12.984528477276028 ], [ 107.49757174567381, 12.983401850642467 ], [ 107.497742670981651, 12.982643536037152 ], [ 107.498053513528703, 12.981942603910683 ], [ 107.49858537417613, 12.981463161243189 ], [ 107.499128634928482, 12.981029912307957 ], [ 107.499591390619656, 12.980377211791113 ], [ 107.499687788882241, 12.980055546149464 ], [ 107.499962588902932, 12.979493871908714 ], [ 107.500991395697582, 12.978500306409497 ], [ 107.501824753421218, 12.978345473103097 ], [ 107.502719496745087, 12.977938199644578 ], [ 107.503214257805325, 12.977665780428985 ], [ 107.503641178249822, 12.977116190871696 ], [ 107.504344833210325, 12.975739506793712 ], [ 107.504266628742414, 12.975347243829582 ], [ 107.503978134689561, 12.974827128852157 ], [ 107.503513084013775, 12.974385509939282 ], [ 107.503082930323302, 12.973978563441287 ], [ 107.501856519350994, 12.973461822273393 ], [ 107.500803891360277, 12.973222356287367 ], [ 107.499491102365198, 12.973164952989485 ], [ 107.498494104283878, 12.973249068632279 ], [ 107.497459442589104, 12.973597813019573 ], [ 107.496544081746848, 12.973727441777431 ], [ 107.495757141848813, 12.973859223175852 ], [ 107.494920989851025, 12.97361765505128 ], [ 107.493222832325415, 12.973313196893892 ], [ 107.491394239459837, 12.972572912009543 ], [ 107.489694392062134, 12.971866390661827 ], [ 107.488297882104021, 12.970975126017736 ], [ 107.48754409438132, 12.969750192585538 ], [ 107.487341850959851, 12.968866699386469 ], [ 107.487910354629378, 12.967613311670144 ], [ 107.489286877796062, 12.966439156712218 ], [ 107.490477049390535, 12.965459902544437 ], [ 107.49033318775264, 12.964541973515084 ], [ 107.4893573878159, 12.963454690055629 ], [ 107.487866764169155, 12.962357640976 ], [ 107.487160885609526, 12.961315199710663 ], [ 107.486815041204608, 12.959652681522869 ], [ 107.486576452727832, 12.958470249639934 ], [ 107.486583158019243, 12.957173666907092 ], [ 107.487058716319495, 12.956070247856871 ], [ 107.487548049328836, 12.95536875321072 ], [ 107.487334188533396, 12.954646868512267 ], [ 107.486384287197637, 12.954133038410482 ], [ 107.485715349573624, 12.953618782358024 ], [ 107.485898778455095, 12.952608502109902 ], [ 107.486914649528345, 12.952054449642656 ], [ 107.487391215938317, 12.951111392901597 ], [ 107.487901876880045, 12.950065236739862 ], [ 107.488111143132329, 12.949570833408444 ], [ 107.487067881541861, 12.949161795353987 ], [ 107.48558003004301, 12.948856379106294 ], [ 107.484875543448624, 12.9481809565006 ], [ 107.485023517984033, 12.947078406364938 ], [ 107.485791317856524, 12.945894278474796 ], [ 107.485578377336765, 12.945321458283182 ], [ 107.484814618533349, 12.944531402016647 ], [ 107.485277874105961, 12.943232724232502 ], [ 107.486081896824231, 12.942335112129822 ], [ 107.487193477582565, 12.942263523698765 ], [ 107.488047696890732, 12.942248596690956 ], [ 107.488477850027266, 12.941387298729149 ], [ 107.489458210497887, 12.940798572991193 ], [ 107.490660358788418, 12.939934418758252 ], [ 107.49125432273533, 12.939105434634918 ], [ 107.491988188524942, 12.938277371414054 ], [ 107.493145032336955, 12.937780686576048 ], [ 107.493832586305572, 12.936985814515056 ], [ 107.493782474995911, 12.936114422252439 ], [ 107.493309603652051, 12.934875508396393 ], [ 107.493106834574306, 12.933877956267462 ], [ 107.493279045731128, 12.93307445933798 ], [ 107.493017224175375, 12.931927264149866 ], [ 107.492895876163843, 12.93072225882481 ], [ 107.493725568202819, 12.930386813418478 ], [ 107.494579070238629, 12.930304117226843 ], [ 107.49523542619238, 12.930542914416897 ], [ 107.495728063740955, 12.930817156418154 ], [ 107.496006067967656, 12.930058950684717 ], [ 107.495279256661519, 12.929681917945183 ], [ 107.494211233478026, 12.92891625263945 ], [ 107.493482416178765, 12.928046827649721 ], [ 107.492881528229134, 12.927015807832509 ], [ 107.492736583040269, 12.92586862428497 ], [ 107.492907123537393, 12.924432697324717 ], [ 107.493208725424168, 12.923789465072449 ], [ 107.494109189113331, 12.923568542647548 ], [ 107.495104146917782, 12.923645995825456 ], [ 107.495711371316872, 12.923403025077796 ], [ 107.495956508635885, 12.923161255345356 ], [ 107.495660700516154, 12.922358844983927 ], [ 107.495447663771472, 12.921659544281319 ], [ 107.495491715221604, 12.92093632845571 ], [ 107.495746776737818, 12.920418899595589 ], [ 107.496002855050847, 12.920061830356437 ], [ 107.496451372820303, 12.919605796497688 ], [ 107.497054635238513, 12.918965324471444 ], [ 107.497503482863308, 12.918600764659697 ], [ 107.498104422947364, 12.918248302565344 ], [ 107.499281425929851, 12.917705110740785 ], [ 107.499894462393513, 12.917296060916112 ], [ 107.500409828711724, 12.917311455996257 ], [ 107.501559512501032, 12.917205579928568 ], [ 107.502338586155972, 12.916532922457421 ], [ 107.501878289831822, 12.915630453745781 ], [ 107.501252536796457, 12.914818787681503 ], [ 107.500674919631351, 12.913868876961864 ], [ 107.500053467062358, 12.912562503896478 ], [ 107.499395160941418, 12.911485741608455 ], [ 107.49837653103252, 12.911396099044676 ], [ 107.497099651954002, 12.911328120454938 ], [ 107.496009166869698, 12.911364515000509 ], [ 107.495590355538738, 12.909998592443545 ], [ 107.495070575378207, 12.908782708390092 ], [ 107.494962775243948, 12.908128703944122 ], [ 107.495077631318495, 12.907521136569921 ], [ 107.495438036758273, 12.906888637828514 ], [ 107.495659106880339, 12.906543199002213 ], [ 107.495926809877474, 12.906198444982813 ], [ 107.494742392658495, 12.905467756695556 ], [ 107.493665978841847, 12.905527719708777 ], [ 107.493050271968841, 12.906711525408825 ], [ 107.492354834525543, 12.90844722329992 ], [ 107.491293277751453, 12.9093111497432 ], [ 107.489947799800078, 12.909465144757755 ], [ 107.488389769988885, 12.908907392093395 ], [ 107.48648812557407, 12.90736356665032 ], [ 107.484423124131652, 12.905946636982604 ], [ 107.483040033761426, 12.905205353901671 ], [ 107.480524320724797, 12.905303777437791 ], [ 107.477634804808915, 12.905439600951238 ], [ 107.477459659467357, 12.905451405961683 ], [ 107.473715570003876, 12.90570372526245 ], [ 107.471142345302198, 12.906044291922596 ], [ 107.469269306426455, 12.905820302826346 ], [ 107.467836662647287, 12.904366754852241 ], [ 107.467398145890058, 12.902852994678625 ], [ 107.465549834630892, 12.899862860608149 ], [ 107.464349552757241, 12.89803100544445 ], [ 107.463429220980174, 12.895864463275268 ], [ 107.46209798241884, 12.893469126861593 ], [ 107.460873297628709, 12.891372066967318 ], [ 107.459615273155478, 12.889631070874703 ], [ 107.459329779252215, 12.88833494643978 ], [ 107.458948194058109, 12.886511166580037 ], [ 107.457563004730346, 12.885242307399675 ], [ 107.45530051088312, 12.88396246739417 ], [ 107.452380095815883, 12.882146653426361 ], [ 107.449730499749535, 12.880593675963388 ], [ 107.447516699505144, 12.879934472418384 ], [ 107.445398579152155, 12.879940705896004 ], [ 107.443840903974731, 12.879393929543909 ], [ 107.441798464890809, 12.877586720969651 ], [ 107.439007878670125, 12.875907305659645 ], [ 107.437064610773604, 12.875659978753621 ], [ 107.435743036940181, 12.875836034490565 ], [ 107.434871317544179, 12.874197448165434 ], [ 107.433613141371879, 12.872353504205554 ], [ 107.431527490915514, 12.871543872226926 ], [ 107.430120384915568, 12.870607081570361 ], [ 107.429135782775262, 12.870150887679308 ], [ 107.426726186827224, 12.870306482216613 ], [ 107.425484839975383, 12.869965593374243 ], [ 107.423466776034815, 12.868398548102805 ], [ 107.42206202164715, 12.868242118440625 ], [ 107.420332848189346, 12.86894704195225 ], [ 107.419072623917742, 12.869937891178498 ], [ 107.418220445810192, 12.870444963501789 ], [ 107.417151801583728, 12.86926553142917 ], [ 107.416035482024995, 12.867914859713462 ], [ 107.414451349388415, 12.866576395459063 ], [ 107.411746187201359, 12.865917988407768 ], [ 107.408187453320522, 12.865319346388057 ], [ 107.406958957617164, 12.865356604997226 ], [ 107.405025052123278, 12.864272018827277 ], [ 107.402645917966467, 12.863153095085623 ], [ 107.400422363863271, 12.863079715485682 ], [ 107.399109197021815, 12.865653313392727 ], [ 107.398181980009284, 12.868261780326604 ], [ 107.396781334653014, 12.872718960995433 ], [ 107.394951850326635, 12.87499684191522 ], [ 107.392603236213333, 12.875829244991108 ], [ 107.388473787783028, 12.876126699944967 ], [ 107.386632901882123, 12.874960939811382 ], [ 107.384288828908595, 12.873842662019994 ], [ 107.382459657050831, 12.873036257454388 ], [ 107.381183766549185, 12.872473760396355 ], [ 107.377482247668638, 12.871209620565608 ], [ 107.37350055686538, 12.870141096943907 ], [ 107.369625007048072, 12.869462343545257 ], [ 107.364099988755314, 12.868741937475541 ], [ 107.358611894534477, 12.868583554865904 ], [ 107.355316450129322, 12.868982249495943 ], [ 107.355313973675592, 12.868982549155898 ], [ 107.352355037875981, 12.869563694769182 ], [ 107.348533243698171, 12.870824585237607 ], [ 107.346431767145674, 12.872379505800577 ], [ 107.344519474348516, 12.874473743719401 ], [ 107.340735038131839, 12.876548562670942 ], [ 107.338176854865566, 12.877840953304547 ], [ 107.336669428933988, 12.878602127187451 ], [ 107.335740361577436, 12.878661668639257 ], [ 107.33388502386849, 12.878780562398005 ], [ 107.330562248095802, 12.878881306881478 ], [ 107.330366527615169, 12.878913208211422 ], [ 107.326772788040742, 12.87949894650602 ], [ 107.326244734585856, 12.879579492091031 ], [ 107.323398556293682, 12.880013609709952 ], [ 107.323030072055502, 12.880069810517758 ], [ 107.319416169666283, 12.880629317881933 ], [ 107.315923766874576, 12.880810196453451 ], [ 107.315917925678605, 12.880810499323028 ], [ 107.315406311477915, 12.881890312492105 ], [ 107.314904813778654, 12.882442555774574 ], [ 107.31364391203779, 12.883295181084385 ], [ 107.313438377302674, 12.884832498232559 ], [ 107.313438142012984, 12.884834257836379 ], [ 107.311647143703595, 12.884630952110168 ], [ 107.309001111080192, 12.884281562845745 ], [ 107.306461210958744, 12.88395493038372 ], [ 107.304614695779193, 12.883809952030191 ], [ 107.304611454104375, 12.883809697737121 ], [ 107.303271092469714, 12.883939658763346 ], [ 107.301550760008894, 12.883322861476641 ], [ 107.299337062193757, 12.882663292074898 ], [ 107.297652061283756, 12.882654505798252 ], [ 107.297017889297692, 12.881921330743282 ], [ 107.296381542496363, 12.880373902983449 ], [ 107.295065930887532, 12.878826645823247 ], [ 107.293261945128123, 12.878142193258718 ], [ 107.291425764881438, 12.878410145732962 ], [ 107.290177785530148, 12.87831035031525 ], [ 107.290135928487004, 12.878266324861794 ], [ 107.28956843594662, 12.877669424381063 ], [ 107.288534802523401, 12.87706479171119 ], [ 107.288534770117352, 12.877064773018219 ], [ 107.28833595699615, 12.876949366766972 ], [ 107.288179885357266, 12.876948278808376 ], [ 107.285896796789913, 12.876932357503206 ], [ 107.28589200339556, 12.87693232433808 ], [ 107.284236439972787, 12.877039055277789 ], [ 107.284230507324935, 12.877039437747822 ], [ 107.282352031108786, 12.874988771880828 ], [ 107.281659763975199, 12.874187187688769 ], [ 107.28058020588152, 12.873270371124795 ], [ 107.278976682250828, 12.873102467521113 ], [ 107.277035004514673, 12.873416413983758 ], [ 107.276147211596481, 12.873832914683497 ], [ 107.276147074943992, 12.873832979125167 ], [ 107.275900265882328, 12.873948767116227 ], [ 107.275608157468241, 12.874085806090585 ], [ 107.275165747281008, 12.874293355935002 ], [ 107.273796624869874, 12.875096797651281 ], [ 107.272770494416321, 12.875698953943742 ], [ 107.272264306025491, 12.876016435443255 ], [ 107.272264262984081, 12.876016462925719 ], [ 107.272264233675813, 12.876016481252682 ], [ 107.271263899241831, 12.87664388698806 ], [ 107.269290971638426, 12.876739886641419 ], [ 107.269286827807662, 12.876740087910218 ], [ 107.267955784695502, 12.876644431088847 ], [ 107.267729834080441, 12.876628191862631 ], [ 107.264407755405244, 12.876088892446464 ], [ 107.264028950913058, 12.876027686857123 ], [ 107.259099739841744, 12.875508057363055 ], [ 107.258814761904645, 12.87547965288508 ], [ 107.257674520726127, 12.875365230360003 ], [ 107.25631044672987, 12.875157852657503 ], [ 107.255438522236318, 12.875025292156383 ], [ 107.254942466370068, 12.87491943196965 ], [ 107.254583775875645, 12.874842884760596 ], [ 107.253036756638039, 12.874042916037242 ], [ 107.251922817745196, 12.873069781356127 ], [ 107.251451899548314, 12.872744564913374 ], [ 107.250796816584639, 12.872292158901049 ], [ 107.250796782411854, 12.872292148350859 ], [ 107.249649171544561, 12.87192700144063 ], [ 107.249649138341184, 12.871926996303833 ], [ 107.248700812544129, 12.871767967439116 ], [ 107.247226361258114, 12.871678953499917 ], [ 107.246053586823194, 12.871749972489786 ], [ 107.245640154878714, 12.871775007773712 ], [ 107.245511114824041, 12.871779161730869 ], [ 107.244398914228611, 12.871814966732025 ], [ 107.244397108574049, 12.871815024670997 ], [ 107.242791600970236, 12.871819765020987 ], [ 107.242785908134508, 12.871819782123351 ], [ 107.24274663579628, 12.871822493086571 ], [ 107.241572284005997, 12.871903570660022 ], [ 107.241572030873769, 12.871903588187745 ], [ 107.240241156885574, 12.871907061181423 ], [ 107.239144535819435, 12.872036166761228 ], [ 107.238461767308991, 12.872074140286633 ], [ 107.2378488019082, 12.872108269032726 ], [ 107.236682235174285, 12.87239948146242 ], [ 107.236222249194839, 12.87255657853672 ], [ 107.235596963536707, 12.872770170527813 ], [ 107.234547882346902, 12.873198186657843 ], [ 107.233172044992244, 12.874041273979524 ], [ 107.232065052482184, 12.874756683124245 ], [ 107.230939044045883, 12.875883031180772 ], [ 107.2309352405384, 12.875886835447584 ], [ 107.229897960664601, 12.876545165976435 ], [ 107.229606078836923, 12.876795863441613 ], [ 107.228581620604956, 12.877675768354505 ], [ 107.227847755866577, 12.878275031859619 ], [ 107.226978861594873, 12.878961863729879 ], [ 107.22663579439147, 12.879233044431103 ], [ 107.226383448200508, 12.879479676369291 ], [ 107.22568093412788, 12.880166276056114 ], [ 107.224854309989695, 12.881019347020555 ], [ 107.223934074895013, 12.881895778501816 ], [ 107.223934050234661, 12.881895802206493 ], [ 107.2227462261272, 12.883244427072102 ], [ 107.221779790603762, 12.884108844535829 ], [ 107.219253312696566, 12.887139451426222 ], [ 107.217645529180558, 12.888396736466582 ], [ 107.216340292226505, 12.889297895905262 ], [ 107.215279332440858, 12.890024157816484 ], [ 107.214149018592778, 12.890786020318094 ], [ 107.214148977335583, 12.890786042355222 ], [ 107.213075906642601, 12.891375699131833 ], [ 107.211419711086052, 12.89197820866781 ], [ 107.209704593543023, 12.892362068494704 ], [ 107.209296963888931, 12.892423682070982 ], [ 107.208548949052457, 12.892536742775413 ], [ 107.207440475750161, 12.892838656776146 ], [ 107.206017059846303, 12.893072059154258 ], [ 107.206017026750871, 12.893072066662677 ], [ 107.204511473618965, 12.893455249847475 ], [ 107.203754876455093, 12.893622189064654 ], [ 107.203297910241588, 12.893723015845744 ], [ 107.203297870650914, 12.893723017986535 ], [ 107.202906252158186, 12.893745098895666 ], [ 107.202891181301112, 12.893745948743717 ], [ 107.202884511785925, 12.893746324806781 ], [ 107.202002616200701, 12.893796048745072 ], [ 107.201191277769254, 12.893935290462192 ], [ 107.200438441993427, 12.894064490374587 ], [ 107.199927296685928, 12.894168864203497 ], [ 107.199411426497932, 12.894274220258312 ], [ 107.19845545745595, 12.894896722144223 ], [ 107.198054394555626, 12.895190877403319 ], [ 107.197604808895207, 12.895520620872361 ], [ 107.1967082431227, 12.896557205499509 ], [ 107.196208876493912, 12.897720355516073 ], [ 107.196208859426676, 12.897720405361605 ], [ 107.196207509023168, 12.89772452571982 ], [ 107.195722088715527, 12.899204202161313 ], [ 107.195412371638994, 12.900714193663505 ], [ 107.195410622127426, 12.900722723701197 ], [ 107.19518108627355, 12.902459699048139 ], [ 107.194939126071588, 12.903828530414852 ], [ 107.194937887115046, 12.90383814328999 ], [ 107.194721273384033, 12.905519093471483 ], [ 107.194501280268653, 12.906370390793281 ], [ 107.193267372763245, 12.907879710148556 ], [ 107.191727909154181, 12.908815498306069 ], [ 107.1904219050775, 12.909520014438293 ], [ 107.1901852434994, 12.909536853764861 ], [ 107.187402802906902, 12.909734816867482 ], [ 107.185716016476931, 12.909536938068522 ], [ 107.185670294817498, 12.90953155321205 ], [ 107.183754800690124, 12.90927194227279 ], [ 107.181756688185374, 12.908713664770094 ], [ 107.181755378091424, 12.908713225673415 ], [ 107.180600085496081, 12.908325697424557 ], [ 107.179513275623677, 12.908018474915128 ], [ 107.178308598325287, 12.906998321684707 ], [ 107.178071595976405, 12.906723195149842 ], [ 107.17737048211778, 12.90590929491035 ], [ 107.175722123906453, 12.904313337100797 ], [ 107.17459917114941, 12.903418996744028 ], [ 107.172949674239987, 12.90202070569277 ], [ 107.172949628831475, 12.902020674441058 ], [ 107.171628593129725, 12.901115571054033 ], [ 107.170330983760422, 12.900394357679904 ], [ 107.168285280304673, 12.899514418079143 ], [ 107.16828524791741, 12.899514401177562 ], [ 107.166111022660203, 12.898346344208429 ], [ 107.163739338559068, 12.897650930477207 ], [ 107.161227300352493, 12.8966335844838 ], [ 107.159216436365142, 12.895580444271467 ], [ 107.15726495364332, 12.894665754307791 ], [ 107.157264922201591, 12.894665740107934 ], [ 107.154670570806104, 12.893510056459247 ], [ 107.152555074596989, 12.892469015700213 ], [ 107.151112172278815, 12.891825036239654 ], [ 107.150427708980018, 12.891519551573353 ], [ 107.149994439551378, 12.891283511794226 ], [ 107.149253146000461, 12.890879662560833 ], [ 107.148452420987368, 12.890443431151075 ], [ 107.146068158077014, 12.88913794445606 ], [ 107.14454823307689, 12.888324646510714 ], [ 107.142206740683037, 12.88691034210143 ], [ 107.142140286935799, 12.88687020202088 ], [ 107.139464110062946, 12.885554606633878 ], [ 107.136869310643903, 12.884192002002626 ], [ 107.134789264021663, 12.883242004491686 ], [ 107.132405068405006, 12.882201834821416 ], [ 107.130383776137762, 12.881320226813303 ], [ 107.128596165477504, 12.88070329547474 ], [ 107.126131144531357, 12.879904330446573 ], [ 107.124780864392775, 12.879409487103306 ], [ 107.124541885378974, 12.879321906521605 ], [ 107.12286267992387, 12.878740847987705 ], [ 107.122462124755828, 12.878602241575496 ], [ 107.120031655948125, 12.877595079432606 ], [ 107.118103786609055, 12.876587217882483 ], [ 107.116326764482807, 12.875579250772311 ], [ 107.114246947420938, 12.874572583636235 ], [ 107.111523701401936, 12.873175705719936 ], [ 107.109127664475039, 12.871869922751497 ], [ 107.106790564077968, 12.870725180423845 ], [ 107.105835382567832, 12.870265990991182 ], [ 107.103647336205569, 12.869214100066047 ], [ 107.10323360832983, 12.869012975640757 ], [ 107.101976243171563, 12.868401728712559 ], [ 107.099592186281726, 12.867210972694918 ], [ 107.097337098112732, 12.866158108454096 ], [ 107.095865016665613, 12.865528233348034 ], [ 107.093422202912791, 12.864118728772745 ], [ 107.092463563153075, 12.863270097923641 ], [ 107.090651230861624, 12.862078074185357 ], [ 107.088944469256887, 12.860702188669114 ], [ 107.087272629070881, 12.859579055876468 ], [ 107.085145659573428, 12.85820309486243 ], [ 107.085105328100795, 12.858174764269076 ], [ 107.083415522835423, 12.856987763399699 ], [ 107.0816618094414, 12.855703694864889 ], [ 107.079418402127359, 12.854581646540398 ], [ 107.076264509866348, 12.853483725863821 ], [ 107.073752572926978, 12.852534328027172 ], [ 107.071719517256781, 12.851504305564806 ], [ 107.069757406894738, 12.85084084977864 ], [ 107.067292250809132, 12.849834528366671 ], [ 107.067098203012577, 12.849746682420957 ], [ 107.06546987683862, 12.849009522484398 ], [ 107.063015805816534, 12.847876545168599 ], [ 107.060690707176619, 12.846673619035187 ], [ 107.059479359358804, 12.84599733988586 ], [ 107.058212768501377, 12.845290209278533 ], [ 107.056811592334981, 12.844507927669492 ], [ 107.053854044004339, 12.842329315983038 ], [ 107.051843021415792, 12.84037824696586 ], [ 107.048886250198194, 12.83849779791394 ], [ 107.04628034341755, 12.837076619761225 ], [ 107.043664386938858, 12.836403347369782 ], [ 107.041668332811682, 12.836292338195426 ], [ 107.039251989058116, 12.836457961134368 ], [ 107.036648712218494, 12.836428444537603 ], [ 107.036272176556281, 12.836513746062732 ], [ 107.035976885705395, 12.836580641287702 ], [ 107.035166838553977, 12.83676414906912 ], [ 107.032507150317116, 12.837953975086803 ], [ 107.029884237331487, 12.840143280314186 ], [ 107.02905060782436, 12.841117980471385 ], [ 107.028506659920595, 12.841753972795514 ], [ 107.027460441969239, 12.842977217532747 ], [ 107.026251916703274, 12.846325947976437 ], [ 107.024611105508839, 12.849467886061801 ], [ 107.023535451553741, 12.851677471685472 ], [ 107.023389469928787, 12.85197734136788 ], [ 107.021537443382002, 12.854775207457964 ], [ 107.020255332768741, 12.85659673547023 ], [ 107.019673815002875, 12.857422903854873 ], [ 107.017610731757117, 12.859545456494788 ], [ 107.017389241743629, 12.85977332769502 ], [ 107.015092819822669, 12.861870772438071 ], [ 107.013460411110159, 12.863483753257821 ], [ 107.01315815098917, 12.863782412973659 ], [ 107.010756056122247, 12.865776707314701 ], [ 107.008831821877564, 12.867343681909629 ], [ 107.007714456728934, 12.86818240201722 ], [ 107.007203505008192, 12.868565931795795 ], [ 107.00665134622254, 12.86898038904412 ], [ 107.005421646824459, 12.870124520257637 ], [ 106.991284680268919, 12.88327671709612 ], [ 106.991284676884177, 12.883276755080814 ], [ 106.991014028561452, 12.886045459275563 ], [ 106.991073168197062, 12.886822630235878 ], [ 106.991235697278938, 12.888958427402169 ], [ 106.991903159999197, 12.891958446974193 ], [ 106.992103334127549, 12.894044647988007 ], [ 106.992103326187035, 12.894044692333884 ], [ 106.99176163175396, 12.895758777463325 ], [ 106.991271266334081, 12.897343954469159 ], [ 106.991187843505458, 12.897613630659176 ], [ 106.990447021443799, 12.899171504342279 ], [ 106.989342299432295, 12.900585282512164 ], [ 106.987880905216926, 12.901531804803561 ], [ 106.987327952995358, 12.901726880301373 ], [ 106.987318988912875, 12.901730042994114 ], [ 106.987308738601044, 12.901733659221145 ], [ 106.985995788057323, 12.902196847489783 ], [ 106.98283794403099, 12.902912200983689 ], [ 106.978855158353667, 12.904094691323657 ], [ 106.976533763927137, 12.905318910599895 ], [ 106.973978043851872, 12.906666670615955 ], [ 106.968445975514115, 12.909222040062886 ], [ 106.96464401835911, 12.910874074736411 ], [ 106.962238542674655, 12.912026403351062 ], [ 106.958998967811823, 12.912775999342253 ], [ 106.955224143460001, 12.911787500002177 ], [ 106.950831003544195, 12.909922356360227 ], [ 106.944831621194467, 12.907570863942768 ], [ 106.939368453864731, 12.906119044797789 ], [ 106.936908231961198, 12.905449942377043 ], [ 106.934714075538324, 12.904853177259103 ], [ 106.932461136681354, 12.904064320205215 ], [ 106.930627162539054, 12.903168411642024 ], [ 106.929129319014834, 12.903002091570874 ], [ 106.926371576443671, 12.902987397392652 ], [ 106.924367916913042, 12.902563800588988 ], [ 106.922238580543777, 12.90234672896162 ], [ 106.92177476935143, 12.90233831008007 ], [ 106.920333484438757, 12.902312143828084 ], [ 106.919444447832817, 12.902241846242063 ], [ 106.916906402439878, 12.902041285607091 ], [ 106.915692503157771, 12.902115091681663 ], [ 106.915026045444975, 12.902155609476146 ], [ 106.913440404422971, 12.902483550844531 ], [ 106.913440359335141, 12.90248355840505 ], [ 106.911772652487642, 12.90276689150371 ], [ 106.910027959447376, 12.902862996775212 ], [ 106.908887794856099, 12.90292579597717 ], [ 106.906567049439786, 12.902298754053982 ], [ 106.906567002378964, 12.902298744455063 ], [ 106.903521485677757, 12.901690525687666 ], [ 106.900537896959889, 12.902425111461492 ], [ 106.899867486823041, 12.902708633726572 ], [ 106.898863533975586, 12.903133214372783 ], [ 106.897276500636238, 12.90335826068142 ], [ 106.89727646460355, 12.903358247385446 ], [ 106.895270024761871, 12.902635063832109 ], [ 106.893510774976164, 12.901094357800742 ], [ 106.892898473522223, 12.900499200859091 ], [ 106.891631334095706, 12.899267577598494 ], [ 106.889381199280493, 12.898194830740266 ], [ 106.888505546476154, 12.89777736168071 ], [ 106.888505515965505, 12.897777347439646 ], [ 106.885410606916892, 12.896952329586336 ], [ 106.884705932442685, 12.896569996893883 ], [ 106.882611684071634, 12.895433712894029 ], [ 106.881033434359068, 12.894653028773739 ], [ 106.879732263962708, 12.894009434858809 ], [ 106.875814004762674, 12.893721185862191 ], [ 106.871596887069799, 12.893827114098951 ], [ 106.868457802538401, 12.894252844492513 ], [ 106.865934434589505, 12.894316039264623 ], [ 106.861079946382361, 12.893888518750231 ], [ 106.859018811128095, 12.89389457913944 ], [ 106.857012978709932, 12.893900461240802 ], [ 106.854997574242361, 12.89367359221254 ], [ 106.853491183963044, 12.893504011358818 ], [ 106.852402012126035, 12.893337224696822 ], [ 106.852270196573755, 12.89331704032001 ], [ 106.852253660368447, 12.89331450819715 ], [ 106.850494088459101, 12.893045051859692 ], [ 106.845552115321425, 12.892147857159957 ], [ 106.845037568313998, 12.892032250204675 ], [ 106.841076341437983, 12.891142208931941 ], [ 106.836636808048425, 12.890205145140333 ], [ 106.833226551723612, 12.889382817083405 ], [ 106.831606990969632, 12.888780662672852 ], [ 106.831023041240528, 12.888817128380943 ], [ 106.831019260008418, 12.888817364529102 ], [ 106.830486330649336, 12.888850621351413 ], [ 106.82947708964889, 12.888472426643098 ], [ 106.828210766676094, 12.888142325532561 ], [ 106.828210726962908, 12.888142312252016 ], [ 106.828154147881051, 12.888120624270121 ], [ 106.826028098918613, 12.887305666039971 ], [ 106.824188965207966, 12.886912892816154 ], [ 106.821705125777626, 12.886390124253706 ], [ 106.81923411879491, 12.885888713835312 ], [ 106.81662181378384, 12.885355494092511 ], [ 106.81423316992327, 12.884934807762072 ], [ 106.814233132105684, 12.884934801697032 ], [ 106.810614813265957, 12.884310181629612 ], [ 106.808582881139515, 12.884401039175446 ], [ 106.806286148532166, 12.88492079047557 ], [ 106.803783456038005, 12.884730189496672 ], [ 106.801095498595998, 12.884726095858788 ], [ 106.797233000415289, 12.88522716462403 ], [ 106.794225923459294, 12.885938108723041 ], [ 106.793050664173307, 12.886204904128407 ], [ 106.793029860978663, 12.88620962656478 ], [ 106.791778017374043, 12.886493776743199 ], [ 106.790463109994889, 12.886703440908157 ], [ 106.787987005252958, 12.887098195847321 ], [ 106.783867867535577, 12.887636981177309 ], [ 106.780307011676513, 12.887975310669063 ], [ 106.77863171190171, 12.887953356335398 ], [ 106.777922822009302, 12.887944063549607 ], [ 106.77792278330837, 12.887944062908582 ], [ 106.775538873440908, 12.887946684171785 ], [ 106.771421851932317, 12.887648039837696 ], [ 106.770022803139781, 12.887516835354196 ], [ 106.768578801322121, 12.887381406572489 ], [ 106.76508246069406, 12.887155301271045 ], [ 106.763983904530235, 12.887138092478716 ], [ 106.763968115526225, 12.887137845452855 ], [ 106.762510488034721, 12.88711500337905 ], [ 106.761019226788335, 12.8870676281262 ], [ 106.759810310991384, 12.887029187643344 ], [ 106.755882868456212, 12.886992309010521 ], [ 106.755004855824154, 12.887054836740727 ], [ 106.752274726579529, 12.887249233870104 ], [ 106.749088274495477, 12.887617414066607 ], [ 106.748770090545207, 12.887634411324461 ], [ 106.747733799696277, 12.887689733902771 ], [ 106.746740558346985, 12.887700883148689 ], [ 106.746740516900402, 12.887700885233057 ], [ 106.745853731032938, 12.888530453776001 ], [ 106.745139888121145, 12.888476466099121 ], [ 106.744332194363935, 12.888420845751488 ], [ 106.743607573040592, 12.888309283042719 ], [ 106.743607546303608, 12.888309280509135 ], [ 106.742383628397548, 12.888250205638757 ], [ 106.742003277205654, 12.88823184805921 ], [ 106.741635388848621, 12.888217298288289 ], [ 106.740363996649947, 12.888167025492518 ], [ 106.739004970500716, 12.888162500261966 ], [ 106.739004940097175, 12.888162500463956 ], [ 106.737716322105101, 12.888181267962436 ], [ 106.73634377966745, 12.888303341548589 ], [ 106.734772909216616, 12.888388312112045 ], [ 106.733061555303465, 12.888482159714464 ], [ 106.731197105344165, 12.888587129005526 ], [ 106.729823589003331, 12.888823315238643 ], [ 106.728360253908974, 12.888725618803221 ], [ 106.726627048890435, 12.888659073172793 ], [ 106.724124720121821, 12.888284642969715 ], [ 106.722557693837246, 12.888093846548411 ], [ 106.720323354664799, 12.887837341373112 ], [ 106.718811425171509, 12.887876637929716 ], [ 106.718145820074483, 12.887863338896024 ], [ 106.717323790046777, 12.887846910070218 ], [ 106.716361525847702, 12.887759000286733 ], [ 106.715592311317209, 12.887688723428539 ], [ 106.713755505964414, 12.887460096579984 ], [ 106.71211186158223, 12.886843751138278 ], [ 106.711770725857619, 12.886632195577915 ], [ 106.711205084580982, 12.88628141378277 ], [ 106.710347523029313, 12.885581926649621 ], [ 106.709453212989786, 12.884985526176088 ], [ 106.708323754597572, 12.884443785889717 ], [ 106.707543007455939, 12.884124620735353 ], [ 106.705536133233011, 12.883515116521281 ], [ 106.703974572934797, 12.882852994642292 ], [ 106.702294584903001, 12.882304606682505 ], [ 106.700109357091677, 12.881888351103436 ], [ 106.698897962598281, 12.88173285543739 ], [ 106.697536544078815, 12.881558127485134 ], [ 106.695652879822802, 12.881374855945477 ], [ 106.694322024182611, 12.881366304926543 ], [ 106.69346229631978, 12.881360799832665 ], [ 106.691633096432597, 12.881487848318786 ], [ 106.690596387418736, 12.881888871981053 ], [ 106.689753716020462, 12.882716874498792 ], [ 106.68922993909834, 12.883354127441518 ], [ 106.688500314076876, 12.883608537736007 ], [ 106.688074578502381, 12.883925398092119 ], [ 106.688074550110741, 12.883925423585037 ], [ 106.688157589309469, 12.88471918419207 ], [ 106.687505339195098, 12.885342547027944 ], [ 106.687214898259768, 12.885414243415664 ], [ 106.686706188559683, 12.88553982672447 ], [ 106.685674595175172, 12.885584880288613 ], [ 106.685065301080442, 12.885577504397443 ], [ 106.684261908280178, 12.886084341735543 ], [ 106.683979369471871, 12.886210054007442 ], [ 106.683684842927249, 12.886341101238314 ], [ 106.683074418342429, 12.886426362508569 ], [ 106.682038149464773, 12.885942652563937 ], [ 106.682038086922361, 12.885942669236453 ], [ 106.681379944259248, 12.886118679978351 ], [ 106.681487260572212, 12.886843336626272 ], [ 106.681001607509643, 12.887239676361492 ], [ 106.680201602271637, 12.887482131153591 ], [ 106.679512547922883, 12.888265882891131 ], [ 106.67951233485158, 12.888266124702906 ], [ 106.678829308477503, 12.889383466104135 ], [ 106.678278507546281, 12.889423158269024 ], [ 106.677790999500488, 12.889979950421441 ], [ 106.677790959273921, 12.889979997683563 ], [ 106.677134165311202, 12.89001809909646 ], [ 106.676822558032654, 12.889585592728164 ], [ 106.676616310622137, 12.889299324653534 ], [ 106.676616284469318, 12.88929927148928 ], [ 106.67598844381142, 12.888063896858151 ], [ 106.675286224262521, 12.888893204623033 ], [ 106.675289087529919, 12.8895824266977 ], [ 106.675380537389586, 12.890071263682874 ], [ 106.675441962522541, 12.890399472104708 ], [ 106.675441943360397, 12.890399500249165 ], [ 106.675119281725202, 12.890889649285189 ], [ 106.674557059024167, 12.890954440576657 ], [ 106.674485730984941, 12.890962659906979 ], [ 106.674164442293559, 12.890736385572174 ], [ 106.673754380295051, 12.890447590564229 ], [ 106.673591676154999, 12.889447555213014 ], [ 106.673364620837233, 12.888904410055119 ], [ 106.672780837909187, 12.888685522573466 ], [ 106.672478502600072, 12.888572162765094 ], [ 106.671827475709506, 12.888185360929601 ], [ 106.671280701579846, 12.887880407860379 ], [ 106.671067032810001, 12.887933151391334 ], [ 106.670528702574913, 12.888066043920027 ], [ 106.670528087173452, 12.888066196092096 ], [ 106.669553051456376, 12.888307237367348 ], [ 106.669553010055395, 12.888307246670715 ], [ 106.668282092681025, 12.88873910038255 ], [ 106.668177152376472, 12.889588292810958 ], [ 106.66817712945624, 12.889588310131737 ], [ 106.667705428170351, 12.889835330768642 ], [ 106.667099195983766, 12.889598541688677 ], [ 106.667099159021731, 12.889598525653319 ], [ 106.666249661757945, 12.889150884001458 ], [ 106.666036682172148, 12.888459605718642 ], [ 106.665172536441446, 12.888231215327801 ], [ 106.663916078516209, 12.888422216503434 ], [ 106.663209176326674, 12.888723882854416 ], [ 106.662272929935796, 12.889527546891427 ], [ 106.661220621080545, 12.890284522703032 ], [ 106.660442068451616, 12.890647078006054 ], [ 106.660017864748568, 12.890844623082911 ], [ 106.659651720716383, 12.890889716757087 ], [ 106.658914804926837, 12.890980486962249 ], [ 106.657590631289949, 12.891032891695115 ], [ 106.656761884502075, 12.890759057160635 ], [ 106.655645782370115, 12.890136749501814 ], [ 106.654708674688564, 12.890113302405718 ], [ 106.654806321735549, 12.890688941506463 ], [ 106.655479716798098, 12.891156967342837 ], [ 106.655668273012765, 12.89137200619232 ], [ 106.655998968834226, 12.891749158714276 ], [ 106.656486008957756, 12.892156289948668 ], [ 106.656650024127359, 12.893019600271794 ], [ 106.656397893246506, 12.893476506530051 ], [ 106.655947895994089, 12.893872581684649 ], [ 106.655087732261293, 12.894253167839944 ], [ 106.654087603848183, 12.894551043826189 ], [ 106.652824205773456, 12.894386139821012 ], [ 106.652824192375718, 12.894386063974846 ], [ 106.652650243347239, 12.893407567793339 ], [ 106.652848643728177, 12.893246361901985 ], [ 106.653123957026807, 12.893022656238079 ], [ 106.653177483484185, 12.892495785991924 ], [ 106.652194780110008, 12.892368686797989 ], [ 106.651446295599712, 12.892302200956681 ], [ 106.650645828129498, 12.89256825557576 ], [ 106.649904630880883, 12.893684653137665 ], [ 106.649904523223753, 12.893684816525562 ], [ 106.649342766424823, 12.893643170172625 ], [ 106.64860114756641, 12.893048943958336 ], [ 106.648601123480347, 12.893048924223415 ], [ 106.648447980346759, 12.892923403430455 ], [ 106.64784730982737, 12.89243110169445 ], [ 106.647460058244945, 12.892295801166433 ], [ 106.646995935721364, 12.892133676693284 ], [ 106.646248030920049, 12.892292004753967 ], [ 106.646126985136107, 12.892317630917416 ], [ 106.646126957553818, 12.892317640130315 ], [ 106.645846582859761, 12.892457862115482 ], [ 106.64545423629653, 12.892654089249955 ], [ 106.645268292252922, 12.892748590337396 ], [ 106.644770070177699, 12.89300185561213 ], [ 106.644459944169824, 12.893373811505567 ], [ 106.644258679795215, 12.893615248134484 ], [ 106.644165147954624, 12.894464376639169 ], [ 106.643976390335354, 12.895461051863347 ], [ 106.643441934851154, 12.895982983863572 ], [ 106.642898682687317, 12.896309578683947 ], [ 106.642307169767832, 12.896738149109439 ], [ 106.64156421376876, 12.897085156029091 ], [ 106.640788297959773, 12.897317144029552 ], [ 106.639491713082037, 12.897898145640537 ], [ 106.63949167724742, 12.897898161232183 ], [ 106.639333051000776, 12.897938434442455 ], [ 106.638410243015471, 12.898172714064767 ], [ 106.638410209886118, 12.898172720599886 ], [ 106.637589627845159, 12.898185812930349 ], [ 106.636251693302825, 12.897938053853151 ], [ 106.635859899454715, 12.897865503135613 ], [ 106.634825460202904, 12.898117155360049 ], [ 106.633719581748366, 12.898448334308851 ], [ 106.633229980650597, 12.89853243234551 ], [ 106.632968284262674, 12.898577384226872 ], [ 106.632017210094361, 12.898703065797259 ], [ 106.630907482383009, 12.899332591585791 ], [ 106.629904370992563, 12.899883451795226 ], [ 106.629306730415237, 12.899909766066875 ], [ 106.628700527117886, 12.899672872062597 ], [ 106.628265455802435, 12.898920765639911 ], [ 106.627945401969257, 12.898320522440663 ], [ 106.627493127038363, 12.897935768205162 ], [ 106.62644481395246, 12.89835928080738 ], [ 106.62573481887452, 12.89890149344772 ], [ 106.625734776688049, 12.898901524444193 ], [ 106.624883740624227, 12.899453659354201 ], [ 106.624883705762187, 12.899453683073444 ], [ 106.624255836076429, 12.899962640200552 ], [ 106.62377821708337, 12.900646951492599 ], [ 106.623186591115825, 12.90196021027983 ], [ 106.622664370093787, 12.903320487736035 ], [ 106.622180908223129, 12.904439864708287 ], [ 106.622180890989767, 12.90443990730085 ], [ 106.62164797896645, 12.905753854785104 ], [ 106.621062291714225, 12.906876628935596 ], [ 106.621034768892528, 12.9069293896196 ], [ 106.621034744240703, 12.906929425026515 ], [ 106.619948455136438, 12.908432219679979 ], [ 106.619503898537502, 12.909337837676508 ], [ 106.618984843773148, 12.910395207347525 ], [ 106.618072197163613, 12.912038122708063 ], [ 106.61739802923536, 12.912909474830132 ], [ 106.617392344734952, 12.9129168211738 ], [ 106.616927566686044, 12.913517536760642 ], [ 106.616010515879267, 12.913758190581371 ], [ 106.615735929383391, 12.913482125105284 ], [ 106.615293440669404, 12.913037259142888 ], [ 106.615293424714068, 12.913037214043909 ], [ 106.614772009551473, 12.911756859756638 ], [ 106.613762301021865, 12.91102074027274 ], [ 106.612540567966079, 12.910362746044347 ], [ 106.611741002048802, 12.910315650256823 ], [ 106.611428412197, 12.911163909970805 ], [ 106.610728679099992, 12.912697024158764 ], [ 106.610354668998497, 12.913471074723914 ], [ 106.609671916708308, 12.914599564900778 ], [ 106.609145139821166, 12.915442350283795 ], [ 106.608629812166839, 12.916274894957807 ], [ 106.608041647495696, 12.91733613499758 ], [ 106.607385764629939, 12.918166154284092 ], [ 106.606845960179896, 12.919135568582611 ], [ 106.606236015770634, 12.920035358825162 ], [ 106.605669015670443, 12.921256915446873 ], [ 106.605026001356109, 12.922030355132677 ], [ 106.604190487650115, 12.923145085239806 ], [ 106.602879600762137, 12.924771203195698 ], [ 106.601167528235933, 12.926622375776661 ], [ 106.599739671689377, 12.928246938458468 ], [ 106.595671188355837, 12.931906854411841 ], [ 106.592162227205847, 12.934895508905255 ], [ 106.585919797715519, 12.939848779541432 ], [ 106.575836665433542, 12.947165287203296 ], [ 106.569049628425162, 12.951628851063317 ], [ 106.560617325996333, 12.957232076677718 ], [ 106.554859269753749, 12.960972766544215 ], [ 106.550000556522704, 12.964013067440414 ], [ 106.545167077778288, 12.966961613942166 ], [ 106.541256006931576, 12.969289920532423 ], [ 106.536199711271507, 12.972201222574823 ], [ 106.53263275854296, 12.974212123321928 ], [ 106.527385724078215, 12.977339090066005 ], [ 106.524201649940508, 12.978769098337638 ], [ 106.519103390392885, 12.981289380156943 ], [ 106.510868816052394, 12.985181526527432 ], [ 106.503856466801523, 12.988580529685136 ], [ 106.503262816507444, 12.988868269244533 ], [ 106.500661834605452, 12.990128932049046 ], [ 106.497419383500045, 12.991488920343082 ], [ 106.496116455847869, 12.992022995440225 ], [ 106.49592188621736, 12.992147283901472 ], [ 106.48067382463357, 13.001244011002855 ], [ 106.479662603578191, 13.002307444873152 ], [ 106.478794024098761, 13.002843487367954 ], [ 106.477208635815316, 13.004054821081597 ], [ 106.467790576755306, 13.010458797445912 ], [ 106.465466036533655, 13.01180532706646 ], [ 106.463776132490565, 13.012705300994549 ], [ 106.462861019266455, 13.013081100442671 ], [ 106.461843493728111, 13.013265174174192 ], [ 106.460805455221418, 13.012780987152688 ], [ 106.460124168446612, 13.012259785044559 ], [ 106.459123060270869, 13.011985397633479 ], [ 106.45801773262653, 13.012201626318495 ], [ 106.457592455067712, 13.012729052617676 ], [ 106.457633877103518, 13.01370888902361 ], [ 106.456845988247451, 13.013626408019356 ], [ 106.456636649111999, 13.014099517300636 ], [ 106.455943406109142, 13.013958566226234 ], [ 106.455425854647459, 13.014596347942739 ], [ 106.454958746695908, 13.014073930915266 ], [ 106.454234466050536, 13.014029096044279 ], [ 106.453280436487518, 13.013978330473574 ], [ 106.452317874404656, 13.014193736395349 ], [ 106.451178868082252, 13.01476015077524 ], [ 106.450357455604276, 13.01469473995042 ], [ 106.449551264363294, 13.014378961139188 ], [ 106.449460990827987, 13.013999698618454 ], [ 106.448603885204577, 13.01393448045509 ], [ 106.447638474321479, 13.01365984879383 ], [ 106.447735136107369, 13.012999810871751 ], [ 106.446846873265898, 13.012579183406256 ], [ 106.445985512776403, 13.011778925331466 ], [ 106.445233879093209, 13.011433086445319 ], [ 106.444160987893028, 13.011089033357083 ], [ 106.443391795297543, 13.011195561445597 ], [ 106.442917484169243, 13.01021405634166 ], [ 106.442229184239878, 13.010364721337028 ], [ 106.441626812000308, 13.011138127659946 ], [ 106.440841309058357, 13.011107488164877 ], [ 106.440380702551195, 13.011705091693571 ], [ 106.439816643068241, 13.012933317528331 ], [ 106.439820481664299, 13.013598347469546 ], [ 106.43939508222789, 13.01351437844427 ], [ 106.439430856909581, 13.014125550105824 ], [ 106.438648372331912, 13.0146199288347 ], [ 106.437866485397493, 13.014267786131713 ], [ 106.437429058416285, 13.013646611030163 ], [ 106.436680048730153, 13.013755768371842 ], [ 106.43610533423282, 13.01403454171165 ], [ 106.436108775656137, 13.014632252928807 ], [ 106.435961114937726, 13.015454949907861 ], [ 106.435888145117985, 13.016015726634704 ], [ 106.434779088949128, 13.015772157750535 ], [ 106.433983441299901, 13.01606362093035 ], [ 106.433529481907101, 13.016626503467229 ], [ 106.433835343519476, 13.016811603919535 ], [ 106.433229632401336, 13.017487399251628 ], [ 106.433118342627708, 13.018011028235863 ], [ 106.432700973579458, 13.018312199638235 ], [ 106.4314449697859, 13.017493827113809 ], [ 106.431254936280254, 13.018619049534271 ], [ 106.430731047816451, 13.018332448306595 ], [ 106.430754507074397, 13.017725213779478 ], [ 106.430298180040026, 13.017877163595198 ], [ 106.430074516076516, 13.018737636708456 ], [ 106.429772295956113, 13.019187601741418 ], [ 106.429241908696369, 13.01971354105682 ], [ 106.428743624323829, 13.019193271100539 ], [ 106.428098081896863, 13.019570409735383 ], [ 106.427643674726852, 13.020058569263357 ], [ 106.426733571388695, 13.020810743467637 ], [ 106.425646792468072, 13.020478478405103 ], [ 106.425400739531156, 13.020930148220424 ], [ 106.425174919918774, 13.021417047407391 ], [ 106.424374833569587, 13.021421443817736 ], [ 106.423187994631732, 13.020419285695317 ], [ 106.422312139053574, 13.020498808375306 ], [ 106.421701272008605, 13.020278007820414 ], [ 106.421095517524165, 13.020953778904465 ], [ 106.420564893802208, 13.021442345266674 ], [ 106.419909969156961, 13.020175747790656 ], [ 106.419301444760421, 13.020365871241497 ], [ 106.418436943347643, 13.021483039247522 ], [ 106.417887233526457, 13.021182071011273 ], [ 106.416916099522126, 13.020846112906343 ], [ 106.416982696261329, 13.021312512644299 ], [ 106.417404551294851, 13.021795866329491 ], [ 106.416645320746198, 13.022285675164699 ], [ 106.416419269979301, 13.022735211088886 ], [ 106.416159364552058, 13.023932100908961 ], [ 106.415628299965661, 13.024345943738913 ], [ 106.415097233572126, 13.024759785648822 ], [ 106.414920034059875, 13.025314928354151 ], [ 106.414720027630054, 13.025509253496571 ], [ 106.413650702914609, 13.026354688688688 ], [ 106.412451475273684, 13.02746299243635 ], [ 106.412354919600418, 13.027548951345562 ], [ 106.410935512655243, 13.028812579215996 ], [ 106.409043542851506, 13.030216184715666 ], [ 106.407763138413344, 13.031140717938618 ], [ 106.405792663507953, 13.034875961191364 ], [ 106.405778118034931, 13.035668184951346 ], [ 106.405702852326982, 13.037137620041593 ], [ 106.405603003072727, 13.038743921036604 ], [ 106.405490377445133, 13.040741278455014 ], [ 106.405401758254754, 13.042703474512072 ], [ 106.405139867599345, 13.043678972472575 ], [ 106.404704854733495, 13.044204531999698 ], [ 106.404234239826181, 13.044651182972929 ], [ 106.403776355789134, 13.045005101823422 ], [ 106.403400485859365, 13.045186812720749 ], [ 106.402766252503568, 13.04554055601397 ], [ 106.401862438272659, 13.046018930431581 ], [ 106.394609036507688, 13.049077526447308 ], [ 106.394128205339584, 13.049248490353868 ], [ 106.393588458620556, 13.049498872122147 ], [ 106.389096766916367, 13.050329854833576 ], [ 106.388498864996663, 13.050487875975094 ], [ 106.387830013235273, 13.050737809225767 ], [ 106.381758502113811, 13.054248524390662 ], [ 106.380160363238971, 13.055493306957912 ], [ 106.379524839936337, 13.056145332974635 ], [ 106.378995491286759, 13.056717690737708 ], [ 106.37861861156702, 13.057244033385981 ], [ 106.378134774159648, 13.058125775123591 ], [ 106.377719703067072, 13.05935293911689 ], [ 106.375864587221955, 13.063534889140113 ], [ 106.375439068607989, 13.064544010665664 ], [ 106.374060519319713, 13.066431713508438 ], [ 106.372788336144609, 13.068171941346591 ], [ 106.371481236827861, 13.069854717608818 ], [ 106.364760718309512, 13.077566132454738 ], [ 106.364744840667413, 13.078190989151256 ], [ 106.364715152362876, 13.078645526405403 ], [ 106.364359579511373, 13.078713448590733 ], [ 106.364156333959428, 13.078875669204647 ], [ 106.363715021890954, 13.079401800539667 ], [ 106.363459273651813, 13.079284579647323 ], [ 106.363333089709684, 13.079018855732073 ], [ 106.363197900727329, 13.079019569423128 ], [ 106.362632695062473, 13.079357657512109 ], [ 106.36250094219325, 13.079591356926572 ], [ 106.362739109642376, 13.079880265543402 ], [ 106.362489638086728, 13.080171881233941 ], [ 106.36215139022741, 13.080710086845684 ], [ 106.361656595617134, 13.080876779084386 ], [ 106.361203609850719, 13.08162384779539 ], [ 106.360928488075245, 13.081934528911818 ], [ 106.360112706725602, 13.0822669918835 ], [ 106.359607827427538, 13.082720765114276 ], [ 106.359467345012916, 13.083153909815524 ], [ 106.360158702040081, 13.083610960223773 ], [ 106.360303342391234, 13.084159242396565 ], [ 106.360076291119441, 13.085018713907393 ], [ 106.360171988348242, 13.085432141302666 ], [ 106.360582725677446, 13.085798589731322 ], [ 106.360591829381065, 13.086284477005886 ], [ 106.360549327207892, 13.086751703098432 ], [ 106.360363462500743, 13.086904143108089 ], [ 106.359712486015624, 13.086768735362861 ], [ 106.359147587684816, 13.087068320436895 ], [ 106.359187217852892, 13.087251126532806 ], [ 106.359479235323064, 13.087672414958563 ], [ 106.359467778636713, 13.087931220241623 ], [ 106.359037725833389, 13.088166986907765 ], [ 106.358545056852194, 13.088724935612529 ], [ 106.358397210155132, 13.0886154188244 ], [ 106.358369091548923, 13.088334588856259 ], [ 106.358451400510702, 13.088081721643658 ], [ 106.358167502038157, 13.088056701441385 ], [ 106.357801838149072, 13.088205046016533 ], [ 106.357487975175204, 13.088496996801394 ], [ 106.357482884487766, 13.088743146535252 ], [ 106.357602634758052, 13.089449331801484 ], [ 106.357767140616431, 13.090098484442569 ], [ 106.357762430492045, 13.090414051244563 ], [ 106.357492938780368, 13.090579551758227 ], [ 106.356776055472395, 13.090166805741292 ], [ 106.356313564731636, 13.090358563245251 ], [ 106.356276214352548, 13.090592260450148 ], [ 106.356388213443168, 13.091058675234876 ], [ 106.35627347024365, 13.09126753677876 ], [ 106.355867503319999, 13.091200250436932 ], [ 106.35557384414119, 13.09165617496399 ], [ 106.355563792957682, 13.092198182372702 ], [ 106.355044985420662, 13.092929781136847 ], [ 106.354549680939044, 13.0937437481498 ], [ 106.353808494110922, 13.094497983461478 ], [ 106.35303399654677, 13.094747264533042 ], [ 106.352542125162614, 13.094607458235961 ], [ 106.351720936661067, 13.094856979427091 ], [ 106.350828702877976, 13.095185973551061 ], [ 106.350027510651856, 13.096250143994043 ], [ 106.349461849489018, 13.097062212252757 ], [ 106.348921826029837, 13.09728991419532 ], [ 106.347855413754075, 13.09728531753016 ], [ 106.34741939740087, 13.097983700515496 ], [ 106.346888639444984, 13.098750379839958 ], [ 106.346138101629734, 13.09885148128588 ], [ 106.344990554382662, 13.09866196966121 ], [ 106.344344051633186, 13.099026953167215 ], [ 106.34410647405636, 13.099967255930361 ], [ 106.344020174313059, 13.100954232142831 ], [ 106.343398198284049, 13.101272753981268 ], [ 106.342937940980775, 13.102075221007233 ], [ 106.342547813309793, 13.102842290666812 ], [ 106.341994021298305, 13.103724346181517 ], [ 106.341287134275404, 13.104651268560268 ], [ 106.340897717341662, 13.105338100010282 ], [ 106.341259748272535, 13.105661669164117 ], [ 106.341806905930923, 13.106639698709447 ], [ 106.341801950592483, 13.10795961332092 ], [ 106.341693599631924, 13.108602041486348 ], [ 106.341468415042002, 13.109278978484603 ], [ 106.340811327708792, 13.109505015643423 ], [ 106.340423067208832, 13.109768074646796 ], [ 106.340257672233278, 13.11020287085028 ], [ 106.340021847741795, 13.110512599459069 ], [ 106.340032685856684, 13.110810873782251 ], [ 106.340324249813335, 13.111213912624162 ], [ 106.340310592681803, 13.11167278149628 ], [ 106.340109055437523, 13.112246761025446 ], [ 106.338911893545557, 13.115684923216588 ], [ 106.339179095071984, 13.116272285951974 ], [ 106.341175604883674, 13.121412628907498 ], [ 106.341162527139758, 13.121871493467026 ], [ 106.341148203711825, 13.122525862133717 ], [ 106.34101665746671, 13.129310182378548 ], [ 106.340909889751316, 13.129607938916415 ], [ 106.339327836187564, 13.132563323781612 ], [ 106.338843861109481, 13.133468744334582 ], [ 106.338665219762163, 13.134121708031357 ], [ 106.338674454429793, 13.134868617173094 ], [ 106.340971527403553, 13.147231718203498 ], [ 106.341460654085779, 13.148014543701867 ], [ 106.342149532446967, 13.148739822349528 ], [ 106.343120565138875, 13.149399212293083 ], [ 106.343598233993902, 13.150193392937146 ], [ 106.343888597436688, 13.150894758374779 ], [ 106.344155526471781, 13.151527313121932 ], [ 106.344177381094354, 13.151940792768213 ], [ 106.344233007308688, 13.152732657324178 ], [ 106.344067290293538, 13.153110956932354 ], [ 106.343760935667319, 13.153602994962609 ], [ 106.343689138196609, 13.153970632669028 ], [ 106.34402673904664, 13.154557616521991 ], [ 106.344036207925683, 13.155131625535757 ], [ 106.344222709316867, 13.15549904250302 ], [ 106.344702662478696, 13.155651345400443 ], [ 106.34463071989866, 13.156098086253097 ], [ 106.344593902100527, 13.156430510456838 ], [ 106.344826509390089, 13.157005610943576 ], [ 106.344766697463982, 13.157350586045299 ], [ 106.344658931834488, 13.15788904721043 ], [ 106.344504733275258, 13.158371250129896 ], [ 106.344327343446693, 13.15882984346525 ], [ 106.344243014647319, 13.159437114581404 ], [ 106.344872663732588, 13.160289255843443 ], [ 106.345081638065054, 13.16086447933802 ], [ 106.345209213395393, 13.161209602724098 ], [ 106.345264925090149, 13.161909932890019 ], [ 106.345696852323854, 13.16245121769056 ], [ 106.34670346832462, 13.162857273118993 ], [ 106.34697048206975, 13.163501122532873 ], [ 106.347247167785568, 13.164754010466154 ], [ 106.347559556098972, 13.165892575924961 ], [ 106.347919097219759, 13.167007162086422 ], [ 106.348276882908422, 13.168432516471064 ], [ 106.348555094439519, 13.169329432788375 ], [ 106.349124121781216, 13.170685873069013 ], [ 106.349660537923015, 13.171561087907635 ], [ 106.35029155688234, 13.172022212661245 ], [ 106.351323441713916, 13.171980619799697 ], [ 106.351908411767923, 13.172350449445194 ], [ 106.352493260332125, 13.172697677417114 ], [ 106.353229740570441, 13.173252030505193 ], [ 106.354166786012684, 13.173474223499161 ], [ 106.35575011222636, 13.173365289301708 ], [ 106.35749829849307, 13.173143601080346 ], [ 106.358952405097597, 13.172920068278804 ], [ 106.360899564640206, 13.172812566127472 ], [ 106.363046050258546, 13.172569517835107 ], [ 106.36554374262488, 13.172442106335009 ], [ 106.367220850430456, 13.172299833031392 ], [ 106.369343287013621, 13.172193593374516 ], [ 106.371653827247016, 13.172008360205142 ], [ 106.373728585342121, 13.172039072466241 ], [ 106.375393573450552, 13.1721036050949 ], [ 106.377151459426088, 13.172180059377368 ], [ 106.378804082979642, 13.172405099307806 ], [ 106.380480216538899, 13.172503439487658 ], [ 106.382156729936995, 13.172463904042615 ], [ 106.384032243860787, 13.172643638478775 ], [ 106.385181415411864, 13.172544776353016 ], [ 106.386108210078973, 13.172377049202948 ], [ 106.38785671192494, 13.172016163153232 ], [ 106.38942808209633, 13.171942118593311 ], [ 106.390188770847686, 13.17227813398368 ], [ 106.391172609226899, 13.17261519689422 ], [ 106.39216621821663, 13.173354487476781 ], [ 106.392784648077566, 13.173907692067834 ], [ 106.393688501621554, 13.173914284478577 ], [ 106.394921394874544, 13.173988096328678 ], [ 106.395615537333867, 13.174271870359929 ], [ 106.396613812711422, 13.174369953932334 ], [ 106.397612545369768, 13.174548545495888 ], [ 106.398353118831324, 13.174740042422295 ], [ 106.398719006540873, 13.175094608607267 ], [ 106.398792045750511, 13.175554288596979 ], [ 106.399005739214914, 13.175978695001536 ], [ 106.399136943770031, 13.176346042199475 ], [ 106.399595036861967, 13.176401052500079 ], [ 106.400238576404249, 13.176040978642446 ], [ 106.400670577391466, 13.175636051540396 ], [ 106.400879694098592, 13.175255344897057 ], [ 106.401153345272732, 13.174836734599365 ], [ 106.401636288849787, 13.174287171090361 ], [ 106.402339615826705, 13.17397065141409 ], [ 106.40345257771564, 13.173596501845376 ], [ 106.404588879112438, 13.173199216404289 ], [ 106.405889040831227, 13.172720514969621 ], [ 106.407003697460681, 13.172645392135406 ], [ 106.408187199935441, 13.172293839829441 ], [ 106.409125712141488, 13.171676510436487 ], [ 106.409976365581642, 13.171122319828644 ], [ 106.410959349428495, 13.170283305896337 ], [ 106.41174197344337, 13.16993941583492 ], [ 106.412796938546222, 13.169692068748255 ], [ 106.413663709921806, 13.169376743120587 ], [ 106.414729020093688, 13.168887792361449 ], [ 106.415584312918028, 13.168618531841314 ], [ 106.416499876202138, 13.168624980999462 ], [ 106.417158412839854, 13.168839880278536 ], [ 106.417888697083185, 13.169284419305898 ], [ 106.418749351255471, 13.169946770441012 ], [ 106.419421949232515, 13.170564151850273 ], [ 106.419929300571795, 13.171021419145239 ], [ 106.420807084719826, 13.170436897162206 ], [ 106.422287244608412, 13.169651256903601 ], [ 106.422979130901069, 13.169550241569215 ], [ 106.424550630312268, 13.169407053779269 ], [ 106.426005637176573, 13.169160544057188 ], [ 106.428292145725806, 13.168928610259817 ], [ 106.429335699766042, 13.168920541072527 ], [ 106.429639323004736, 13.169278189197946 ], [ 106.430258712103964, 13.169899627621422 ], [ 106.43105247179227, 13.170959661531526 ], [ 106.431273665575887, 13.171419467552616 ], [ 106.431305105767777, 13.172464539930131 ], [ 106.431253386412394, 13.173784665941334 ], [ 106.431096939258978, 13.174942657157795 ], [ 106.430717268211836, 13.176284952028373 ], [ 106.430477617851381, 13.177810655680377 ], [ 106.430049040110376, 13.179668502154984 ], [ 106.429705086502395, 13.180907768314533 ], [ 106.429337102576369, 13.182179937504062 ], [ 106.428993181716109, 13.183326542451908 ], [ 106.428602350466349, 13.184438378417836 ], [ 106.428117289198539, 13.18560836856639 ], [ 106.427491009540688, 13.187086504865235 ], [ 106.42699524505511, 13.188003434450653 ], [ 106.42654525202525, 13.189356287668023 ], [ 106.426106720557499, 13.190697776566632 ], [ 106.425586274029598, 13.191934631133339 ], [ 106.425125693659069, 13.192955322367098 ], [ 106.424559089680699, 13.194089602606095 ], [ 106.423640212579897, 13.195233749523835 ], [ 106.422310083833864, 13.196859298138159 ], [ 106.42108597726687, 13.198174632358842 ], [ 106.420016302220247, 13.198973824857392 ], [ 106.418899158116531, 13.199842207157184 ], [ 106.417817017439816, 13.200882152048109 ], [ 106.417017182040013, 13.201579270285379 ], [ 106.416309751496513, 13.202701885537074 ], [ 106.415554795383088, 13.203984093705545 ], [ 106.414988786019123, 13.20483246427008 ], [ 106.414550414487067, 13.205235070454913 ], [ 106.414330258048352, 13.205437264605308 ], [ 106.413718383546922, 13.206032765726819 ], [ 106.413023180997271, 13.206879586518291 ], [ 106.412116378989708, 13.208034934125573 ], [ 106.410938944151994, 13.209362401789653 ], [ 106.409878230375767, 13.211033873056678 ], [ 106.408817541128627, 13.21251098053453 ], [ 106.407747088304774, 13.213494326189624 ], [ 106.406629087627053, 13.214534430287548 ], [ 106.405205217145379, 13.215940072046244 ], [ 106.403863991025787, 13.217278583614631 ], [ 106.402088182259078, 13.218764112001629 ], [ 106.400900575854081, 13.219540154974981 ], [ 106.400243226871865, 13.219859026677517 ], [ 106.398340410166753, 13.220619763705338 ], [ 106.397847158257164, 13.22089366244332 ], [ 106.39680132558351, 13.221555911477044 ], [ 106.395977847461154, 13.222275704406695 ], [ 106.393745100047653, 13.223541065434675 ], [ 106.392570928862554, 13.223949746416572 ], [ 106.392078979199141, 13.224147261384601 ], [ 106.391466731722574, 13.224393072933646 ], [ 106.390826725700506, 13.224632053367916 ], [ 106.390069426494421, 13.224914828895475 ], [ 106.388648481626461, 13.225540668091307 ], [ 106.387180869358986, 13.226074091600202 ], [ 106.386076972183972, 13.226472193148386 ], [ 106.384374552696244, 13.226993314733472 ], [ 106.382825216512444, 13.227458227052475 ], [ 106.381849784229203, 13.227935847959948 ], [ 106.380663214807697, 13.228608969587487 ], [ 106.379370446781792, 13.229269098414726 ], [ 106.37830163699023, 13.229758511344597 ], [ 106.376621545794521, 13.230566488947064 ], [ 106.374917866727316, 13.231489844265271 ], [ 106.373543107316081, 13.232241919712441 ], [ 106.372321178467061, 13.232891465051162 ], [ 106.371050924624939, 13.233873490773645 ], [ 106.370367089705226, 13.234834285819684 ], [ 106.369400649268016, 13.23620905153599 ], [ 106.368938539410578, 13.237424039238746 ], [ 106.368534868374084, 13.238776575744733 ], [ 106.368495587231408, 13.240005117788126 ], [ 106.368539291346082, 13.240808328018245 ], [ 106.368558262378755, 13.242036557623964 ], [ 106.368577752368878, 13.243047820795466 ], [ 106.368539365737703, 13.244023232406697 ], [ 106.368311666307108, 13.245284425048792 ], [ 106.36822617768361, 13.246191158336837 ], [ 106.367869793704642, 13.247544571993442 ], [ 106.367549742253786, 13.248381370689273 ], [ 106.366994296255498, 13.24961945754656 ], [ 106.366509276753675, 13.250765635019807 ], [ 106.366036554126367, 13.251738852645808 ], [ 106.361306567343604, 13.260179398714286 ], [ 106.360689466731202, 13.261646069478372 ], [ 106.359827344858914, 13.262824759752446 ], [ 106.358350547261395, 13.264873451132162 ], [ 106.356424914582959, 13.267642088580953 ], [ 106.354250673032865, 13.27083579465998 ], [ 106.352404671167207, 13.273938473261197 ], [ 106.351547857762469, 13.276300249419945 ], [ 106.350943116754124, 13.277514842840157 ], [ 106.351076884804058, 13.278756029521846 ], [ 106.350974707322067, 13.280203001966781 ], [ 106.350496774553818, 13.281923172942088 ], [ 106.349511610271463, 13.284031370555345 ], [ 106.348129871457871, 13.285885150076444 ], [ 106.347139608586588, 13.286970696379223 ], [ 106.346790425595643, 13.288612209208608 ], [ 106.346239287560351, 13.29076895286715 ], [ 106.345932858548451, 13.293156056184644 ], [ 106.345907833862299, 13.295522459665158 ], [ 106.346962885732466, 13.299687794517872 ], [ 106.348716828865676, 13.302639159673289 ], [ 106.349886720631133, 13.305126910238961 ], [ 106.350343233017995, 13.307346109173523 ], [ 106.350200372315271, 13.309884896735674 ], [ 106.350017407198081, 13.313307573176639 ], [ 106.349907797537213, 13.316120778690024 ], [ 106.349786976310554, 13.318888842222663 ], [ 106.350354272793211, 13.322247637694767 ], [ 106.351030777320872, 13.325008068792986 ], [ 106.352197282537716, 13.328208852767743 ], [ 106.353795659262332, 13.331663839663264 ], [ 106.355237476011027, 13.333831426873688 ], [ 106.355904986364209, 13.336099195325284 ], [ 106.356414087702021, 13.337376782346787 ], [ 106.35677990882445, 13.339033690012958 ], [ 106.357107391440053, 13.341263719579729 ], [ 106.356501011049446, 13.34282299601581 ], [ 106.355858976309733, 13.344405062741771 ], [ 106.354978872269356, 13.346651720498805 ], [ 106.354489218901378, 13.348349361911776 ], [ 106.354046171286484, 13.350024154120099 ], [ 106.353733015752312, 13.351503888455319 ], [ 106.354174816066362, 13.3542632876817 ], [ 106.354200392276013, 13.356056486188431 ], [ 106.353075122603613, 13.358117998393755 ], [ 106.352013773218729, 13.35922656184645 ], [ 106.350914512414903, 13.36078281034248 ], [ 106.35053439968415, 13.361641391242616 ], [ 106.351668874405576, 13.364336077144024 ], [ 106.35263385594908, 13.365812375006104 ], [ 106.352294772895689, 13.367717133402952 ], [ 106.352234288754673, 13.370221571063759 ], [ 106.352203952318149, 13.371404859252955 ], [ 106.352605470505935, 13.37303897543782 ], [ 106.353018786531564, 13.37461426688246 ], [ 106.353355233832517, 13.375340196404029 ], [ 106.353349081585051, 13.376409223911848 ], [ 106.353608903269034, 13.378190995898649 ], [ 106.353225704827381, 13.379636075171023 ], [ 106.352621854982146, 13.380735419472307 ], [ 106.351697062118475, 13.382546127168773 ], [ 106.350998809794461, 13.383691173440512 ], [ 106.350853817411348, 13.384494258622434 ], [ 106.351263689008221, 13.386691077431834 ], [ 106.351577828784187, 13.389312161512386 ], [ 106.351320352978362, 13.391262812399587 ], [ 106.351016005580902, 13.393295075419568 ], [ 106.350688311653371, 13.395281132148149 ], [ 106.350582364126439, 13.397497655631616 ], [ 106.350292497858248, 13.399023594226176 ], [ 106.350000014898285, 13.400391344400886 ], [ 106.358818402067882, 13.40116218189371 ], [ 106.364700194263278, 13.402113574148563 ], [ 106.367489309079616, 13.402486077663147 ], [ 106.371133338486487, 13.403091211254523 ], [ 106.374611953139762, 13.403835050968366 ], [ 106.377364942908144, 13.404447199184336 ], [ 106.380490579441627, 13.405429050273868 ], [ 106.384261128865219, 13.406449134090465 ], [ 106.386333688043194, 13.407058129670183 ], [ 106.387715419465536, 13.407467506890912 ], [ 106.390161289698923, 13.408457485981938 ], [ 106.392513163978137, 13.40945812821346 ], [ 106.394830722307745, 13.410309776915385 ], [ 106.403124930217487, 13.414180348867939 ], [ 106.404541135170604, 13.41475102338668 ], [ 106.406016127634032, 13.415207233680759 ], [ 106.41824825903997, 13.4174315059156 ], [ 106.419106681407314, 13.417068474087653 ], [ 106.420022582956904, 13.416763874561912 ], [ 106.420693109663901, 13.41644596438876 ], [ 106.422009672497651, 13.41586677585348 ], [ 106.423384593205, 13.415299681565868 ], [ 106.424384036176633, 13.414776509704508 ], [ 106.425313264111139, 13.414287630701512 ], [ 106.426253282308863, 13.413867615995221 ], [ 106.427170041192412, 13.413516658045445 ], [ 106.436028819479191, 13.40808319147277 ], [ 106.446017783250824, 13.401783070729145 ], [ 106.447335642170643, 13.400963071226787 ], [ 106.448723455385064, 13.40016526385959 ], [ 106.449593939291816, 13.399619012957759 ], [ 106.450347323164991, 13.399082471875596 ], [ 106.451264407596526, 13.398513348655744 ], [ 106.452488129059446, 13.397784263790472 ], [ 106.453311334488589, 13.397248443329596 ], [ 106.454087907876087, 13.396828145819704 ], [ 106.455075147548087, 13.396316235221212 ], [ 106.456215989771536, 13.395724338079136 ], [ 106.457144196511237, 13.395281688215062 ], [ 106.458156493903218, 13.394620467161374 ], [ 106.459097039940431, 13.394120111748041 ], [ 106.460390080044462, 13.393505848870507 ], [ 106.461423880309624, 13.393063704238848 ], [ 106.462258844948266, 13.392665645781394 ], [ 106.463316222680177, 13.39221092876549 ], [ 106.464551276601256, 13.391459126535144 ], [ 106.465515090285678, 13.390993643832852 ], [ 106.466655581730805, 13.390448034160798 ], [ 106.46717220688663, 13.390278931405645 ], [ 106.468252767790375, 13.389939316222545 ], [ 106.468851842222506, 13.389758431388969 ], [ 106.469368236503172, 13.389646953394305 ], [ 106.470096367166448, 13.389431416082415 ], [ 106.470847866416349, 13.389263199527413 ], [ 106.471681246440909, 13.389084334209995 ], [ 106.472326920564569, 13.388880569854313 ], [ 106.472914309580958, 13.388677144610929 ], [ 106.473971261900786, 13.388348944598292 ], [ 106.474910539472788, 13.388124252654316 ], [ 106.475861788738854, 13.387875759029098 ], [ 106.476390223811194, 13.387752897355206 ], [ 106.477012524178562, 13.387502930505553 ], [ 106.477718385051162, 13.387139478676636 ], [ 106.478870065930877, 13.386638951375705 ], [ 106.479774441840377, 13.38627659159307 ], [ 106.481079427471613, 13.385650862864411 ], [ 106.482007904114113, 13.385173098897234 ], [ 106.483089603932143, 13.384650365983324 ], [ 106.484311389489903, 13.384105336039232 ], [ 106.485005402838254, 13.383695606817618 ], [ 106.485864033846482, 13.383217111357505 ], [ 106.486616554243511, 13.382750536083417 ], [ 106.487310637067907, 13.382259443461027 ], [ 106.488016403637346, 13.381792009650097 ], [ 106.488887153946621, 13.381221907663214 ], [ 106.489781496278994, 13.380641493469453 ], [ 106.490380987291843, 13.380253776593783 ], [ 106.491169341120624, 13.37970562182624 ], [ 106.491947486471901, 13.378905545496298 ], [ 106.492548220050153, 13.378346064515682 ], [ 106.493042465042691, 13.377923934644755 ], [ 106.493690801191804, 13.377317841933671 ], [ 106.494362445135422, 13.376655112986263 ], [ 106.495292993867722, 13.375775031290708 ], [ 106.496011520281925, 13.375043093987804 ], [ 106.497361813620557, 13.37401588976917 ], [ 106.499725862119121, 13.371106955781327 ], [ 106.501964277898409, 13.368419089561549 ], [ 106.504169166657547, 13.36591558842316 ], [ 106.506485029842437, 13.362891637192895 ], [ 106.507591586069083, 13.361472616074371 ], [ 106.508943124976, 13.360015974532367 ], [ 106.510136255240525, 13.358976091872472 ], [ 106.510732159221405, 13.357932986833042 ], [ 106.511091903492655, 13.355843830200657 ], [ 106.512752408633176, 13.354717533256617 ], [ 106.513609920811561, 13.353992636762131 ] ] ] } },
{ "type": "Feature", "properties": { "D_Code": 1103, "D_Name_E": "Ou Reang", "D_Name_K": "GUrraMg", "P_Code": 11, "Areas": 125444.586146 }, "geometry": { "type": "Polygon", "coordinates": [ [ [ 107.375881263370815, 12.523273316871862 ], [ 107.376459840043594, 12.522611964503607 ], [ 107.377233634054718, 12.522308081055758 ], [ 107.377793984671541, 12.522439087896952 ], [ 107.378248618708696, 12.522545372172065 ], [ 107.37932090028194, 12.522886044396643 ], [ 107.3797939555282, 12.523636294376894 ], [ 107.380278636814012, 12.524339099937034 ], [ 107.380074199480774, 12.524862177656907 ], [ 107.381707006445239, 12.524086952805501 ], [ 107.382201250084535, 12.52369970832487 ], [ 107.382797378442092, 12.523704542611844 ], [ 107.383478110296906, 12.523342745202571 ], [ 107.383515857338679, 12.523010318307678 ], [ 107.383649359121918, 12.522460224831431 ], [ 107.383853426547432, 12.521773994127583 ], [ 107.383219393044016, 12.520770961677343 ], [ 107.382814898407361, 12.520227895212665 ], [ 107.382811054599202, 12.51966881047848 ], [ 107.382809591477468, 12.519459864338423 ], [ 107.383035643614534, 12.518978965667406 ], [ 107.382680331649382, 12.518150797758146 ], [ 107.382814456490081, 12.51748659903415 ], [ 107.383308774111626, 12.517042892346742 ], [ 107.383765475716416, 12.516954104699391 ], [ 107.384313108326467, 12.517130020267924 ], [ 107.385037496139162, 12.517204903367357 ], [ 107.385739803802679, 12.517072196266145 ], [ 107.386126721925166, 12.516948971777602 ], [ 107.386490588510668, 12.516768404472696 ], [ 107.386586791777617, 12.516476203731013 ], [ 107.386694132585504, 12.516149933709311 ], [ 107.386750745790579, 12.515981036596612 ], [ 107.386799265394075, 12.515838406361727 ], [ 107.387101359121104, 12.514994297667554 ], [ 107.387409191561474, 12.514526222514927 ], [ 107.387727361671509, 12.514184529821192 ], [ 107.387917762866323, 12.513951014834877 ], [ 107.38795243968076, 12.513908485900402 ], [ 107.387952490671211, 12.513908430328827 ], [ 107.388423757560105, 12.513410272415888 ], [ 107.388789062746852, 12.512999323236114 ], [ 107.389142698523329, 12.512647196146149 ], [ 107.389603179103844, 12.512088506491779 ], [ 107.390017117731546, 12.511540439487003 ], [ 107.390310976193931, 12.511301768317649 ], [ 107.390512418142976, 12.51101649152214 ], [ 107.390620127840819, 12.510730871974296 ], [ 107.390540436473984, 12.510443574313115 ], [ 107.390214528182412, 12.510314303061008 ], [ 107.389372444885822, 12.510377160039015 ], [ 107.388974953615985, 12.510338863609213 ], [ 107.388366943437617, 12.510415449059183 ], [ 107.387692060261159, 12.510031710491385 ], [ 107.387089955657558, 12.509372960150211 ], [ 107.386208709740899, 12.508482791028317 ], [ 107.38570167695022, 12.507663922757738 ], [ 107.38528616468848, 12.507041906727592 ], [ 107.385209182951002, 12.506478952720229 ], [ 107.385437833139221, 12.505654645248377 ], [ 107.38561699190133, 12.505196747744497 ], [ 107.385714553346475, 12.504680850933159 ], [ 107.385299150816323, 12.504070125192985 ], [ 107.384941575616409, 12.503505140940202 ], [ 107.384490023719394, 12.502962489314767 ], [ 107.38417759541025, 12.50261509589296 ], [ 107.383805623088548, 12.502348451886725 ], [ 107.383527420578361, 12.502094528212986 ], [ 107.383859241036689, 12.50211751695791 ], [ 107.383815093934402, 12.501876246790593 ], [ 107.383781490349477, 12.501726307751168 ], [ 107.383654543821336, 12.501609988302945 ], [ 107.38320058981482, 12.50143323448472 ], [ 107.383003172170149, 12.501339041232992 ], [ 107.38278217186064, 12.501244965262037 ], [ 107.382571985570223, 12.501197137738174 ], [ 107.382398987640926, 12.501012295419919 ], [ 107.382370423276157, 12.500402655681707 ], [ 107.382599218937628, 12.499841512503654 ], [ 107.382710485057885, 12.499256564111482 ], [ 107.382891393370102, 12.498741014344944 ], [ 107.382931069016138, 12.498362315555383 ], [ 107.38308616584294, 12.497967779202504 ], [ 107.383183240171761, 12.497720833114718 ], [ 107.384064000438414, 12.497372994176521 ], [ 107.384811719259261, 12.497368632959201 ], [ 107.385652880594236, 12.497399667792875 ], [ 107.386165183139269, 12.49758927097524 ], [ 107.386641953956328, 12.497765817520614 ], [ 107.387236416427911, 12.497909700517337 ], [ 107.387731032113479, 12.497568707582854 ], [ 107.388213095008112, 12.497297837177598 ], [ 107.388264033558727, 12.496965384161824 ], [ 107.387683646013826, 12.496603386465081 ], [ 107.386925987007913, 12.496400060125087 ], [ 107.386612154631507, 12.496270673113242 ], [ 107.386486093980452, 12.496159768416401 ], [ 107.386322421255244, 12.496015769458607 ], [ 107.386103651541077, 12.495726268952629 ], [ 107.38588800198724, 12.495148734521212 ], [ 107.385791729727501, 12.494366874229069 ], [ 107.386163435058762, 12.493531183193577 ], [ 107.386448302530681, 12.493132155177058 ], [ 107.386859919219731, 12.492894706348332 ], [ 107.38738885589666, 12.49260092942075 ], [ 107.3877423530367, 12.492351528620283 ], [ 107.3882005222559, 12.492113666464265 ], [ 107.389092974137881, 12.491720631656678 ], [ 107.389375627987803, 12.491527235613541 ], [ 107.389589223729331, 12.491377363261515 ], [ 107.389988385145855, 12.491097109631211 ], [ 107.390436107065653, 12.490779114670893 ], [ 107.390791034067973, 12.490380636757452 ], [ 107.390868770144621, 12.489639238776304 ], [ 107.390869016216811, 12.489636896299706 ], [ 107.390869265817543, 12.489634537527209 ], [ 107.390921586907808, 12.489140459368672 ], [ 107.390845124541883, 12.488634056723154 ], [ 107.390528035429085, 12.487711784010799 ], [ 107.390472750911755, 12.487446854299124 ], [ 107.390311198951267, 12.487260830483853 ], [ 107.390021473253412, 12.487063476361625 ], [ 107.38969841880818, 12.486680043993736 ], [ 107.389773839833879, 12.48619822137511 ], [ 107.389977996133567, 12.485706224163213 ], [ 107.390309403641766, 12.48530678170577 ], [ 107.390719502842174, 12.485219579099088 ], [ 107.391101954677652, 12.485498591567044 ], [ 107.391144279065429, 12.485912698344645 ], [ 107.391292575939772, 12.486224231135182 ], [ 107.391384517420008, 12.48635224086796 ], [ 107.392153271528144, 12.486578045011068 ], [ 107.392480544448091, 12.486603416103982 ], [ 107.393112819594805, 12.486483703369244 ], [ 107.39315380354877, 12.485943467050106 ], [ 107.393062689787314, 12.485724025759888 ], [ 107.392961638908204, 12.485355612378992 ], [ 107.392745095924141, 12.484870689978871 ], [ 107.392380657160771, 12.48399409876766 ], [ 107.392371934921883, 12.483729841572373 ], [ 107.392281430651565, 12.483452758089813 ], [ 107.392226544540847, 12.483165240112809 ], [ 107.39211375335455, 12.482773169407491 ], [ 107.392144223501205, 12.482152892364399 ], [ 107.392488181953681, 12.481684498221089 ], [ 107.393055537318318, 12.481127122058009 ], [ 107.393384132773207, 12.48099203785695 ], [ 107.394143749959014, 12.480976259292669 ], [ 107.394414229288572, 12.480829312638006 ], [ 107.394489615078072, 12.480336199425848 ], [ 107.394006717205642, 12.479630050997871 ], [ 107.393662026728848, 12.479086370178672 ], [ 107.393279688177259, 12.478818743377531 ], [ 107.392989144432249, 12.478655276579046 ], [ 107.392480480658335, 12.478156051128071 ], [ 107.392397230195172, 12.47722384417521 ], [ 107.392470821918394, 12.476914860112714 ], [ 107.392497233566615, 12.476661582378263 ], [ 107.392253254928647, 12.476498874988003 ], [ 107.392259214425096, 12.475958947250405 ], [ 107.392429062949645, 12.475431027675842 ], [ 107.392362941658249, 12.475051009260364 ], [ 107.391933053553686, 12.474806295731867 ], [ 107.39125827371754, 12.474546857819618 ], [ 107.390376669755696, 12.473975316615306 ], [ 107.390051951490037, 12.473730841346761 ], [ 107.389600880063853, 12.473358659039629 ], [ 107.38894916648799, 12.472041843722254 ], [ 107.388894794145017, 12.471685388875484 ], [ 107.388889630099271, 12.471064251476541 ], [ 107.38900015601314, 12.470582119270112 ], [ 107.389241275281748, 12.469929350795056 ], [ 107.389620665029369, 12.469439237613567 ], [ 107.390081314893891, 12.469029619152899 ], [ 107.390445232129437, 12.468861523490258 ], [ 107.390950709943056, 12.468578074439508 ], [ 107.391482038471068, 12.468112541064242 ], [ 107.391929544798458, 12.467783258285944 ], [ 107.392261939989467, 12.467303677567553 ], [ 107.392465904090344, 12.46680038903126 ], [ 107.392453335192741, 12.46586872903397 ], [ 107.392118082830052, 12.465532833521054 ], [ 107.391770366482987, 12.46527609472631 ], [ 107.391469030063163, 12.465066464260046 ], [ 107.391132876929618, 12.464822088806812 ], [ 107.390483113319249, 12.464401977592066 ], [ 107.389948965841469, 12.464063322518907 ], [ 107.390153320232471, 12.463593910145967 ], [ 107.390961275896117, 12.463406074611623 ], [ 107.391938876965682, 12.46272654693384 ], [ 107.392011642759499, 12.462451448916655 ], [ 107.391583962857283, 12.462056473445241 ], [ 107.391409868979565, 12.461939398446532 ], [ 107.390503735511956, 12.461482664903404 ], [ 107.390189136261426, 12.461364077700171 ], [ 107.390061612364264, 12.461306394450245 ], [ 107.389960468089114, 12.460925599559658 ], [ 107.390045898475165, 12.460592752376186 ], [ 107.390120500179762, 12.46020353568184 ], [ 107.390219279056851, 12.459755385211823 ], [ 107.390351593464231, 12.459400711625658 ], [ 107.390600170885634, 12.459116107049866 ], [ 107.391132161579634, 12.45853421170834 ], [ 107.39158015840205, 12.458193726856789 ], [ 107.39122478815284, 12.457547413601844 ], [ 107.390736203231697, 12.457347297566621 ], [ 107.390121600390003, 12.456939339401353 ], [ 107.390179078932434, 12.455996847779611 ], [ 107.390513190983711, 12.455333141089158 ], [ 107.390693172863465, 12.454910289307126 ], [ 107.390234245440098, 12.454181235355021 ], [ 107.389734829902608, 12.453923665967393 ], [ 107.389734735082158, 12.453923653252199 ], [ 107.389296043963824, 12.45386209401579 ], [ 107.389289651742132, 12.453827231265603 ], [ 107.389247444938661, 12.453597056841925 ], [ 107.389580259597494, 12.453106184511123 ], [ 107.389898789049482, 12.452810753977756 ], [ 107.390249103105234, 12.452848398274746 ], [ 107.390419978883031, 12.453252335831689 ], [ 107.391242465409547, 12.453892257200668 ], [ 107.391656545200149, 12.453425507895178 ], [ 107.392895249181493, 12.45340207387515 ], [ 107.394032518845336, 12.453891761755562 ], [ 107.394832557575498, 12.453605158632046 ], [ 107.394907252186684, 12.453197920960253 ], [ 107.394907252509057, 12.453197855899081 ], [ 107.394914115166088, 12.45259470176453 ], [ 107.395126460472213, 12.452378261878827 ], [ 107.395050725606168, 12.451825417018616 ], [ 107.395397997789857, 12.451093835038924 ], [ 107.395867433058896, 12.450902217247993 ], [ 107.396260785136292, 12.451251147651361 ], [ 107.396171331469034, 12.451962376207572 ], [ 107.396223954641428, 12.452491575101153 ], [ 107.397314793349167, 12.453134787661966 ], [ 107.397934844762162, 12.453071648663354 ], [ 107.398381207247908, 12.452868938867178 ], [ 107.398582425249344, 12.452629920008688 ], [ 107.39860965946356, 12.45228521157626 ], [ 107.398517741795246, 12.452158376121604 ], [ 107.398342942617958, 12.45208765609719 ], [ 107.397934834954597, 12.452014487544385 ], [ 107.397667396395534, 12.451919744979818 ], [ 107.397930742014694, 12.451313123376213 ], [ 107.397934295517516, 12.451014879546854 ], [ 107.397853244254335, 12.450783514437868 ], [ 107.397764331083778, 12.450529633892982 ], [ 107.397651164934388, 12.450218872641649 ], [ 107.397808942040925, 12.449691151101863 ], [ 107.398188082817498, 12.449178359876869 ], [ 107.398483322706127, 12.448916010684357 ], [ 107.398813890383749, 12.448620555716552 ], [ 107.398968018880709, 12.448380871647133 ], [ 107.399071741139309, 12.447474110219524 ], [ 107.39890268069874, 12.446897251609064 ], [ 107.398682553902248, 12.446769386748153 ], [ 107.398389131557153, 12.446857813647251 ], [ 107.397822542632284, 12.447416263876205 ], [ 107.397585295021898, 12.447735733085119 ], [ 107.397337637769894, 12.447928818590839 ], [ 107.397032765638741, 12.448017345860782 ], [ 107.396846626430403, 12.447958016980126 ], [ 107.396684683599972, 12.447784372980014 ], [ 107.39675693842716, 12.447578207876274 ], [ 107.396995000706966, 12.447223680079093 ], [ 107.39726775932786, 12.446824847957593 ], [ 107.397458126153467, 12.446527205330295 ], [ 107.397498215547543, 12.446079574462107 ], [ 107.397219660331857, 12.445904707583376 ], [ 107.396917337514154, 12.445775220477458 ], [ 107.396664082432224, 12.445416103141406 ], [ 107.396890594860992, 12.445050385967708 ], [ 107.397475204892345, 12.445010149760325 ], [ 107.397839767382308, 12.444784409531415 ], [ 107.39786567502361, 12.444542520097857 ], [ 107.39745108492211, 12.444009665804773 ], [ 107.397314233328842, 12.443686737308362 ], [ 107.39741444606274, 12.443090597482611 ], [ 107.397926981298127, 12.443210269830566 ], [ 107.398405633889737, 12.443272695866478 ], [ 107.399066718616766, 12.442669321774355 ], [ 107.399075830241031, 12.441853740286719 ], [ 107.399046432511057, 12.441335629230119 ], [ 107.399028310527939, 12.440864756076298 ], [ 107.399021739836613, 12.440405162004339 ], [ 107.399029495053313, 12.439681107614311 ], [ 107.398721681920222, 12.439010621645526 ], [ 107.398230320606785, 12.439024555727174 ], [ 107.398169436617806, 12.437190283454846 ], [ 107.398241107102578, 12.437052964364495 ], [ 107.398397873234046, 12.43660547483317 ], [ 107.398463850276059, 12.435905745282369 ], [ 107.398609673034585, 12.435389423603045 ], [ 107.398652346950314, 12.434711312971134 ], [ 107.398611754149556, 12.434170715449463 ], [ 107.398610215616088, 12.434164860293098 ], [ 107.398073481647685, 12.432119792716483 ], [ 107.397961465993532, 12.431717576716432 ], [ 107.397961147437044, 12.431716424754693 ], [ 107.397799906421568, 12.430485610723423 ], [ 107.397691597051349, 12.42970268652819 ], [ 107.397795834688722, 12.428727081620695 ], [ 107.398083244122347, 12.428108956062003 ], [ 107.398511736245936, 12.427400325097599 ], [ 107.398975867275595, 12.426635005977246 ], [ 107.399312584952526, 12.425764574598523 ], [ 107.39986999495153, 12.425011888956613 ], [ 107.400531170684189, 12.424373556004197 ], [ 107.401087785959106, 12.423724766620486 ], [ 107.401391839917423, 12.423211560111833 ], [ 107.401575480953156, 12.4229015993975 ], [ 107.403647871152955, 12.421883690741184 ], [ 107.404313122900334, 12.421245316135627 ], [ 107.404867923667069, 12.420598795805541 ], [ 107.405356865392605, 12.419781306206483 ], [ 107.405356818042009, 12.418778262325439 ], [ 107.405005828682022, 12.417597743745091 ], [ 107.404957776765912, 12.416369274856029 ], [ 107.423885312898435, 12.401354866160778 ], [ 107.457439777536962, 12.374816765020306 ], [ 107.46540622412661, 12.374702330919703 ], [ 107.546066055127184, 12.373530561752805 ], [ 107.545564258751284, 12.373198718444904 ], [ 107.545201632611921, 12.372647594606667 ], [ 107.544884689628873, 12.371890498116544 ], [ 107.544615572737456, 12.371385931179521 ], [ 107.54474311005572, 12.370972519544255 ], [ 107.544975551850413, 12.370833690388123 ], [ 107.545313281563509, 12.370534635518494 ], [ 107.545964544969081, 12.369751536155391 ], [ 107.546278045037354, 12.369026936613546 ], [ 107.546649679518509, 12.368255489178933 ], [ 107.546927829689864, 12.36743974230259 ], [ 107.54707756461319, 12.366531460284788 ], [ 107.547017170451156, 12.365692907704403 ], [ 107.54691090505078, 12.364981274260696 ], [ 107.546769436732689, 12.364430339357483 ], [ 107.546673529023778, 12.363305259943095 ], [ 107.546729512712048, 12.362087280085456 ], [ 107.547216888306664, 12.361109206187576 ], [ 107.547624471776203, 12.360729312550484 ], [ 107.547460158363734, 12.360132287360894 ], [ 107.547131237775787, 12.35914491325337 ], [ 107.547095072891153, 12.358731904071705 ], [ 107.546732699711583, 12.358204493155617 ], [ 107.546522147665073, 12.357814573752533 ], [ 107.546345887184543, 12.357228952503972 ], [ 107.546391498283697, 12.356837765240895 ], [ 107.545911091891426, 12.355805499933584 ], [ 107.545616816576171, 12.354657427361481 ], [ 107.545475221725567, 12.353854642413109 ], [ 107.545041381302241, 12.352706743867985 ], [ 107.544561409922622, 12.351777242604859 ], [ 107.543975895079299, 12.350802421549535 ], [ 107.542691854717148, 12.350174060831144 ], [ 107.541898807639342, 12.350130641454205 ], [ 107.541478967717865, 12.35007357400773 ], [ 107.541222866122169, 12.350258921667956 ], [ 107.540780251001451, 12.350639131518079 ], [ 107.540396300838893, 12.350789531465958 ], [ 107.540069872046956, 12.351008285548076 ], [ 107.539813268093866, 12.350963245381656 ], [ 107.539557622221366, 12.351434318741084 ], [ 107.539149766222351, 12.351607526936181 ], [ 107.538672525184296, 12.351792676307822 ], [ 107.537984335416922, 12.351783279320708 ], [ 107.537471305717546, 12.351830976845498 ], [ 107.53696955262123, 12.351797252902109 ], [ 107.536514279513725, 12.351580136049087 ], [ 107.536151987498457, 12.351236792599774 ], [ 107.535893886031616, 12.350559312156147 ], [ 107.535671652730542, 12.350146901164349 ], [ 107.535413623550468, 12.349297754752385 ], [ 107.535319038555087, 12.348780252293258 ], [ 107.535353122440313, 12.348263810632687 ], [ 107.535537607258291, 12.347321323570329 ], [ 107.535407308531489, 12.346494704358216 ], [ 107.534753938209263, 12.346163100879474 ], [ 107.534251841307807, 12.345853805168606 ], [ 107.533538747841561, 12.345224599040291 ], [ 107.532710632108078, 12.344997387045458 ], [ 107.531894727881379, 12.345263597646561 ], [ 107.531358134238701, 12.345069813658183 ], [ 107.530692885894865, 12.344876092533225 ], [ 107.530507039733592, 12.345140964375467 ], [ 107.530181247504544, 12.345486192313928 ], [ 107.529761600044779, 12.345568015946592 ], [ 107.529190431306489, 12.345661410430731 ], [ 107.528957066337128, 12.345822819109246 ], [ 107.528654569113371, 12.346201710191878 ], [ 107.528002442598321, 12.346537541484434 ], [ 107.527628259128448, 12.346090390676338 ], [ 107.527801851380218, 12.345446161872356 ], [ 107.528232604878653, 12.344905708997704 ], [ 107.528417324208689, 12.344283965582576 ], [ 107.52841638995956, 12.343767846350145 ], [ 107.528205454988736, 12.343274005887277 ], [ 107.527971136399557, 12.342677607664443 ], [ 107.527585018918899, 12.341943702380597 ], [ 107.527279274592445, 12.340726805746465 ], [ 107.527103269435784, 12.340221344731441 ], [ 107.526740367835828, 12.339751498157346 ], [ 107.52634367872281, 12.339591414384909 ], [ 107.525725688554772, 12.33959262432967 ], [ 107.525095886334171, 12.339560060572431 ], [ 107.524151603292694, 12.33973482567596 ], [ 107.523557197900445, 12.339919901513376 ], [ 107.52249635091151, 12.340038142553031 ], [ 107.521610123581752, 12.340098294111995 ], [ 107.521166582500399, 12.339903625506707 ], [ 107.520932730937346, 12.339594076858424 ], [ 107.5205816225441, 12.33897503148391 ], [ 107.520090784606637, 12.338458922107078 ], [ 107.519192557994359, 12.338104691007674 ], [ 107.518107243871412, 12.337705878859484 ], [ 107.517523352868466, 12.337488781432501 ], [ 107.516589849038127, 12.336928187267652 ], [ 107.515970737650377, 12.336631224694308 ], [ 107.515491565976419, 12.336012222333592 ], [ 107.514894325406644, 12.334877045484333 ], [ 107.514099785371926, 12.333890506945913 ], [ 107.513656269537478, 12.333696951316208 ], [ 107.513713031703261, 12.332903593865815 ], [ 107.513688573991658, 12.332386557261195 ], [ 107.513534616139381, 12.331238254186625 ], [ 107.513277203991947, 12.330744822233887 ], [ 107.512785935070099, 12.329999430206367 ], [ 107.51211950059519, 12.329254520858997 ], [ 107.511698909255813, 12.328934257796993 ], [ 107.511231883452041, 12.328683314130506 ], [ 107.510426518303973, 12.328305602413923 ], [ 107.509924893943079, 12.32810014977913 ], [ 107.509446591237548, 12.328112455723527 ], [ 107.508910564459313, 12.328033809995087 ], [ 107.508128078215478, 12.327645715379507 ], [ 107.507836761478941, 12.327692439895552 ], [ 107.507277555158495, 12.327773249229329 ], [ 107.506845779982555, 12.327786252222527 ], [ 107.506356056227858, 12.32768458839336 ], [ 107.505632192257877, 12.327421310409219 ], [ 107.504861264368145, 12.326677338027785 ], [ 107.504440579201287, 12.326104075492125 ], [ 107.503832539685916, 12.325336015231951 ], [ 107.503143080043756, 12.324521265638355 ], [ 107.502804356959487, 12.324292844947319 ], [ 107.50223278884684, 12.324099311285016 ], [ 107.501684592077396, 12.324008338389516 ], [ 107.501007628722547, 12.323723156469164 ], [ 107.500458700955605, 12.323494400200889 ], [ 107.499875756849306, 12.323312259318623 ], [ 107.499291985749338, 12.323164006101607 ], [ 107.498802563368756, 12.323153805356643 ], [ 107.498196094520452, 12.323155969529608 ], [ 107.497624597758772, 12.323030188405225 ], [ 107.497088035322719, 12.322893922451442 ], [ 107.496480225936949, 12.322390119595607 ], [ 107.496022381607474, 12.322004474314696 ], [ 107.495377875359935, 12.322400201722763 ], [ 107.494492152420136, 12.322206132631111 ], [ 107.493350385526881, 12.321597648462031 ], [ 107.492080865054433, 12.320840114247977 ], [ 107.491043289633609, 12.320438478258247 ], [ 107.490053246273433, 12.320082710304929 ], [ 107.489272547322429, 12.31981877095226 ], [ 107.488654606979097, 12.319761158646147 ], [ 107.487908985479791, 12.319623388590438 ], [ 107.486673328565843, 12.319531870096778 ], [ 107.486230657434405, 12.319119147364752 ], [ 107.48500711594582, 12.318545249713054 ], [ 107.483468820997359, 12.318212514637345 ], [ 107.482466803455196, 12.317925719605208 ], [ 107.481243412749691, 12.317305494579221 ], [ 107.480055706985169, 12.316570868314502 ], [ 107.479193478406742, 12.315940574175762 ], [ 107.477656341137219, 12.314872537681778 ], [ 107.476433236122347, 12.314035434622214 ], [ 107.47479015790131, 12.313426886476424 ], [ 107.473019155835928, 12.312956143487106 ], [ 107.471608898732484, 12.312554408708131 ], [ 107.469814878778536, 12.31164789384508 ], [ 107.468487567344823, 12.310533848250168 ], [ 107.467672191935492, 12.309627504089393 ], [ 107.467311701533703, 12.308846935382167 ], [ 107.46745313424509, 12.307940984445779 ], [ 107.46746640666403, 12.306287376608678 ], [ 107.467397943637778, 12.304921382487006 ], [ 107.467236734767468, 12.30364771008848 ], [ 107.466993328271215, 12.302488850825911 ], [ 107.466714727195679, 12.301558453596883 ], [ 107.466132149367482, 12.300916545137241 ], [ 107.465398611364776, 12.300652096817952 ], [ 107.464781277941128, 12.300100851488727 ], [ 107.464234514588767, 12.298987640799382 ], [ 107.46337329388534, 12.298024085676776 ], [ 107.461975768298529, 12.296944507821861 ], [ 107.460531768025746, 12.295991834935192 ], [ 107.459043456548613, 12.294864983701682 ], [ 107.457453370129826, 12.293853389056679 ], [ 107.455511012619283, 12.293477645314942 ], [ 107.4541711103181, 12.293156483033131 ], [ 107.452656138588168, 12.29303001983266 ], [ 107.451141297456729, 12.292731869974668 ], [ 107.449591491087929, 12.292192324719883 ], [ 107.447070821635876, 12.292423173035827 ], [ 107.44495431139741, 12.292597536573567 ], [ 107.444287317648488, 12.292261530999319 ], [ 107.444028109677362, 12.291579916143155 ], [ 107.444262906893215, 12.289619292448386 ], [ 107.444397993940356, 12.288369280603153 ], [ 107.443921313648403, 12.287370585328452 ], [ 107.443701894753829, 12.285810514396736 ], [ 107.443598992199242, 12.284305873490943 ], [ 107.443520052976226, 12.282285990270859 ], [ 107.443742265444314, 12.281287830717323 ], [ 107.444058701446338, 12.280232358887964 ], [ 107.444176325717422, 12.279163977272518 ], [ 107.443700055178539, 12.278269184527204 ], [ 107.44241901325347, 12.277098073568631 ], [ 107.440590727971838, 12.275927316112499 ], [ 107.439403316488367, 12.274756483193146 ], [ 107.438776070724657, 12.273240691117239 ], [ 107.438370571247916, 12.271359238672078 ], [ 107.438512568222137, 12.270003756545997 ], [ 107.439364757105778, 12.268696168811687 ], [ 107.440497033166324, 12.267686520754651 ], [ 107.441768575205884, 12.26671064196298 ], [ 107.442305479980675, 12.265838438468588 ], [ 107.442155485845547, 12.264827784875292 ], [ 107.441865150008439, 12.263978762980699 ], [ 107.44109764630241, 12.262693501607053 ], [ 107.440446078785712, 12.26190077634835 ], [ 107.439212086763177, 12.260776652811826 ], [ 107.438944722572572, 12.260363390340531 ], [ 107.438759077973728, 12.259720121120631 ], [ 107.438294047738694, 12.258916693179435 ], [ 107.437606485797744, 12.258641571191232 ], [ 107.437187291866778, 12.258514279278621 ], [ 107.436651823848109, 12.258043534495616 ], [ 107.436734676030355, 12.256873809854126 ], [ 107.436713661054853, 12.255335672559969 ], [ 107.436598060503059, 12.254439908605669 ], [ 107.436412945839933, 12.253727735424871 ], [ 107.436040809599334, 12.252970914574508 ], [ 107.435820261524398, 12.252339245467388 ], [ 107.435767193143974, 12.252125117863743 ], [ 107.435536266697483, 12.251864003911265 ], [ 107.435216004417299, 12.250689948652607 ], [ 107.434732860935455, 12.249160427534884 ], [ 107.434470606306959, 12.247861615615182 ], [ 107.434347075388771, 12.246850714700756 ], [ 107.434117388433748, 12.246035019964976 ], [ 107.433417939356644, 12.245836787966933 ], [ 107.431865020379774, 12.245864102872373 ], [ 107.429759589858023, 12.246566068554973 ], [ 107.427223780718265, 12.247047064843862 ], [ 107.423838786128925, 12.246905292360854 ], [ 107.421819273513236, 12.246896008791916 ], [ 107.420283691440375, 12.245740546712927 ], [ 107.41907734736337, 12.244104407515048 ], [ 107.418555066492246, 12.243435842328209 ], [ 107.418325686813262, 12.242585110098778 ], [ 107.418096370063864, 12.241677902742094 ], [ 107.417949051494432, 12.240758679815555 ], [ 107.417730272546919, 12.240125841042714 ], [ 107.417369253701509, 12.239951690683341 ], [ 107.416911830420915, 12.240352161750634 ], [ 107.416811977639028, 12.241683561958412 ], [ 107.416758527905586, 12.243129759126358 ], [ 107.416399491340073, 12.244941208492412 ], [ 107.415552580160309, 12.246269017389851 ], [ 107.414098243460757, 12.247605555462714 ], [ 107.412317055667344, 12.248929148955241 ], [ 107.410641348057737, 12.250172743196083 ], [ 107.409821492989735, 12.2507537187723 ], [ 107.408465318480481, 12.251080749978696 ], [ 107.407144584336962, 12.251453771369667 ], [ 107.406477786302943, 12.25169116245719 ], [ 107.40598519906942, 12.252207136144415 ], [ 107.405098871177032, 12.252424989229462 ], [ 107.40380426177714, 12.253021406801803 ], [ 107.401879491462225, 12.254225350023418 ], [ 107.400024395393103, 12.255580025304459 ], [ 107.398718305317573, 12.256370793487251 ], [ 107.398686835408029, 12.256399688323619 ], [ 107.398017826849625, 12.257013949148581 ], [ 107.397970338519954, 12.257668336970811 ], [ 107.396794454857329, 12.258566590592562 ], [ 107.394563778384722, 12.257316112397305 ], [ 107.393798574760424, 12.257481535168189 ], [ 107.392629877302667, 12.257650476600737 ], [ 107.392487446910351, 12.259755095352141 ], [ 107.391779043763108, 12.261745594144946 ], [ 107.390573908912728, 12.262351397606819 ], [ 107.38916487244029, 12.262720856804748 ], [ 107.387683704096403, 12.264043412398424 ], [ 107.386730652877844, 12.265758228214212 ], [ 107.38567865814818, 12.266047641930973 ], [ 107.384142561077525, 12.266972326698415 ], [ 107.382613732498342, 12.268707005488947 ], [ 107.380974653311753, 12.269632570614174 ], [ 107.379129651528672, 12.270559917971541 ], [ 107.378007140568414, 12.271683502903475 ], [ 107.376575752066287, 12.272809763033848 ], [ 107.375445958960327, 12.273123334630547 ], [ 107.374112064322404, 12.273641190032718 ], [ 107.372781789442783, 12.274564041157857 ], [ 107.37072174185262, 12.27448061618872 ], [ 107.369178289909428, 12.274595228691695 ], [ 107.366197048136243, 12.275127288961471 ], [ 107.364353748748073, 12.276257055651474 ], [ 107.363442481595271, 12.277986325086681 ], [ 107.361802359110243, 12.278810547945602 ], [ 107.360061972689039, 12.279939405338382 ], [ 107.358624139508265, 12.280356830814418 ], [ 107.357398531004748, 12.281481241160831 ], [ 107.355443174756289, 12.281599327416163 ], [ 107.353799398587086, 12.282018502319326 ], [ 107.351844031967545, 12.282136565658067 ], [ 107.349894952912152, 12.282963382032998 ], [ 107.347831223613085, 12.282474785204489 ], [ 107.346280513689791, 12.281779255762929 ], [ 107.344214105909998, 12.280986872098859 ], [ 107.343393997786663, 12.281398933938057 ], [ 107.342895315500613, 12.283225890833233 ], [ 107.340224550479959, 12.283957558723181 ], [ 107.336622626228873, 12.284190847981057 ], [ 107.333955394887113, 12.285327471754197 ], [ 107.331186955965308, 12.286667459983438 ], [ 107.329644268017887, 12.286883117317281 ], [ 107.327258266218465, 12.284878185435836 ], [ 107.324586525994263, 12.28550845710514 ], [ 107.322026614951454, 12.287150373257809 ], [ 107.319964639158911, 12.286864073648902 ], [ 107.318411285764213, 12.285864613818173 ], [ 107.316138957471637, 12.28507375332147 ], [ 107.314464072884945, 12.281948783949296 ], [ 107.312398598594513, 12.281257398025616 ], [ 107.310530226121827, 12.279551704098312 ], [ 107.308566858969911, 12.278758159635373 ], [ 107.307548403663745, 12.278868005801861 ], [ 107.305896051103318, 12.278314849814592 ], [ 107.303177110443826, 12.27825671735838 ], [ 107.300615874397266, 12.277387125695972 ], [ 107.299458463731767, 12.276910780760733 ], [ 107.298060270696496, 12.277165546513771 ], [ 107.29583625892451, 12.277184197594005 ], [ 107.294617534512611, 12.279138672941741 ], [ 107.294836472843599, 12.282539299221112 ], [ 107.293464960727874, 12.283976583922064 ], [ 107.293938042961557, 12.285333605724574 ], [ 107.29269101617848, 12.285927331991648 ], [ 107.292768702135035, 12.287287666575716 ], [ 107.292118687967672, 12.288330052049149 ], [ 107.292454361016553, 12.289040136814615 ], [ 107.29246615164702, 12.290401025271319 ], [ 107.293000090903348, 12.291174255514072 ], [ 107.292277994927701, 12.291504349878704 ], [ 107.290959984653497, 12.291515389747484 ], [ 107.29116498249013, 12.292356189119744 ], [ 107.290978504373982, 12.29365392719586 ], [ 107.291647057768444, 12.294750077974653 ], [ 107.291991726742125, 12.296497029407663 ], [ 107.291538836459836, 12.297472956251754 ], [ 107.292492462877632, 12.298151936501844 ], [ 107.292538954565686, 12.298649278951734 ], [ 107.291193228876296, 12.299116811383074 ], [ 107.290782952926364, 12.300447534592493 ], [ 107.291252659511741, 12.301107240254293 ], [ 107.293282232792464, 12.301670911383775 ], [ 107.293883518499797, 12.302910194309206 ], [ 107.294190285265685, 12.304234903079356 ], [ 107.293990913724798, 12.305563858670704 ], [ 107.293872297992522, 12.306477360325191 ], [ 107.292946528225244, 12.306733994160714 ], [ 107.291465597699741, 12.306207206261986 ], [ 107.289751004989839, 12.307922161034892 ], [ 107.289299255334996, 12.309336186448245 ], [ 107.289059477152747, 12.310872870985948 ], [ 107.289699718698103, 12.311738536617641 ], [ 107.289928956239805, 12.313851975439569 ], [ 107.291111792088572, 12.314049445084672 ], [ 107.291330610035061, 12.3149601159847 ], [ 107.291086525205614, 12.315999104584201 ], [ 107.291093004801994, 12.316745647604534 ], [ 107.290852878504097, 12.318240855675723 ], [ 107.289422333077155, 12.318667630080604 ], [ 107.289006279351781, 12.319334761634794 ], [ 107.289097834934594, 12.32016354780435 ], [ 107.28815704677551, 12.320342872757127 ], [ 107.287997894278305, 12.320407632878863 ], [ 107.287661809686128, 12.320548883187445 ], [ 107.287410519588491, 12.320758377070685 ], [ 107.287085699230175, 12.321287417884426 ], [ 107.286786427216128, 12.321759070858251 ], [ 107.286493314097001, 12.322010392574221 ], [ 107.286328541336573, 12.322468027708441 ], [ 107.285953579222479, 12.323010378626892 ], [ 107.285468824540771, 12.323054842437408 ], [ 107.284116904845163, 12.322617721121912 ], [ 107.282544131724649, 12.322214065930016 ], [ 107.281401750034362, 12.321961555436506 ], [ 107.280270245517841, 12.322236459130336 ], [ 107.279931506679787, 12.322787130192134 ], [ 107.279580204503006, 12.323612391752608 ], [ 107.278425894138451, 12.323509072539039 ], [ 107.277365817510514, 12.323209546317923 ], [ 107.276513940424451, 12.323473065511978 ], [ 107.275112178247667, 12.32484927806588 ], [ 107.274447539088683, 12.325044586259413 ], [ 107.274074740875506, 12.324711079919437 ], [ 107.273247856829144, 12.324342949606194 ], [ 107.271824932892827, 12.324732076028177 ], [ 107.270832062023288, 12.325500544188827 ], [ 107.269492238964673, 12.325201055286934 ], [ 107.268820119934631, 12.325018808455338 ], [ 107.268687900330178, 12.324982956845757 ], [ 107.268082828454652, 12.324557616536076 ], [ 107.26789848550618, 12.323226245437798 ], [ 107.267154129458817, 12.32243381593868 ], [ 107.26710971908561, 12.321343010609882 ], [ 107.266702614523226, 12.320825654724946 ], [ 107.26623548776152, 12.321078040435584 ], [ 107.265815868843461, 12.32104311833368 ], [ 107.265363094988075, 12.320090120476651 ], [ 107.264678412390936, 12.318551662485101 ], [ 107.264459163523384, 12.317299644923697 ], [ 107.264436631366138, 12.316748595647182 ], [ 107.263493106063819, 12.316439004694542 ], [ 107.262898991774534, 12.316082462182441 ], [ 107.262575148167784, 12.314956691655338 ], [ 107.262214960172173, 12.314348569674905 ], [ 107.261678299845485, 12.314462583620424 ], [ 107.261058900734028, 12.315311512149934 ], [ 107.260556837072357, 12.31557547180573 ], [ 107.260008671180984, 12.315620673975566 ], [ 107.259694065500369, 12.315505800105447 ], [ 107.259474086526041, 12.314702225859916 ], [ 107.259160972638867, 12.313955900461847 ], [ 107.258240007601216, 12.313931887496715 ], [ 107.257235284137394, 12.314860805112398 ], [ 107.256757406795671, 12.314998045458047 ], [ 107.256222723019505, 12.313999389258925 ], [ 107.255967996316556, 12.313161079736698 ], [ 107.255572450451851, 12.312782545182658 ], [ 107.255024480536036, 12.312850325920092 ], [ 107.254009924058352, 12.312964880701273 ], [ 107.253322702336334, 12.312734465773456 ], [ 107.253009471088504, 12.311770119356206 ], [ 107.252847320991989, 12.311413376915036 ], [ 107.251996346625674, 12.311378597579056 ], [ 107.25076053760138, 12.311412502917678 ], [ 107.2503060631404, 12.311262622011911 ], [ 107.25010956967067, 12.310447545179633 ], [ 107.250135119071246, 12.309333556870827 ], [ 107.25009007401998, 12.308495769762473 ], [ 107.249577763912981, 12.30823114466801 ], [ 107.248691930915555, 12.308081421811318 ], [ 107.248003909257832, 12.308092730133884 ], [ 107.247736113929435, 12.30794243811088 ], [ 107.247364829786704, 12.307105072751469 ], [ 107.247027230801379, 12.306851431387656 ], [ 107.246514301086719, 12.306851128997348 ], [ 107.246152425471024, 12.306917361013962 ], [ 107.245864006267581, 12.30684065964263 ], [ 107.24541381060537, 12.306720103305411 ], [ 107.244539677575617, 12.306932869914316 ], [ 107.243992931218642, 12.307144076724734 ], [ 107.243312264878185, 12.306736231525017 ], [ 107.243177463350307, 12.305877713841843 ], [ 107.243005385198401, 12.304755176832462 ], [ 107.242845485563706, 12.303713869273565 ], [ 107.24266835576887, 12.303417108657207 ], [ 107.242305447936914, 12.303293570464993 ], [ 107.241644069683559, 12.303871701139361 ], [ 107.240582885698373, 12.303971898805724 ], [ 107.240288975305305, 12.30372127704916 ], [ 107.240181736486448, 12.303470255352337 ], [ 107.240619871286455, 12.302710962562553 ], [ 107.240928950797695, 12.30190528403303 ], [ 107.240225721654554, 12.301543926885421 ], [ 107.238555336429869, 12.301464981135313 ], [ 107.237164837283473, 12.301269644706247 ], [ 107.236469307900194, 12.30039198524338 ], [ 107.235943818844504, 12.298837430476983 ], [ 107.235590858597647, 12.298530804251627 ], [ 107.234607256762771, 12.298090391047667 ], [ 107.23322623058182, 12.29765434786885 ], [ 107.231805713658403, 12.296622187474552 ], [ 107.230690388094246, 12.2958168385434 ], [ 107.229987956583656, 12.295546942243535 ], [ 107.228765328072512, 12.295911603581482 ], [ 107.227673858669334, 12.29671009233247 ], [ 107.227151921309186, 12.297139075590923 ], [ 107.226687784655425, 12.297474960562528 ], [ 107.226055324777548, 12.297193187310354 ], [ 107.225710958348841, 12.296473039292595 ], [ 107.225424605851956, 12.295684641265424 ], [ 107.224685406164852, 12.295208310139961 ], [ 107.224126108720114, 12.295293061484854 ], [ 107.223418756950863, 12.295940431335378 ], [ 107.223030661769116, 12.297055124904318 ], [ 107.222650394934561, 12.297734853528512 ], [ 107.222091285511326, 12.297911097635243 ], [ 107.22177984208858, 12.296869864884689 ], [ 107.222050191737821, 12.295549410172352 ], [ 107.222152020504893, 12.295158866175679 ], [ 107.22148780786155, 12.295267056238524 ], [ 107.220056306544521, 12.295862688522183 ], [ 107.219616773601643, 12.296393785793409 ], [ 107.219811703174187, 12.29744613506827 ], [ 107.220661982634866, 12.298769918259801 ], [ 107.220317411682601, 12.299460651230049 ], [ 107.218530432810596, 12.29938252565554 ], [ 107.217300835192773, 12.298852541509989 ], [ 107.216420152682758, 12.298216928662018 ], [ 107.215880453162185, 12.297831584271245 ], [ 107.215193353502372, 12.298020148519896 ], [ 107.214929173069237, 12.298641319253921 ], [ 107.213122870360195, 12.298999347008856 ], [ 107.211604873015759, 12.299010498490032 ], [ 107.210569796336728, 12.297975096963285 ], [ 107.209817498476525, 12.297304533699924 ], [ 107.209179207579993, 12.297767187102833 ], [ 107.209108570915063, 12.299212544647752 ], [ 107.208913868456463, 12.299764243162784 ], [ 107.207522222832708, 12.299430946596745 ], [ 107.206813384411376, 12.298323987630368 ], [ 107.206848904340561, 12.296798709065394 ], [ 107.206832356868333, 12.296192234894692 ], [ 107.205931499726503, 12.29595776122072 ], [ 107.205072373965677, 12.296526112340999 ], [ 107.204588666737706, 12.297412248820375 ], [ 107.203670375314147, 12.297981073759944 ], [ 107.202259774294802, 12.298198028104807 ], [ 107.2009719102779, 12.297703452092874 ], [ 107.199454529929881, 12.296200826471079 ], [ 107.198106764340793, 12.295477401538715 ], [ 107.196155734761504, 12.295286349804009 ], [ 107.194031703486147, 12.295358746471484 ], [ 107.192222043293597, 12.295384551781869 ], [ 107.190818558127631, 12.295004941397854 ], [ 107.190146822814768, 12.294138242409495 ], [ 107.190223735403592, 12.293507289988055 ], [ 107.191066386572956, 12.292263591950867 ], [ 107.191447396998171, 12.291733001157752 ], [ 107.19121991667528, 12.29096667077328 ], [ 107.190404154602106, 12.291156203180584 ], [ 107.189591428691884, 12.291712840629044 ], [ 107.188895683517927, 12.290788715775337 ], [ 107.188127050107013, 12.289453984042657 ], [ 107.186822125498963, 12.289806694475994 ], [ 107.18578778839823, 12.29044529653043 ], [ 107.185096228158301, 12.290026075406656 ], [ 107.185761831593197, 12.288554487822582 ], [ 107.185598951909284, 12.287053368304122 ], [ 107.184935449838505, 12.285717783235384 ], [ 107.18492385342185, 12.285728391480333 ], [ 107.184325200817725, 12.284849180820091 ], [ 107.184003103344168, 12.284376171090626 ], [ 107.18347193086079, 12.283623548848839 ], [ 107.183037124238822, 12.283203400339918 ], [ 107.182291993237669, 12.283529029071859 ], [ 107.181728461208195, 12.284633791331508 ], [ 107.181208241518576, 12.285279573542617 ], [ 107.180254704200834, 12.285826009335929 ], [ 107.179563916207982, 12.285498265422827 ], [ 107.179185890767627, 12.284928545931667 ], [ 107.178969837775114, 12.284149681191805 ], [ 107.178930850786926, 12.283599854700329 ], [ 107.178752204776046, 12.283108752047637 ], [ 107.178120837790729, 12.283021144216297 ], [ 107.17687253288338, 12.283133869028626 ], [ 107.176089561687746, 12.282979683670593 ], [ 107.175806562440599, 12.282579778194828 ], [ 107.176059059056684, 12.281993744568695 ], [ 107.176218405295671, 12.28146493313834 ], [ 107.175910738360159, 12.280928537236615 ], [ 107.175020224357652, 12.280476974374798 ], [ 107.172948843411277, 12.279815629077332 ], [ 107.17144242023484, 12.279688630536089 ], [ 107.170019140633215, 12.279825301858075 ], [ 107.169210283512342, 12.279384368148694 ], [ 107.168304174139521, 12.278359041699282 ], [ 107.167660027989783, 12.278112227319927 ], [ 107.166482548613303, 12.278315843555179 ], [ 107.16505543954419, 12.277913674397434 ], [ 107.163725580657399, 12.278025851308188 ], [ 107.162246245204656, 12.278472451225433 ], [ 107.160778964282727, 12.278918947889721 ], [ 107.159319986814339, 12.278975640940802 ], [ 107.158254137904052, 12.278501677356697 ], [ 107.157445584051288, 12.278095721383554 ], [ 107.156546582025143, 12.278079077848771 ], [ 107.155646287472905, 12.277833120671657 ], [ 107.155196756107387, 12.277079785482593 ], [ 107.15513326879136, 12.276335837973249 ], [ 107.154799598133678, 12.275421178560828 ], [ 107.154190582748953, 12.275184219878916 ], [ 107.153271961881003, 12.275650084642143 ], [ 107.152283261121056, 12.276115366969943 ], [ 107.151884271177408, 12.275855289691275 ], [ 107.151490183830276, 12.274642866661363 ], [ 107.151403427631465, 12.273931860553448 ], [ 107.151470981596304, 12.273621801841662 ], [ 107.15178386592639, 12.273322243480434 ], [ 107.153196654480581, 12.27338005509311 ], [ 107.153718353421581, 12.272838235643087 ], [ 107.153327692155187, 12.272118321325101 ], [ 107.152617754522566, 12.270839472911243 ], [ 107.15200143641151, 12.269559885336164 ], [ 107.152385102771206, 12.267792338373877 ], [ 107.152678417208307, 12.266356492928528 ], [ 107.152114573599988, 12.265879682548952 ], [ 107.150951662806534, 12.266530458366857 ], [ 107.149996069674444, 12.26675484958206 ], [ 107.149183577962916, 12.265786318278195 ], [ 107.148171936569327, 12.264692822586831 ], [ 107.147503008214997, 12.264216824250232 ], [ 107.146547042223773, 12.264394888816861 ], [ 107.145682281658594, 12.264275134300862 ], [ 107.145338200812304, 12.263487059360566 ], [ 107.146162844500168, 12.262907864732314 ], [ 107.147330657451008, 12.26144371081728 ], [ 107.148279024578244, 12.260186872936782 ], [ 107.148736747925994, 12.258980192649371 ], [ 107.148136697318691, 12.258284498819686 ], [ 107.14693248284027, 12.258087196763649 ], [ 107.145813917821386, 12.258325271359652 ], [ 107.144895230258669, 12.258778674697256 ], [ 107.144359016444128, 12.258874369975329 ], [ 107.144181916191272, 12.258635135224637 ], [ 107.144153476650715, 12.257958685332122 ], [ 107.144168350147694, 12.256743044247195 ], [ 107.145272841890616, 12.256185391430707 ], [ 107.146036960380528, 12.255297144328035 ], [ 107.146322679975327, 12.254480418764825 ], [ 107.146222049075519, 12.253541321695913 ], [ 107.145715059244267, 12.252846021023489 ], [ 107.145208437428934, 12.252195903167022 ], [ 107.144895971853558, 12.25211926851151 ], [ 107.144479366922639, 12.251450370246399 ], [ 107.144574483671946, 12.251210137033922 ], [ 107.145196917978595, 12.250628012152383 ], [ 107.145526595074671, 12.250205197636543 ], [ 107.144874630520903, 12.24983298359178 ], [ 107.14371730969907, 12.250032938349875 ], [ 107.14322613215873, 12.250156518878592 ], [ 107.142468478530773, 12.249852903783802 ], [ 107.141786952739693, 12.250514561016324 ], [ 107.141038848216851, 12.250683069994453 ], [ 107.14035196618704, 12.250253503093377 ], [ 107.139565265229336, 12.249053144649977 ], [ 107.139218245655115, 12.248465029964501 ], [ 107.139618091819941, 12.2480541019151 ], [ 107.14063819410147, 12.2473604381771 ], [ 107.141434090173661, 12.247066165283757 ], [ 107.141917965116988, 12.246322456050473 ], [ 107.141769866076004, 12.245689865697958 ], [ 107.140638824486061, 12.245372208937681 ], [ 107.139284735118196, 12.245169253397592 ], [ 107.138026234505489, 12.244712499360192 ], [ 107.137142949156711, 12.243995252440151 ], [ 107.136634339047291, 12.243164380269119 ], [ 107.136592155899663, 12.242417992180272 ], [ 107.137166176871787, 12.242099476798897 ], [ 107.137889177792772, 12.242310747895912 ], [ 107.138354587385933, 12.242554523530345 ], [ 107.138727875051885, 12.242626175321949 ], [ 107.139092676387818, 12.242214392431384 ], [ 107.139191327180612, 12.241342645495562 ], [ 107.138580650149564, 12.239960160025259 ], [ 107.137826333256356, 12.23913910925569 ], [ 107.136775765886853, 12.239041092299974 ], [ 107.135957932823402, 12.239105065629667 ], [ 107.135518305416269, 12.23842389887786 ], [ 107.135756072320618, 12.237782653306002 ], [ 107.136520459386858, 12.236857154324978 ], [ 107.137376808974352, 12.236299212673073 ], [ 107.137854496520887, 12.236428798367546 ], [ 107.138712892661431, 12.237410583802468 ], [ 107.139237377121148, 12.237574822449197 ], [ 107.139543571736567, 12.237231277367844 ], [ 107.139666187098655, 12.236197800258003 ], [ 107.139532768189156, 12.235175353688303 ], [ 107.139290452384216, 12.234679053392743 ], [ 107.139492806775223, 12.233991766049241 ], [ 107.13999854291329, 12.233397009417715 ], [ 107.139757929139051, 12.232683798033779 ], [ 107.139212418667768, 12.232117559153211 ], [ 107.138538970106197, 12.231423529617294 ], [ 107.138447759683729, 12.231078559023615 ], [ 107.138708777184746, 12.230402111680675 ], [ 107.138688015204977, 12.230033999270626 ], [ 107.138012668514236, 12.229674366596429 ], [ 107.136600858230352, 12.229424386810106 ], [ 107.135832998643849, 12.228914090257568 ], [ 107.135358960457026, 12.228164277546805 ], [ 107.134422262559838, 12.228582753440389 ], [ 107.133718843239677, 12.228946321495604 ], [ 107.132718627503579, 12.22831920145182 ], [ 107.13178149171938, 12.226820605665315 ], [ 107.130969760697866, 12.225849722707968 ], [ 107.130589167416431, 12.225077710251286 ], [ 107.129986902785475, 12.224304025001549 ], [ 107.129660465568989, 12.224199232931335 ], [ 107.128907676823204, 12.225067008452442 ], [ 107.128516278552652, 12.226030267219443 ], [ 107.127438169491299, 12.226575209400179 ], [ 107.126396762190168, 12.226970745764225 ], [ 107.125652173056665, 12.226495256884597 ], [ 107.12517708415956, 12.225825636625499 ], [ 107.124235917595684, 12.225038739154133 ], [ 107.123853998821573, 12.224529941050092 ], [ 107.123928856419724, 12.22369226543767 ], [ 107.124099016027387, 12.222635825636077 ], [ 107.123915740051771, 12.222048674420627 ], [ 107.123298104754696, 12.22179248423506 ], [ 107.12247920738865, 12.222005536554907 ], [ 107.121810973944378, 12.22246143658629 ], [ 107.121398205445843, 12.223124357491026 ], [ 107.120903742616278, 12.22369640374456 ], [ 107.120435957004375, 12.223797163280938 ], [ 107.120138436672079, 12.222852777484809 ], [ 107.120482449740066, 12.221992693198853 ], [ 107.120698134170212, 12.221098576815576 ], [ 107.120880005399854, 12.219996858952181 ], [ 107.12090722001544, 12.219376449756298 ], [ 107.120033726631718, 12.218934695509457 ], [ 107.118922080936301, 12.219305888693883 ], [ 107.118138104371042, 12.219577401813883 ], [ 107.117531336621354, 12.219458935405955 ], [ 107.117325816594473, 12.218744293274433 ], [ 107.116654615497438, 12.217671732302177 ], [ 107.115795737997445, 12.216827678916767 ], [ 107.114981735236356, 12.216282646600201 ], [ 107.114023832683898, 12.216345360754888 ], [ 107.113015574827031, 12.216937155828655 ], [ 107.112685870594959, 12.217359933087321 ], [ 107.112380103779685, 12.217759932275856 ], [ 107.112703681965755, 12.218301960928715 ], [ 107.113554250527514, 12.218606094306654 ], [ 107.114042334790923, 12.218964976862376 ], [ 107.114039068261164, 12.219493698128975 ], [ 107.113113548741282, 12.219948165592722 ], [ 107.11195822129261, 12.219882476460709 ], [ 107.111283439874072, 12.219442555697341 ], [ 107.110901697708201, 12.218807207096372 ], [ 107.11102389927413, 12.217923978073573 ], [ 107.11077089967651, 12.217302327055133 ], [ 107.110251061530008, 12.216413854798855 ], [ 107.110584250812337, 12.215416038105426 ], [ 107.110683504705648, 12.21446294354485 ], [ 107.109715293719873, 12.214238778868115 ], [ 107.109073899093914, 12.2140968338059 ], [ 107.108201733839721, 12.21352849885551 ], [ 107.10755421406202, 12.212467023100912 ], [ 107.107209890018254, 12.211477783602376 ], [ 107.107122645072479, 12.210466242547472 ], [ 107.106765083576761, 12.209762916818942 ], [ 107.105789199078501, 12.208928756728135 ], [ 107.104438735180707, 12.208288372534382 ], [ 107.103843963815166, 12.208158482930132 ], [ 107.103492553621066, 12.208305768849987 ], [ 107.102977868097184, 12.208428318317109 ], [ 107.10216177057633, 12.208193922857093 ], [ 107.101734284665511, 12.207432377831038 ], [ 107.100595771884741, 12.20650680041209 ], [ 107.100814810540598, 12.205082834229543 ], [ 107.101608550638133, 12.203283942124491 ], [ 107.102072791239934, 12.201862624731072 ], [ 107.100175247683651, 12.200942830898546 ], [ 107.099936999977174, 12.201339550780514 ], [ 107.100175027241249, 12.20091485099595 ], [ 107.099876919929798, 12.20002804635012 ], [ 107.098646821147199, 12.198768759548106 ], [ 107.096981412798073, 12.198010977537738 ], [ 107.097407246974882, 12.197106231724051 ], [ 107.097136003393871, 12.195690516038372 ], [ 107.097279942256264, 12.195082768274998 ], [ 107.098075980749272, 12.194743448547433 ], [ 107.09835960153319, 12.194228403401327 ], [ 107.09796921636746, 12.193214640035007 ], [ 107.097799151174002, 12.192398027595795 ], [ 107.098073592005392, 12.191445857540703 ], [ 107.097867899458521, 12.19069842765693 ], [ 107.097062694917142, 12.190600619171152 ], [ 107.095914939348873, 12.191191143879918 ], [ 107.095121435512041, 12.191048052280825 ], [ 107.095113818205405, 12.190370285707766 ], [ 107.095516861732321, 12.189488311684784 ], [ 107.095836577953591, 12.188743664482537 ], [ 107.095974325293483, 12.187273998397345 ], [ 107.095592684050544, 12.186639743268012 ], [ 107.094431559708198, 12.185597933900812 ], [ 107.093985564770762, 12.184078472164302 ], [ 107.093483780992273, 12.182179850069319 ], [ 107.092824231867496, 12.181176023314203 ], [ 107.092079487239701, 12.180803217193864 ], [ 107.090688892922515, 12.18095496944875 ], [ 107.08928278669346, 12.181693152285078 ], [ 107.088626876058257, 12.182033641996627 ], [ 107.087868087686317, 12.181994195989121 ], [ 107.086844297776395, 12.181400932517953 ], [ 107.085945713012279, 12.181326387194101 ], [ 107.085765381842492, 12.182129846719926 ], [ 107.08672722567772, 12.183318941184796 ], [ 107.087605720499027, 12.184715399643839 ], [ 107.087797034224096, 12.185831237592264 ], [ 107.087071269512293, 12.186124805934071 ], [ 107.08505120009066, 12.186111839148621 ], [ 107.083485435541391, 12.186262623851519 ], [ 107.082497225747815, 12.185521084621522 ], [ 107.081394020864963, 12.184537518917278 ], [ 107.080555033498015, 12.184302087631359 ], [ 107.080196199712702, 12.185632211254608 ], [ 107.079668192515655, 12.186031593529796 ], [ 107.078382108112564, 12.18626384107476 ], [ 107.077278821366079, 12.187187223335282 ], [ 107.075800366431366, 12.188304349907034 ], [ 107.074983109158111, 12.188206565138721 ], [ 107.073622628296832, 12.187290425019421 ], [ 107.073580647873555, 12.186542864342444 ], [ 107.07468360620561, 12.185723431915635 ], [ 107.074818118382922, 12.184782492050084 ], [ 107.074613225884434, 12.183907369053824 ], [ 107.073988600283457, 12.183030881880047 ], [ 107.073083705607999, 12.182070640286806 ], [ 107.072467991940982, 12.181527349853452 ], [ 107.072015178312611, 12.181110492974742 ], [ 107.07294241985764, 12.180438122892882 ], [ 107.073680200248219, 12.180064290563003 ], [ 107.073718367819737, 12.179581612690587 ], [ 107.073042957827056, 12.179335887748969 ], [ 107.071783630463955, 12.179017723992779 ], [ 107.070653759259685, 12.178585610334412 ], [ 107.070119145731837, 12.178133211393153 ], [ 107.069701589151961, 12.177670896287953 ], [ 107.069929935156011, 12.176685193885364 ], [ 107.071056929573047, 12.175784259090314 ], [ 107.072530326871259, 12.175426377415377 ], [ 107.073932800932951, 12.175252035814637 ], [ 107.074707243519128, 12.174647464563064 ], [ 107.075088850951815, 12.173363492946201 ], [ 107.075483427446002, 12.171975488682987 ], [ 107.07627162563125, 12.171073694666701 ], [ 107.077696724950457, 12.170933059475344 ], [ 107.078118772186158, 12.170717497233552 ], [ 107.078555693035256, 12.169904200341017 ], [ 107.079562546297282, 12.16950912780031 ], [ 107.080066336548072, 12.169247758491164 ], [ 107.080246167151699, 12.168525643897764 ], [ 107.08015519103165, 12.168123019560539 ], [ 107.079774532537414, 12.167384789368585 ], [ 107.079555338393291, 12.166958276106492 ], [ 107.0795235436415, 12.166487422976779 ], [ 107.078580935766141, 12.165987271383935 ], [ 107.077966686281982, 12.165258704068037 ], [ 107.07855466550599, 12.16452787084782 ], [ 107.079026958467765, 12.163760627362182 ], [ 107.079020132218275, 12.162956318167984 ], [ 107.078510014252089, 12.162402073480177 ], [ 107.077775993872123, 12.162144368621178 ], [ 107.076840048481841, 12.162425925023166 ], [ 107.075913566114849, 12.163039547041258 ], [ 107.075500007257006, 12.163830069493265 ], [ 107.075136311458564, 12.164091507082942 ], [ 107.074063276911261, 12.163947050671212 ], [ 107.073365367404605, 12.163459728452395 ], [ 107.072900715646696, 12.163066681236055 ], [ 107.071938135646533, 12.162060537353137 ], [ 107.071322994237178, 12.161435891137527 ], [ 107.070439639120494, 12.160798566322725 ], [ 107.07006016243119, 12.159911184715623 ], [ 107.06942219587161, 12.159229088166125 ], [ 107.068600651479869, 12.159901775842771 ], [ 107.067870313893067, 12.160861859790977 ], [ 107.066898981620398, 12.161246454150263 ], [ 107.065851158292702, 12.160722186027922 ], [ 107.065307756642568, 12.159868782343354 ], [ 107.064613396107404, 12.158945332253099 ], [ 107.064105464823939, 12.158000152124664 ], [ 107.062893008466958, 12.157715471356601 ], [ 107.062154786342262, 12.158101698555887 ], [ 107.06221664089982, 12.159423022431412 ], [ 107.062150766673867, 12.160560023064095 ], [ 107.061328804638379, 12.161256420116912 ], [ 107.059751266229327, 12.161429733224464 ], [ 107.058855474771576, 12.160964178542592 ], [ 107.058770793847572, 12.159584275057471 ], [ 107.059138561171565, 12.158656284558157 ], [ 107.059180911145759, 12.157519457865554 ], [ 107.058553881773847, 12.156986373482276 ], [ 107.056788395878357, 12.157354249927449 ], [ 107.056346119141409, 12.157179041319679 ], [ 107.056526450017316, 12.156364291283225 ], [ 107.058012941607345, 12.155777066191757 ], [ 107.059114166762441, 12.155187055273084 ], [ 107.059257745079989, 12.154670827509372 ], [ 107.058644103478741, 12.153861988302186 ], [ 107.057258463660006, 12.153301783261202 ], [ 107.056140771632528, 12.152719243471825 ], [ 107.055515802355075, 12.151853993019582 ], [ 107.055138074372962, 12.150737230668359 ], [ 107.054841608200391, 12.149585972067227 ], [ 107.055152589019741, 12.148439238729658 ], [ 107.055122129129487, 12.147761623053984 ], [ 107.054525731163324, 12.147849652779202 ], [ 107.053304642283507, 12.148978287571918 ], [ 107.052650162731311, 12.149054317729512 ], [ 107.052325037702175, 12.148731365435227 ], [ 107.052660538118289, 12.147411602109759 ], [ 107.053447831608523, 12.146612683867948 ], [ 107.054071979821259, 12.145801419397449 ], [ 107.054205502729758, 12.145020909369947 ], [ 107.054562318121356, 12.14401166444539 ], [ 107.054930088567573, 12.143083679671044 ], [ 107.054876173288363, 12.142416405440486 ], [ 107.054129989791377, 12.142285245343023 ], [ 107.051884924605901, 12.14276509026045 ], [ 107.050112203435063, 12.142477714847777 ], [ 107.049406863779851, 12.14138144120747 ], [ 107.048832621679807, 12.139860541256169 ], [ 107.048130537382363, 12.138362050142815 ], [ 107.047843345282672, 12.137591430714718 ], [ 107.04828041524037, 12.136789470611319 ], [ 107.049056609482847, 12.135966925433213 ], [ 107.049773710646008, 12.13522502749028 ], [ 107.049731216219342, 12.134547497423792 ], [ 107.049162289581602, 12.1340952916037 ], [ 107.048145134624903, 12.134260979274874 ], [ 107.046521337918492, 12.13415938212861 ], [ 107.04580404957558, 12.133360929616265 ], [ 107.04556630143118, 12.132221644189933 ], [ 107.045348661136345, 12.13161092986239 ], [ 107.044766407233823, 12.131366683816291 ], [ 107.044039956587071, 12.131786661737946 ], [ 107.042728390089451, 12.132340873447802 ], [ 107.04187610142516, 12.132369751957993 ], [ 107.041074518012067, 12.131744130876433 ], [ 107.039712120328161, 12.131126025912273 ], [ 107.038555590280225, 12.1312328259172 ], [ 107.037680220153703, 12.131170351521877 ], [ 107.037180929609235, 12.130741326599507 ], [ 107.037297650367876, 12.132645700027998 ], [ 107.037268510622113, 12.134851202294374 ], [ 107.037129410219606, 12.13588262532574 ], [ 107.037104176314315, 12.136190042451581 ], [ 107.036164205014458, 12.138212485571385 ], [ 107.034446634144189, 12.139436149906071 ], [ 107.034143966718702, 12.140703717272396 ], [ 107.033510570846587, 12.14318475029356 ], [ 107.034342247981385, 12.145040460954172 ], [ 107.0344551278978, 12.145392133419733 ], [ 107.034492205906346, 12.145437042030718 ], [ 107.034893716156475, 12.14629271109562 ], [ 107.035766610658939, 12.148744681214939 ], [ 107.037464357906501, 12.148533293467429 ], [ 107.038834781439675, 12.149960221372787 ], [ 107.040092518843082, 12.152282735458257 ], [ 107.040675530960499, 12.155251970796479 ], [ 107.040175974044104, 12.155996805945177 ], [ 107.040278325122145, 12.156167738686527 ], [ 107.039929781054838, 12.156233563640113 ], [ 107.037999702541299, 12.15731425231648 ], [ 107.037730634177862, 12.158357025804957 ], [ 107.037484420823588, 12.158402666435544 ], [ 107.037465923795196, 12.158420694496375 ], [ 107.03765837387887, 12.159531089909553 ], [ 107.036948426274293, 12.161606064692457 ], [ 107.035457200132313, 12.163623454084437 ], [ 107.035040342728053, 12.163951285583686 ], [ 107.034774286213448, 12.164296802351439 ], [ 107.035021296102911, 12.164982095970656 ], [ 107.035345608188393, 12.165244016165925 ], [ 107.036264314146308, 12.165950834103722 ], [ 107.03688814177697, 12.166738980789404 ], [ 107.037243374558201, 12.167529196303779 ], [ 107.037273814187003, 12.168004727587746 ], [ 107.037227359593487, 12.168956401119674 ], [ 107.036803208567207, 12.169699503620336 ], [ 107.035901243330684, 12.17047649065665 ], [ 107.035438581643191, 12.170649691993026 ], [ 107.035123306938615, 12.171078163253705 ], [ 107.034960800093444, 12.17188159588132 ], [ 107.035078556994918, 12.17258274981647 ], [ 107.035078938920321, 12.172632898198927 ], [ 107.035401278526976, 12.173131850339765 ], [ 107.03557276002752, 12.17350667330329 ], [ 107.035930039355208, 12.173679521176981 ], [ 107.036166502792597, 12.174062266989798 ], [ 107.036191498211636, 12.174300458122717 ], [ 107.036392713321462, 12.17480933811815 ], [ 107.036432983770553, 12.174914673963283 ], [ 107.036408768843032, 12.175196420838093 ], [ 107.036265699004701, 12.175408742204409 ], [ 107.035952599856373, 12.175745391412603 ], [ 107.035533405364504, 12.175977279339472 ], [ 107.035140570360554, 12.176208973276378 ], [ 107.034656829280166, 12.176599741284408 ], [ 107.034343116854686, 12.176866091250069 ], [ 107.034253359515176, 12.17716594195581 ], [ 107.034240581418501, 12.177218897858705 ], [ 107.03441302191456, 12.177411181894808 ], [ 107.034770089771456, 12.177654967181665 ], [ 107.035324008190699, 12.177844437570307 ], [ 107.035680598892853, 12.178035452780877 ], [ 107.03595860258109, 12.178262198884783 ], [ 107.03597725380132, 12.178472965641008 ], [ 107.0360583495371, 12.179292854549164 ], [ 107.035785075094751, 12.180322737666785 ], [ 107.035529515021068, 12.181202038406818 ], [ 107.035241542904316, 12.182500314996302 ], [ 107.035070101383198, 12.182698206784995 ], [ 107.034328068399333, 12.183681396985861 ], [ 107.033734224836479, 12.184437859503406 ], [ 107.03310001620568, 12.1848186215749 ], [ 107.033043999073854, 12.184844064442762 ], [ 107.032969272119047, 12.184869736489109 ], [ 107.032257088398197, 12.184849863559082 ], [ 107.031599395852211, 12.184604044579716 ], [ 107.030773081088611, 12.184359464450681 ], [ 107.030697705129057, 12.18430986900543 ], [ 107.029898027761647, 12.183712676808563 ], [ 107.029406295419847, 12.18311466342611 ], [ 107.028633336477412, 12.182493595656581 ], [ 107.027882899481412, 12.182373780234817 ], [ 107.027024044638438, 12.182781211119483 ], [ 107.026390778009954, 12.183287194211086 ], [ 107.025514348368148, 12.183845203656876 ], [ 107.024414222243308, 12.184555215826462 ], [ 107.022991371187203, 12.184716108666468 ], [ 107.021940340798551, 12.184498179934582 ], [ 107.020850561018477, 12.184105045985126 ], [ 107.019891986635471, 12.183710946502961 ], [ 107.018727974931792, 12.183418559607377 ], [ 107.018024255339611, 12.18332148202478 ], [ 107.017865195632695, 12.183299538715689 ], [ 107.016553621396213, 12.18330912969858 ], [ 107.016497413383021, 12.183309540584494 ], [ 107.015489754628547, 12.183868480539104 ], [ 107.014849735487132, 12.184567505876556 ], [ 107.01470530672465, 12.1852955310148 ], [ 107.014992027321341, 12.186045528002653 ], [ 107.015259661000087, 12.186745602557663 ], [ 107.015657666867426, 12.187344329929495 ], [ 107.015960907090687, 12.187793385458741 ], [ 107.016340584291797, 12.188442397913819 ], [ 107.016777230765712, 12.189191294380658 ], [ 107.016799353295823, 12.189642405350812 ], [ 107.016428955240599, 12.190221719932001 ], [ 107.015983634054194, 12.190801582109131 ], [ 107.015501003120093, 12.191406837191959 ], [ 107.015260595563461, 12.191834746308901 ], [ 107.015186999088698, 12.192010769622673 ], [ 107.014911062001161, 12.192689695937368 ], [ 107.015047116621062, 12.193340489152529 ], [ 107.015502292286641, 12.194064221087269 ], [ 107.016032279770911, 12.194762284071025 ], [ 107.016543482235306, 12.195460573417872 ], [ 107.01685801313576, 12.196008400682127 ], [ 107.016858392393758, 12.19605854954731 ], [ 107.017426000894872, 12.196781453832436 ], [ 107.017655396969374, 12.19738140934108 ], [ 107.017714718289767, 12.197782095681113 ], [ 107.017849267691403, 12.198232381767635 ], [ 107.018042685165838, 12.199033206451546 ], [ 107.018047428957331, 12.199659927928444 ], [ 107.018202285328783, 12.200310579883789 ], [ 107.018202664977423, 12.200360728691662 ], [ 107.018580092284836, 12.200708931432972 ], [ 107.01914296884263, 12.200805109584303 ], [ 107.019688273906425, 12.201051777793751 ], [ 107.020216767427257, 12.201549325699427 ], [ 107.020634473403661, 12.202273319354212 ], [ 107.020492037226958, 12.203252087836603 ], [ 107.020341106504247, 12.203494703888852 ], [ 107.020338131873302, 12.203499485172696 ], [ 107.020197570802182, 12.203725431163699 ], [ 107.020003425352812, 12.203996563866882 ], [ 107.019787399503144, 12.204234979045257 ], [ 107.019454179070337, 12.204912522028817 ], [ 107.018631342887133, 12.205215216035397 ], [ 107.017085411889141, 12.20566624876459 ], [ 107.015522126299743, 12.205887064905932 ], [ 107.015179488994079, 12.205922193817234 ], [ 107.014736008025054, 12.205806702222771 ], [ 107.014826215493642, 12.206097913195221 ], [ 107.014724447934867, 12.20637191564272 ], [ 107.014505822138062, 12.206696111267854 ], [ 107.013892538874515, 12.206929305436519 ], [ 107.013839249549022, 12.207486963801536 ], [ 107.013765866217, 12.20807250987605 ], [ 107.013471522657682, 12.208994467024635 ], [ 107.013020710985799, 12.209493494501514 ], [ 107.012770163059102, 12.209784849546915 ], [ 107.012495954651698, 12.210013032723699 ], [ 107.012273253377643, 12.210209663941971 ], [ 107.011966157187828, 12.211029061231082 ], [ 107.011690783657798, 12.211163455478076 ], [ 107.011418228445109, 12.211430301844604 ], [ 107.011248180012302, 12.212238666787794 ], [ 107.010587988546163, 12.212462620882869 ], [ 107.010004993952137, 12.21279616133052 ], [ 107.009949643921829, 12.212850964353402 ], [ 107.009934167571402, 12.213239729506682 ], [ 107.009641919181078, 12.213467771283062 ], [ 107.009482143264108, 12.213620025072515 ], [ 107.009442546200219, 12.213754322847876 ], [ 107.009600502555926, 12.214073686677596 ], [ 107.01012778785686, 12.214539814926686 ], [ 107.010113335292871, 12.215064116723749 ], [ 107.010061114557104, 12.21545314931956 ], [ 107.010222179365357, 12.216093640399199 ], [ 107.009858684745069, 12.216629528305713 ], [ 107.009247415153325, 12.217203370831685 ], [ 107.008993741357671, 12.217684237974144 ], [ 107.008693199914063, 12.218038939284455 ], [ 107.008108139016002, 12.218431861779484 ], [ 107.007350921309126, 12.218712543739409 ], [ 107.007320740644346, 12.218809634033427 ], [ 107.007322910321335, 12.219097334414196 ], [ 107.006766989397661, 12.219697967638018 ], [ 107.006189318017533, 12.219855799237235 ], [ 107.006041503636425, 12.220580506072189 ], [ 107.006066559375171, 12.221361423122339 ], [ 107.006832870601016, 12.223199603849249 ], [ 107.006396672273354, 12.22462618742102 ], [ 107.006263471500034, 12.224817192934086 ], [ 107.005598656483386, 12.225608383697761 ], [ 107.004839268016454, 12.226127004904665 ], [ 107.00480283100741, 12.227304252275198 ], [ 107.004567349075245, 12.227757875909329 ], [ 107.004349718374201, 12.228006515599615 ], [ 107.004363149168199, 12.22801924916357 ], [ 107.00448068425446, 12.22868491183827 ], [ 107.004400588461991, 12.229639009855482 ], [ 107.005066745386472, 12.229787858944853 ], [ 107.005758748503951, 12.229877511171464 ], [ 107.006045690887589, 12.231193364099736 ], [ 107.005470606820268, 12.23182820584544 ], [ 107.004733191842021, 12.232700530161544 ], [ 107.004174038772362, 12.232876299398786 ], [ 107.003918233267385, 12.233077054265499 ], [ 107.003873339919252, 12.233212926128154 ], [ 107.003446780774169, 12.233921051491357 ], [ 107.002872693469598, 12.235232702985183 ], [ 107.00284039895709, 12.235361434985961 ], [ 107.003064634368116, 12.236129063388784 ], [ 107.003328515017714, 12.236225183610149 ], [ 107.003543835941642, 12.23777000044562 ], [ 107.003114810393328, 12.238292446989966 ], [ 107.003195338754665, 12.238812803480362 ], [ 107.003200095925223, 12.239021598362877 ], [ 107.002417068400916, 12.239947929586938 ], [ 107.001447142402014, 12.240497269840953 ], [ 107.000577560128448, 12.241190728500481 ], [ 107.00111233971144, 12.241186651587476 ], [ 107.001729735466796, 12.241417096855839 ], [ 107.002099540981376, 12.241712690632744 ], [ 107.002561050696784, 12.241980415603447 ], [ 107.002674565776204, 12.242413421695677 ], [ 107.002815599805899, 12.242757581520438 ], [ 107.003642403451764, 12.244178565558682 ], [ 107.006389051188322, 12.246633463343853 ], [ 107.00543588219341, 12.248299494764199 ], [ 107.004960407073852, 12.249395368267272 ], [ 107.004049322792426, 12.25024438851052 ], [ 107.004108716666778, 12.251025325100183 ], [ 107.00448703354796, 12.252114600579789 ], [ 107.004909967633395, 12.252900380480568 ], [ 107.006062394092496, 12.25508759927893 ], [ 107.006145258371802, 12.255984930151879 ], [ 107.006263238860882, 12.257136738627931 ], [ 107.006297018421563, 12.257254686043048 ], [ 107.006475331955528, 12.257876886882205 ], [ 107.008238610515789, 12.260769420235651 ], [ 107.008581267743779, 12.261147790853359 ], [ 107.008605373128859, 12.2611587284682 ], [ 107.009161752374112, 12.261410199076707 ], [ 107.009324974536341, 12.261489425200917 ], [ 107.009955506231776, 12.262175989791714 ], [ 107.010100908863933, 12.262623575213901 ], [ 107.009751285567319, 12.263176447651555 ], [ 107.009506928129184, 12.263520713974957 ], [ 107.009459821315374, 12.264164352070624 ], [ 107.009997341334227, 12.265325729675286 ], [ 107.00891418026842, 12.266821222762243 ], [ 107.007799457009469, 12.267973023825064 ], [ 107.007769180140073, 12.269148233831322 ], [ 107.007521470487418, 12.269691141395478 ], [ 107.006932888419897, 12.270243232930733 ], [ 107.00544455382348, 12.273339663643364 ], [ 107.005339201051228, 12.273357694059982 ], [ 107.004632961435746, 12.274186160507238 ], [ 107.004283038032355, 12.275023223405466 ], [ 107.004370001621766, 12.275819769168217 ], [ 107.003752164414408, 12.279469353541421 ], [ 107.003574578578508, 12.279526317080995 ], [ 107.003221761269231, 12.279891615368211 ], [ 107.00262169037758, 12.28062207248191 ], [ 107.002562467018066, 12.280747657758818 ], [ 107.002040837724422, 12.28154919841789 ], [ 107.00190069179331, 12.28193761002532 ], [ 107.00090577436292, 12.283530755628577 ], [ 107.000551876158283, 12.283914585116023 ], [ 107.000377397118953, 12.284212793450184 ], [ 107.000053023071928, 12.284642761657979 ], [ 106.999457999317755, 12.285913368519765 ], [ 106.99954456422897, 12.286768205070492 ], [ 106.999507160118313, 12.287153967562814 ], [ 106.998895989084588, 12.287521782624117 ], [ 106.998701492467006, 12.288310808534614 ], [ 106.997984171759398, 12.288271408291886 ], [ 106.995857251175352, 12.286207577500615 ], [ 106.994249352848016, 12.285140448846809 ], [ 106.993660666770097, 12.284731053093653 ], [ 106.993645789682304, 12.284738028667546 ], [ 106.992621443422593, 12.285218902775297 ], [ 106.991741080954611, 12.285487455232708 ], [ 106.990740885277475, 12.286086793752686 ], [ 106.990645059042009, 12.286163305903766 ], [ 106.989903938137388, 12.286838471649355 ], [ 106.989217088971614, 12.287656466321 ], [ 106.987173468804443, 12.289219155737506 ], [ 106.98725783686956, 12.289695663351587 ], [ 106.987348825043867, 12.290508457472908 ], [ 106.987132460710797, 12.29093374519382 ], [ 106.986488404079267, 12.291700008142577 ], [ 106.986223460962847, 12.292035012909224 ], [ 106.985713186286006, 12.293005791001882 ], [ 106.984584721169796, 12.294505346914379 ], [ 106.983939763609797, 12.29479982227654 ], [ 106.983633320772441, 12.295099703771513 ], [ 106.982634423736442, 12.29549560257083 ], [ 106.981499825789058, 12.295755488701406 ], [ 106.981332678216248, 12.295690824417102 ], [ 106.980981488010059, 12.295693549163554 ], [ 106.980441095853948, 12.295945331380565 ], [ 106.979773341025975, 12.296374877136847 ], [ 106.979536214573727, 12.296620667148854 ], [ 106.979279452987711, 12.296703853609278 ], [ 106.978447158528851, 12.297141007387738 ], [ 106.978079957677863, 12.297333873937156 ], [ 106.977796300305059, 12.297482860649463 ], [ 106.977096781686384, 12.298581507504238 ], [ 106.976009180161228, 12.299402828982338 ], [ 106.97496153301995, 12.300490703542959 ], [ 106.974851556460735, 12.300571380050931 ], [ 106.973794812957891, 12.301345573162418 ], [ 106.972263516408319, 12.30212842769485 ], [ 106.97016643577399, 12.303757460529571 ], [ 106.969623379384274, 12.304296333186119 ], [ 106.967423843948936, 12.304273047332261 ], [ 106.965581104578533, 12.304214465610679 ], [ 106.964980744581112, 12.304336346627791 ], [ 106.964266375211423, 12.304435913110137 ], [ 106.964235772819507, 12.304458724336117 ], [ 106.962584908357741, 12.305671714841912 ], [ 106.962383542342749, 12.306602834732661 ], [ 106.962268041847153, 12.30784907408659 ], [ 106.961386693051466, 12.308541633180146 ], [ 106.961033293202533, 12.31014869080521 ], [ 106.960931200328645, 12.310404342705647 ], [ 106.960853591862858, 12.310466348709319 ], [ 106.960406798279053, 12.310877372407786 ], [ 106.960076308877703, 12.311323797593497 ], [ 106.959710453882835, 12.311692761865714 ], [ 106.959670472037416, 12.312300572662684 ], [ 106.959506161850157, 12.313538668569098 ], [ 106.958921726270816, 12.314196290816277 ], [ 106.958718440819851, 12.314400708509403 ], [ 106.958367498503605, 12.315084668749487 ], [ 106.957736617492515, 12.315541107830679 ], [ 106.957512107450256, 12.316256691866416 ], [ 106.95678855693005, 12.31660535599538 ], [ 106.95551874603045, 12.317671906469796 ], [ 106.954272900365808, 12.318250217275587 ], [ 106.953897846529671, 12.31974429001467 ], [ 106.953483970652783, 12.319946598552539 ], [ 106.952646627879403, 12.320837807356215 ], [ 106.952631046649188, 12.32085442197616 ], [ 106.952630759359948, 12.320854728624363 ], [ 106.952482528595098, 12.321463406181481 ], [ 106.952252127420678, 12.322637618608711 ], [ 106.951539149950463, 12.326271173349205 ], [ 106.951666670326787, 12.326510090912866 ], [ 106.952314419987815, 12.327723672013288 ], [ 106.952587892687262, 12.327987840692165 ], [ 106.952663045258006, 12.328023177911934 ], [ 106.953382548481002, 12.328361505965308 ], [ 106.953643927439629, 12.329653302434375 ], [ 106.953189108388642, 12.33071591165071 ], [ 106.95307083000553, 12.330957671653254 ], [ 106.953034670974105, 12.331039259571606 ], [ 106.953138729825284, 12.331436212418913 ], [ 106.953640686329607, 12.332182829526158 ], [ 106.953508167198294, 12.332906790693889 ], [ 106.953522160544466, 12.333557500338681 ], [ 106.953347397116048, 12.334728530313457 ], [ 106.949441049326097, 12.338415560553702 ], [ 106.945717326422439, 12.33936804871788 ], [ 106.945757373811617, 12.339426673314556 ], [ 106.945792886007894, 12.339478659036397 ], [ 106.946138321625568, 12.340124656160027 ], [ 106.946425345357127, 12.340713506913016 ], [ 106.94665554765443, 12.341152485310584 ], [ 106.94672165118007, 12.341284973304894 ], [ 106.946701990766698, 12.34127313696071 ], [ 106.94689782055886, 12.341665627526927 ], [ 106.947256323746018, 12.342058505691515 ], [ 106.947380063121827, 12.342133799774086 ], [ 106.947368413281652, 12.342372899513073 ], [ 106.946819646074715, 12.34228871400445 ], [ 106.946294620408878, 12.342226949246585 ], [ 106.946148512752202, 12.343053843126638 ], [ 106.947069013023693, 12.343371589575105 ], [ 106.94799798539043, 12.344137665232278 ], [ 106.947431135015293, 12.344950668609359 ], [ 106.946968256215499, 12.345913205930081 ], [ 106.946610610831712, 12.346888455474993 ], [ 106.946265922584843, 12.347668241212739 ], [ 106.946610573213306, 12.348441928387148 ], [ 106.946637149101676, 12.349626881387177 ], [ 106.946375005319723, 12.350303242509098 ], [ 106.946592343748009, 12.350949067189992 ], [ 106.947592907027584, 12.351520343124406 ], [ 106.948339681992536, 12.351652899240015 ], [ 106.949126760959132, 12.351095948220003 ], [ 106.949445341205163, 12.350660908140325 ], [ 106.949542878847495, 12.350602380678195 ], [ 106.950032284301543, 12.350308710205841 ], [ 106.950429662666679, 12.350277670542994 ], [ 106.95083730464502, 12.350475813996937 ], [ 106.951340407254975, 12.351029877748438 ], [ 106.951405033873471, 12.351101050036055 ], [ 106.951447542601045, 12.351711975416789 ], [ 106.95111341310826, 12.352605732674245 ], [ 106.951014778393002, 12.353330626332864 ], [ 106.951149416213084, 12.353727764357487 ], [ 106.951163429203163, 12.353769097596945 ], [ 106.951387699608844, 12.3542183229006 ], [ 106.951474233419901, 12.354391654967518 ], [ 106.951513910995118, 12.354707581164897 ], [ 106.951540860758783, 12.354922162884662 ], [ 106.951912257678885, 12.35518951241094 ], [ 106.952235595240282, 12.355604330453334 ], [ 106.952317750144772, 12.355709728687607 ], [ 106.95224314462628, 12.356341825871153 ], [ 106.95199200836727, 12.357110736224575 ], [ 106.95196538513315, 12.357548113229976 ], [ 106.952078849940989, 12.357974365404036 ], [ 106.951992844473295, 12.358255385340568 ], [ 106.951879307563814, 12.358677662481581 ], [ 106.951725561192333, 12.359024501901573 ], [ 106.951533012450398, 12.35933203964276 ], [ 106.951186752828846, 12.359909606564475 ], [ 106.950994488418942, 12.36025563731868 ], [ 106.950880664643691, 12.360639511511092 ], [ 106.950768303052683, 12.361292211228495 ], [ 106.950772931100204, 12.361916179037777 ], [ 106.950773138653389, 12.36194416120858 ], [ 106.950893176151595, 12.362326268500135 ], [ 106.950974173544267, 12.362708745977637 ], [ 106.951013706349229, 12.362967062543083 ], [ 106.951015285142404, 12.362977377544302 ], [ 106.950979580057037, 12.363437502381604 ], [ 106.950865509132868, 12.363859783338846 ], [ 106.95083131207771, 12.364148945908939 ], [ 106.950829271259039, 12.364166200301902 ], [ 106.950909672412095, 12.364549856042919 ], [ 106.951107658906693, 12.364892999136371 ], [ 106.951305326708095, 12.365274638634986 ], [ 106.951385194200526, 12.365504587148255 ], [ 106.951546303426383, 12.366231052211781 ], [ 106.951558543789076, 12.36630382435661 ], [ 106.951562562359356, 12.366327716427413 ], [ 106.949567412957151, 12.368468796352099 ], [ 106.949406202098729, 12.36864179727425 ], [ 106.948772948322372, 12.368877941515839 ], [ 106.948151381118791, 12.369207799988951 ], [ 106.947399985683077, 12.369696725838429 ], [ 106.946934246498628, 12.369427698970961 ], [ 106.946645767172996, 12.36896546721014 ], [ 106.946601452448817, 12.368836052081903 ], [ 106.946428490499869, 12.368330940284237 ], [ 106.946340062641497, 12.368341019082219 ], [ 106.94576190305429, 12.368406917650383 ], [ 106.945550151077455, 12.368600459088224 ], [ 106.944833156872733, 12.369159165210275 ], [ 106.944039525433325, 12.36899197004232 ], [ 106.943704413100775, 12.36851759648698 ], [ 106.943642813736631, 12.368411747042527 ], [ 106.943493829317021, 12.368155738152444 ], [ 106.943253974813786, 12.367743581248943 ], [ 106.94288131630708, 12.367625334947199 ], [ 106.94249462496667, 12.367782892779484 ], [ 106.942025575139255, 12.36799860099678 ], [ 106.941648536982242, 12.368375316108198 ], [ 106.941192150981152, 12.368509603386309 ], [ 106.940526642256458, 12.368423986355866 ], [ 106.939778562028053, 12.368429322520473 ], [ 106.939499014011844, 12.368312666143147 ], [ 106.939081723961266, 12.36783769743257 ], [ 106.93859060163048, 12.367857011753337 ], [ 106.938226504607584, 12.368118323871883 ], [ 106.937631294901109, 12.368055965035825 ], [ 106.937223288369026, 12.367904074727772 ], [ 106.936911582655441, 12.367394462263096 ], [ 106.936495203321229, 12.366805439872714 ], [ 106.936021543444838, 12.366076667130809 ], [ 106.935310571474673, 12.36581849070186 ], [ 106.934377480702494, 12.365592434324391 ], [ 106.933652390492398, 12.365609968967627 ], [ 106.933298361592747, 12.366147994604482 ], [ 106.93277311252794, 12.366062535528103 ], [ 106.931954281605954, 12.366137210366031 ], [ 106.931412552335374, 12.366708284835383 ], [ 106.93079258818841, 12.366795100329362 ], [ 106.929366391414092, 12.366876428088611 ], [ 106.929052555162997, 12.366632315100953 ], [ 106.929019035432262, 12.366516144651024 ], [ 106.92892795279279, 12.366200472379083 ], [ 106.928836219495423, 12.365882545036852 ], [ 106.928678662306424, 12.365476923113684 ], [ 106.928352649823495, 12.365370795149422 ], [ 106.927862957110591, 12.365274862436674 ], [ 106.927954630169012, 12.364995334518312 ], [ 106.927994432847754, 12.364873969537561 ], [ 106.928335851002231, 12.364496439083409 ], [ 106.92846720204632, 12.364140730263113 ], [ 106.928370467045482, 12.363988671241984 ], [ 106.928305527249378, 12.363886591899355 ], [ 106.928027691997784, 12.363609509873504 ], [ 106.927832242171931, 12.363205240141296 ], [ 106.927829538226618, 12.363186677110717 ], [ 106.927800542985693, 12.362987589721303 ], [ 106.927743311753915, 12.362594632859608 ], [ 106.927557131050477, 12.362513537184428 ], [ 106.927522839669493, 12.362386092709556 ], [ 106.927382654701503, 12.362384826950299 ], [ 106.927220873522444, 12.362188250780072 ], [ 106.926695979359891, 12.36215021806856 ], [ 106.925760452859933, 12.362303685700795 ], [ 106.924860281022617, 12.362491962264061 ], [ 106.924197770255802, 12.362026651958633 ], [ 106.923741822893675, 12.362138315765266 ], [ 106.923249433276283, 12.362388044496548 ], [ 106.92249888004676, 12.362841927763471 ], [ 106.922234095588209, 12.36323110879148 ], [ 106.922132776283647, 12.363380026953591 ], [ 106.92216007631977, 12.36359454267267 ], [ 106.922198569351053, 12.36389700069649 ], [ 106.921929267016125, 12.363998306674942 ], [ 106.921112839977184, 12.363935212646693 ], [ 106.920624252103366, 12.363678767944565 ], [ 106.920150344531891, 12.363065269949569 ], [ 106.919910909052035, 12.362304355279973 ], [ 106.919553089541935, 12.36170350033559 ], [ 106.918703995282286, 12.361328773452943 ], [ 106.917692723541961, 12.360712280714894 ], [ 106.916969314557974, 12.360637131359841 ], [ 106.916551853421737, 12.360277428708256 ], [ 106.916540839853582, 12.360152727616763 ], [ 106.916476662673475, 12.359426069905947 ], [ 106.9166706751422, 12.358449645713293 ], [ 106.91664722834571, 12.358335211342698 ], [ 106.916569431575056, 12.357955509222421 ], [ 106.916337439966412, 12.35774586513665 ], [ 106.91561630455486, 12.357430047679582 ], [ 106.915114574871353, 12.357334173903203 ], [ 106.914390524454305, 12.357409301817913 ], [ 106.913758301399312, 12.357622766136913 ], [ 106.913149218569941, 12.357859832438864 ], [ 106.91229441497876, 12.358209233982446 ], [ 106.911880578441881, 12.358826817399901 ], [ 106.911249427263897, 12.358948727550811 ], [ 106.910702607676626, 12.35866781963966 ], [ 106.910261942425905, 12.358274381158751 ], [ 106.910284401269436, 12.358068136322334 ], [ 106.910312047885327, 12.357814241771212 ], [ 106.910563678067348, 12.357022666908726 ], [ 106.910637748909153, 12.356459520460874 ], [ 106.910591758404877, 12.356423367229699 ], [ 106.910313019506646, 12.356204252811885 ], [ 106.909110022251767, 12.356240886304445 ], [ 106.908550580233722, 12.356110342041637 ], [ 106.907865590125539, 12.355633847489084 ], [ 106.907152612671666, 12.355720172768153 ], [ 106.906617138196495, 12.355496830822077 ], [ 106.906219271435006, 12.355620527610339 ], [ 106.905760695011807, 12.356007890236139 ], [ 106.905257395696495, 12.35617633355173 ], [ 106.904217606142311, 12.356295483387274 ], [ 106.903492496424292, 12.356381884337633 ], [ 106.903141810687941, 12.356436298023979 ], [ 106.90311892280927, 12.356447753551812 ], [ 106.902783169468719, 12.356019679895894 ], [ 106.902176428533551, 12.356026178524093 ], [ 106.901695184791095, 12.356309770487925 ], [ 106.900923608836166, 12.356407785726232 ], [ 106.900482679031199, 12.35605942510799 ], [ 106.90028946694423, 12.355402173951649 ], [ 106.900060598701785, 12.354825237114424 ], [ 106.899690270834654, 12.354384929306518 ], [ 106.899018768536678, 12.353621397315449 ], [ 106.898378145165239, 12.353386299337927 ], [ 106.897910787202278, 12.353440433696527 ], [ 106.897582125802572, 12.353678855444826 ], [ 106.896821885734198, 12.353834433866373 ], [ 106.896188980667887, 12.354196970416679 ], [ 106.895510389520751, 12.354353061511093 ], [ 106.894564049551136, 12.354437634921084 ], [ 106.893395314580658, 12.354600564767932 ], [ 106.892784737971013, 12.355032974027747 ], [ 106.892247518121081, 12.35504005153977 ], [ 106.891702642134007, 12.354541119966287 ], [ 106.891160168773112, 12.353732569409846 ], [ 106.89063834847471, 12.353244681001387 ], [ 106.890466757916954, 12.352780406898969 ], [ 106.890420944236425, 12.352656447953146 ], [ 106.890415773768822, 12.351852026362858 ], [ 106.890525361591386, 12.351277337261951 ], [ 106.890636899712177, 12.350404330081021 ], [ 106.890611118545522, 12.350275627756147 ], [ 106.890546949417541, 12.349955282233442 ], [ 106.890198030924097, 12.349780311126363 ], [ 106.890080942631442, 12.349795943423189 ], [ 106.889707257830594, 12.349845889746524 ], [ 106.888957424459761, 12.350173072476984 ], [ 106.888609974974784, 12.350371852299105 ], [ 106.88806584802623, 12.350683148220275 ], [ 106.887176080124206, 12.351044100721982 ], [ 106.886717121654826, 12.351466408303949 ], [ 106.88632797249241, 12.352003542677247 ], [ 106.886324338941051, 12.352122187796734 ], [ 106.886302855196007, 12.35282370611707 ], [ 106.886296272079463, 12.353038660661786 ], [ 106.885975323688854, 12.353794465153221 ], [ 106.885436344848259, 12.354032071637103 ], [ 106.885099107710815, 12.353879605605812 ], [ 106.88470659559411, 12.353312911037751 ], [ 106.884103611050023, 12.352721645935477 ], [ 106.883605387800429, 12.352234752776337 ], [ 106.883477574935625, 12.351701736823912 ], [ 106.883473071702625, 12.351682957552921 ], [ 106.883367914905833, 12.351244420756434 ], [ 106.88311920209901, 12.350219102134464 ], [ 106.882878342536941, 12.349651608045432 ], [ 106.882684318710176, 12.349194462352321 ], [ 106.882580365242248, 12.348949534417251 ], [ 106.882585861148456, 12.348191394006815 ], [ 106.882414067138413, 12.34778691728093 ], [ 106.881849027146316, 12.347760818906652 ], [ 106.88181914787738, 12.347759398339248 ], [ 106.881157833002845, 12.347956541561789 ], [ 106.88110525854816, 12.347972266780205 ], [ 106.879968063081989, 12.348526937937248 ], [ 106.87924159256734, 12.348900293363915 ], [ 106.878189751570631, 12.349019334102197 ], [ 106.878071174633504, 12.349312592077775 ], [ 106.877939595277454, 12.34963800632913 ], [ 106.878186523576744, 12.350523790761255 ], [ 106.878235082777181, 12.350697982622757 ], [ 106.877811292781217, 12.35114271720121 ], [ 106.876924802014841, 12.350998544698363 ], [ 106.876292986488963, 12.351188153916718 ], [ 106.87600718783537, 12.350592934169638 ], [ 106.875982637526604, 12.3505418048889 ], [ 106.875912141804776, 12.350241953484755 ], [ 106.875858253302965, 12.350012739190243 ], [ 106.875859419484158, 12.349865959428961 ], [ 106.875863368732183, 12.349368735428072 ], [ 106.875947469574882, 12.348819133198733 ], [ 106.875949569117935, 12.348805414223772 ], [ 106.875529515482015, 12.348721372188125 ], [ 106.874866117359943, 12.3485101383265 ], [ 106.873858842858041, 12.348915867131232 ], [ 106.873403650767244, 12.348900924180468 ], [ 106.87336986638347, 12.348766235284181 ], [ 106.873291395969872, 12.348452932753752 ], [ 106.873256417044757, 12.348313272596837 ], [ 106.873237147913997, 12.348284308496307 ], [ 106.873048445476186, 12.34800067060222 ], [ 106.872696834836958, 12.348170271184534 ], [ 106.872460413351462, 12.348536805739304 ], [ 106.871693144479622, 12.349645937278764 ], [ 106.871578589222992, 12.349829768965424 ], [ 106.871527147791312, 12.34991231806746 ], [ 106.871403068674283, 12.350111432781679 ], [ 106.871065995024054, 12.350652438884598 ], [ 106.870329514025144, 12.35076142213912 ], [ 106.869508648359258, 12.350949171564388 ], [ 106.869499373112646, 12.350951293355214 ], [ 106.869613739141855, 12.351466766705872 ], [ 106.869634784455457, 12.35156162134596 ], [ 106.869560454210117, 12.352101002244826 ], [ 106.868529377848688, 12.35255323741556 ], [ 106.868045911980303, 12.353170070950505 ], [ 106.867344363828124, 12.353267510950596 ], [ 106.866793840594056, 12.353505160907531 ], [ 106.866730092588156, 12.353027551113758 ], [ 106.866727705904268, 12.353009668004576 ], [ 106.866686060573443, 12.352854380932545 ], [ 106.866557714915743, 12.352375808278087 ], [ 106.866526390901242, 12.351998169919963 ], [ 106.866504329137271, 12.351732202604822 ], [ 106.866662494306539, 12.350858873834694 ], [ 106.866606281196511, 12.350667557654656 ], [ 106.866503473270328, 12.350317658290166 ], [ 106.865981214582717, 12.349911140384014 ], [ 106.865901778232541, 12.349490385560477 ], [ 106.865835495716695, 12.349139300013141 ], [ 106.865769731105786, 12.348609824340826 ], [ 106.865766752540893, 12.348608295495668 ], [ 106.865685792389399, 12.348566734727838 ], [ 106.865315798142049, 12.348376797714563 ], [ 106.864804224679474, 12.348108017814589 ], [ 106.864150125518606, 12.348159938240347 ], [ 106.86356550504722, 12.348281418863708 ], [ 106.863132880216696, 12.348370318848156 ], [ 106.862829514643963, 12.348298923527237 ], [ 106.862585919576006, 12.348135664715674 ], [ 106.862248910434559, 12.34793798095173 ], [ 106.861643432372674, 12.347715020472826 ], [ 106.861262578926898, 12.347159410263169 ], [ 106.861336196272887, 12.346677598667963 ], [ 106.861574980778229, 12.345989068511601 ], [ 106.86156617806472, 12.345644548989082 ], [ 106.861758416696929, 12.344956246437169 ], [ 106.862250204536693, 12.344786787169532 ], [ 106.862547147955112, 12.344111413748745 ], [ 106.862866084174101, 12.3436301849743 ], [ 106.862692835529415, 12.343433641153387 ], [ 106.862272669326813, 12.343407142088697 ], [ 106.861550082705222, 12.343206398486343 ], [ 106.860957029250486, 12.342948377049094 ], [ 106.860268693739599, 12.342874002359878 ], [ 106.859335108847517, 12.342809162065794 ], [ 106.859107001430857, 12.342852288625366 ], [ 106.858516254545265, 12.342963858055372 ], [ 106.858187157866055, 12.34330616309037 ], [ 106.857631598793517, 12.344129152908794 ], [ 106.857183637857844, 12.34465526632378 ], [ 106.856839963966621, 12.345295980386631 ], [ 106.856172110979159, 12.345601101376371 ], [ 106.855329863853058, 12.345858788674322 ], [ 106.855325393703041, 12.346364980622237 ], [ 106.855883017463157, 12.346726096323945 ], [ 106.856163247788785, 12.346785186665047 ], [ 106.857285084083486, 12.346656716801615 ], [ 106.857822577806317, 12.346603348653941 ], [ 106.85816608537165, 12.347411080548529 ], [ 106.858163317284408, 12.347824631321398 ], [ 106.857834100449665, 12.348075393352641 ], [ 106.857155279728701, 12.348287962532636 ], [ 106.856603735127479, 12.348628439679358 ], [ 106.856431049917248, 12.348930999665617 ], [ 106.856355115100371, 12.349063908718046 ], [ 106.856350887353599, 12.349604078290078 ], [ 106.856802069340276, 12.350113941373332 ], [ 106.857102791984858, 12.350541238436913 ], [ 106.857177718376363, 12.351393727548938 ], [ 106.857012615579819, 12.351610655913779 ], [ 106.856718124811181, 12.351895159249032 ], [ 106.855980289237863, 12.352211964474431 ], [ 106.85502024734393, 12.352560916907709 ], [ 106.854340964025411, 12.352795986189799 ], [ 106.853990271589424, 12.352851511406012 ], [ 106.853873014060369, 12.352930209004473 ], [ 106.853603732293948, 12.352962586973831 ], [ 106.853195162161427, 12.352959674134214 ], [ 106.852775057989305, 12.352944458665073 ], [ 106.852707657404054, 12.35259925238341 ], [ 106.852676454940038, 12.352162164111409 ], [ 106.852517941567399, 12.351517007360508 ], [ 106.852917264405576, 12.351186609698114 ], [ 106.85300217688571, 12.350842535584359 ], [ 106.852807624716149, 12.350311761087847 ], [ 106.852388017866886, 12.350204996634472 ], [ 106.851968582516804, 12.350133292875606 ], [ 106.851794020067146, 12.350062184373577 ], [ 106.85117885264269, 12.349528483468553 ], [ 106.850735850493891, 12.349296350961994 ], [ 106.850621181576415, 12.349236310360423 ], [ 106.850152583042444, 12.34943948254465 ], [ 106.849845996428485, 12.349805305190063 ], [ 106.849851042892652, 12.350609744612262 ], [ 106.849853649352426, 12.350829688159129 ], [ 106.849865132512861, 12.351794852340827 ], [ 106.849474153909554, 12.352493538811283 ], [ 106.848947673110516, 12.352638362103201 ], [ 106.848270425450579, 12.352667810825047 ], [ 106.847852814572875, 12.352284222000961 ], [ 106.847890942257237, 12.351905403370912 ], [ 106.847846390929362, 12.351617604779809 ], [ 106.847523226471566, 12.351166771484888 ], [ 106.847046196401124, 12.350990351504199 ], [ 106.846857060566705, 12.351230030425178 ], [ 106.846878394825964, 12.351482922331737 ], [ 106.847074369987254, 12.351818312514995 ], [ 106.847143352576211, 12.351979426916531 ], [ 106.846953808203509, 12.352323034842021 ], [ 106.846982225342529, 12.353174761838043 ], [ 106.846942147089976, 12.353772742684278 ], [ 106.846590585787268, 12.353953607415132 ], [ 106.8461464546331, 12.353961137440924 ], [ 106.845424606735975, 12.353771734650579 ], [ 106.845157564939043, 12.353550962179238 ], [ 106.845252706594763, 12.353356021615216 ], [ 106.845639782904456, 12.353071985097104 ], [ 106.845723322607398, 12.352865827195384 ], [ 106.845513818700653, 12.352817543252947 ], [ 106.845151917978413, 12.352745440293482 ], [ 106.844801672584779, 12.352789563714481 ], [ 106.844404616446525, 12.352785475854521 ], [ 106.843971037541181, 12.352989575806291 ], [ 106.843749847859101, 12.352907390666617 ], [ 106.843612610610236, 12.352515209178957 ], [ 106.843906297504333, 12.352275907903229 ], [ 106.844094628217761, 12.352093892297683 ], [ 106.844321365051016, 12.351485610840752 ], [ 106.844172679697863, 12.351093415843884 ], [ 106.843892479923355, 12.351125858032932 ], [ 106.843669206198541, 12.351319406766448 ], [ 106.843326359050096, 12.351845966008566 ], [ 106.842750505918559, 12.352324397837553 ], [ 106.842095281761459, 12.352467820623868 ], [ 106.841629255078615, 12.35230378659803 ], [ 106.840962747767193, 12.352470960398175 ], [ 106.840666282875262, 12.352541193494838 ], [ 106.840354075214009, 12.352615148233218 ], [ 106.84021536274804, 12.352878792821866 ], [ 106.840022332605514, 12.353245646192224 ], [ 106.839808425603181, 12.353207328479165 ], [ 106.839614406944506, 12.353172671667044 ], [ 106.839582491502071, 12.352793240180944 ], [ 106.839394861452391, 12.352837434193205 ], [ 106.839136562980329, 12.353042602696576 ], [ 106.838739512906002, 12.353039590325656 ], [ 106.838681920386506, 12.353086520476687 ], [ 106.838445819743114, 12.353278886799901 ], [ 106.837672266496298, 12.353675051467537 ], [ 106.837375293679912, 12.354270157534746 ], [ 106.836970004481486, 12.355313510377394 ], [ 106.836837085013499, 12.355864673951404 ], [ 106.836380718649437, 12.356010086344641 ], [ 106.83601631052926, 12.35632893203041 ], [ 106.835825600955445, 12.356834124584992 ], [ 106.835568068674888, 12.356900205483955 ], [ 106.835590921588249, 12.356970178874745 ], [ 106.835392651889691, 12.356956784940198 ], [ 106.835253826057681, 12.356748693312857 ], [ 106.8350919445638, 12.356528376392552 ], [ 106.834700629615227, 12.355870042273779 ], [ 106.834282614390233, 12.355579063336869 ], [ 106.833919201505211, 12.355714808356568 ], [ 106.833811370816065, 12.356070330290116 ], [ 106.833723843622451, 12.356782770817395 ], [ 106.833419558588162, 12.35690682030511 ], [ 106.833129747723873, 12.356627448136905 ], [ 106.832808120144989, 12.355992317996723 ], [ 106.832355998560601, 12.355517480489306 ], [ 106.832347672204051, 12.355149184941036 ], [ 106.832243958394685, 12.354942030067003 ], [ 106.831860556305585, 12.354754739887994 ], [ 106.831756756257207, 12.354535114320411 ], [ 106.831551166533998, 12.353981710375665 ], [ 106.830875920692492, 12.353723000588502 ], [ 106.830682150025112, 12.353124420914931 ], [ 106.830567434333403, 12.352904868031141 ], [ 106.830206116187128, 12.352763787194805 ], [ 106.830011759839934, 12.352244194692361 ], [ 106.829697189075532, 12.352207900963473 ], [ 106.829346688307794, 12.352215949204467 ], [ 106.829106071756499, 12.351650306643995 ], [ 106.828616788418515, 12.351531590897556 ], [ 106.828160768825697, 12.351562938794697 ], [ 106.827902009693744, 12.351790603205664 ], [ 106.827888174196076, 12.352112687803512 ], [ 106.828107963326701, 12.352321415958459 ], [ 106.828469036552605, 12.352427437587771 ], [ 106.828746933599888, 12.352728404258558 ], [ 106.828765370650146, 12.353396032396462 ], [ 106.828528586766865, 12.353807726588117 ], [ 106.828013825950009, 12.353907246843235 ], [ 106.827510380863544, 12.354064256583674 ], [ 106.826880324601973, 12.354024383372058 ], [ 106.826521059002062, 12.353676605438787 ], [ 106.826047738256491, 12.35302892713595 ], [ 106.825836397713729, 12.353130926999436 ], [ 106.825612821816279, 12.353370824832192 ], [ 106.825410978444324, 12.353770986727151 ], [ 106.825060846457944, 12.353745137493485 ], [ 106.824738372266907, 12.353225313927577 ], [ 106.824615607336753, 12.35251093944737 ], [ 106.824606979297272, 12.352097458368219 ], [ 106.824623082892657, 12.351522227458274 ], [ 106.825000585737996, 12.35110055693643 ], [ 106.825282974932747, 12.350803692570556 ], [ 106.825144029539658, 12.350653251813229 ], [ 106.824794474609277, 12.350545973921202 ], [ 106.824539875500335, 12.350291206137518 ], [ 106.824247246492448, 12.350357600444559 ], [ 106.824012066602734, 12.350574981705151 ], [ 106.823857304932162, 12.350964705414345 ], [ 106.823656248433664, 12.351227043765588 ], [ 106.823256508513055, 12.351579999111545 ], [ 106.822845748498722, 12.351841481966408 ], [ 106.822449280550231, 12.351769488737762 ], [ 106.822101416568998, 12.351490489951292 ], [ 106.821883950811099, 12.35094854139501 ], [ 106.821759005956295, 12.35049851477249 ], [ 106.821686919568208, 12.350313826222745 ], [ 106.821610432291351, 12.350117598985918 ], [ 106.821482361475844, 12.350048417834845 ], [ 106.82125354065991, 12.350133179742084 ], [ 106.821177997869285, 12.350161157918208 ], [ 106.820966020647759, 12.350412271573642 ], [ 106.820846485844754, 12.350744191181446 ], [ 106.820795266314335, 12.351318482690806 ], [ 106.820718279160701, 12.352146076802816 ], [ 106.820329119760714, 12.352626562019219 ], [ 106.819954610654861, 12.352726214281144 ], [ 106.819498532878058, 12.3528377983789 ], [ 106.819331500584667, 12.353285168201809 ], [ 106.819175773644815, 12.353777738744755 ], [ 106.81891869829721, 12.353833679131204 ], [ 106.81877134041639, 12.353844716563119 ], [ 106.818177164117913, 12.353561538354315 ], [ 106.818161726457461, 12.353551714807947 ], [ 106.817812915308608, 12.353387940266154 ], [ 106.817494415665124, 12.353265440151588 ], [ 106.817475256668686, 12.353258071079127 ], [ 106.817475615691251, 12.353464249065759 ], [ 106.817550488039231, 12.396137364593795 ], [ 106.81762100561167, 12.416831453017284 ], [ 106.81758402474027, 12.425570377496005 ], [ 106.817583966816599, 12.425584146919563 ], [ 106.817750201634908, 12.434935444487552 ], [ 106.817914934043458, 12.452995162213188 ], [ 106.818006261267612, 12.459895435542492 ], [ 106.818020525485508, 12.460972953382331 ], [ 106.818021906311628, 12.461077245185546 ], [ 106.818024180872371, 12.461249062612305 ], [ 106.818025748972275, 12.461367552404763 ], [ 106.818751548289342, 12.461167194036845 ], [ 106.819134258759917, 12.461197389245232 ], [ 106.819556776630634, 12.461230724319597 ], [ 106.819903731723031, 12.461682589849691 ], [ 106.820085860711842, 12.462327604593488 ], [ 106.820854251685674, 12.462633119970487 ], [ 106.821343906846877, 12.462774501456865 ], [ 106.821940705009041, 12.462619014709762 ], [ 106.822445579709907, 12.462311692297909 ], [ 106.822699939747608, 12.462601511291211 ], [ 106.822626255917399, 12.463084407742285 ], [ 106.822262264167435, 12.46331062123121 ], [ 106.821642168525671, 12.463420990114292 ], [ 106.82115033903986, 12.463544048366138 ], [ 106.821183525328706, 12.463843313561771 ], [ 106.821621372216484, 12.464558897763286 ], [ 106.82235726738179, 12.464565229419282 ], [ 106.823605970205506, 12.464747752784044 ], [ 106.824357363183765, 12.464259103663183 ], [ 106.825249572392437, 12.463680215807035 ], [ 106.826222612404408, 12.463239769028112 ], [ 106.826596975605611, 12.46317397771552 ], [ 106.827416275949048, 12.462950371165533 ], [ 106.828161684089892, 12.463243639286045 ], [ 106.82896744786558, 12.463307136681944 ], [ 106.829302805196036, 12.463746595142876 ], [ 106.829507007579565, 12.464496551043524 ], [ 106.829523940875603, 12.465267024665765 ], [ 106.830025427937841, 12.465385625870724 ], [ 106.830716910534505, 12.465126726768748 ], [ 106.83159627111084, 12.464685811568778 ], [ 106.832475057861089, 12.464336352961741 ], [ 106.832942878827723, 12.464316187648095 ], [ 106.833466853807721, 12.464516054574478 ], [ 106.83400228156205, 12.464715751296898 ], [ 106.83465937248728, 12.464388214830327 ], [ 106.835246132298437, 12.464036212254182 ], [ 106.835692490458456, 12.463671607456916 ], [ 106.836044803759592, 12.463490732289101 ], [ 106.836362195319225, 12.463251262165924 ], [ 106.836585194745538, 12.463081386469431 ], [ 106.837218762188812, 12.462764125463403 ], [ 106.837247853760189, 12.462005813915709 ], [ 106.836899090403094, 12.461268688681074 ], [ 106.836799696803951, 12.461058621297362 ], [ 106.836361451507088, 12.460376957466329 ], [ 106.835724052051305, 12.459739572410751 ], [ 106.835294652543695, 12.459333474892274 ], [ 106.835041509693909, 12.458894549663167 ], [ 106.834932522453173, 12.457859197054535 ], [ 106.83531579913975, 12.456700759655513 ], [ 106.835847859381587, 12.455841881973335 ], [ 106.836472737303822, 12.455111060769415 ], [ 106.836931301549711, 12.45475884481797 ], [ 106.837703258932365, 12.454592014400221 ], [ 106.838187688645775, 12.453917631976662 ], [ 106.838519976060013, 12.453264527375286 ], [ 106.838851330493455, 12.452726740067538 ], [ 106.839788897019872, 12.452320382246903 ], [ 106.840078373546262, 12.452200931265944 ], [ 106.840691055845639, 12.451948242346244 ], [ 106.841123455339726, 12.451963371413107 ], [ 106.841506601711288, 12.452253378825551 ], [ 106.841869455882289, 12.452107398806598 ], [ 106.842303270984374, 12.451914665870571 ], [ 106.843184881290213, 12.451243172467072 ], [ 106.843388573879977, 12.450532200110427 ], [ 106.843759343310595, 12.449477766586485 ], [ 106.843954633244181, 12.449048443982369 ], [ 106.844139766215918, 12.448641420654518 ], [ 106.844622990354168, 12.448047196342859 ], [ 106.84507974245426, 12.447935636614533 ], [ 106.845156396748791, 12.448533903091301 ], [ 106.845551865096382, 12.449033207518919 ], [ 106.845815869536636, 12.449366585839844 ], [ 106.846814119671379, 12.450144989875884 ], [ 106.847628532171839, 12.450611696599674 ], [ 106.848245262355192, 12.450847050215177 ], [ 106.848968565097124, 12.450956240196815 ], [ 106.8493666895601, 12.45084389876801 ], [ 106.849627175813126, 12.450444400778032 ], [ 106.849469056220883, 12.449706621220098 ], [ 106.849112769871894, 12.448990440149569 ], [ 106.848870830223902, 12.44851756449353 ], [ 106.848656159138542, 12.447664859097817 ], [ 106.848407906719473, 12.446535581455167 ], [ 106.848434902874757, 12.446053003556951 ], [ 106.848869637329088, 12.445746028834202 ], [ 106.849333694387155, 12.445917359491268 ], [ 106.850080460845732, 12.446193119150527 ], [ 106.850793146105246, 12.446175771369843 ], [ 106.851235278828142, 12.44643147283206 ], [ 106.851703192565878, 12.446354888567408 ], [ 106.852181544752199, 12.446370771053012 ], [ 106.852647271404578, 12.446627483399077 ], [ 106.85331429660873, 12.446887151973645 ], [ 106.853368975746065, 12.446908375341458 ], [ 106.854057034011745, 12.447075360590478 ], [ 106.854558971918124, 12.447091166422242 ], [ 106.855155340391036, 12.446969595846525 ], [ 106.855834845170051, 12.44673331647353 ], [ 106.856267274819686, 12.446679469937388 ], [ 106.856631079873537, 12.446509789516286 ], [ 106.856785179214512, 12.446189005222859 ], [ 106.856684624834998, 12.445624707269749 ], [ 106.856549150044401, 12.445002000037801 ], [ 106.856382643621686, 12.443897023795055 ], [ 106.856341895942165, 12.443466965329483 ], [ 106.856285649503889, 12.442872901813969 ], [ 106.856384156955642, 12.442253106691455 ], [ 106.856646071683429, 12.44157679327845 ], [ 106.857009141291471, 12.441464682576623 ], [ 106.857756401006625, 12.441469763616013 ], [ 106.858213985704054, 12.441232745603495 ], [ 106.858812185687555, 12.440880623900261 ], [ 106.859325682266828, 12.440987797086072 ], [ 106.859808623990048, 12.441969680760081 ], [ 106.860176536758601, 12.442708358671426 ], [ 106.860559633015299, 12.443044335798161 ], [ 106.860652050316318, 12.443125394007085 ], [ 106.861093754786111, 12.443405932827737 ], [ 106.861534439987906, 12.443788142813002 ], [ 106.861684956921749, 12.444008601013419 ], [ 106.861734558992609, 12.444105045451625 ], [ 106.86176599608396, 12.44408937551569 ], [ 106.862082455106076, 12.443896247255305 ], [ 106.862436489736552, 12.443484799593286 ], [ 106.862498128647616, 12.443014366439312 ], [ 106.862282134613594, 12.442310885749164 ], [ 106.862857957593036, 12.441809801226098 ], [ 106.863318227794039, 12.441227004397762 ], [ 106.863980355187095, 12.440173982864819 ], [ 106.864224491234651, 12.439825735960605 ], [ 106.864429364453898, 12.439533607975914 ], [ 106.864888455558685, 12.439031065130607 ], [ 106.865462465219906, 12.438840677088528 ], [ 106.866053137840623, 12.439454636168664 ], [ 106.866278453618008, 12.439912155733001 ], [ 106.866536091665111, 12.440435421045557 ], [ 106.866787179801634, 12.441219986150454 ], [ 106.86694878469487, 12.441474253381738 ], [ 106.867239001371047, 12.44170612418063 ], [ 106.867460993947958, 12.441719322074862 ], [ 106.867615445620672, 12.441375848605976 ], [ 106.867854469922705, 12.44064212153947 ], [ 106.868186382692599, 12.440034178298994 ], [ 106.868902944886656, 12.439523074245484 ], [ 106.86956123363197, 12.43897622375925 ], [ 106.869751999474147, 12.438483481209795 ], [ 106.870420251223308, 12.438131937244325 ], [ 106.870593426319928, 12.438137789335974 ], [ 106.87130797079287, 12.438161946663547 ], [ 106.87142699636604, 12.438178022181281 ], [ 106.872486308, 12.438321066330618 ], [ 106.873431682824489, 12.438385642113246 ], [ 106.874084956011686, 12.438505464930989 ], [ 106.874680645442027, 12.438452720024802 ], [ 106.875444917418463, 12.437861023152022 ], [ 106.875881760562493, 12.437220808197706 ], [ 106.876412615860247, 12.436546052227401 ], [ 106.876651220640326, 12.435916156651951 ], [ 106.876597689684814, 12.435230723202805 ], [ 106.876587337482206, 12.435098586337002 ], [ 106.876440950434841, 12.43440819261928 ], [ 106.876540155712149, 12.4336494051178 ], [ 106.877172241297743, 12.433470972508212 ], [ 106.878305177768283, 12.433467631209249 ], [ 106.879110840852789, 12.433520778593222 ], [ 106.880122607387435, 12.433519265104611 ], [ 106.880371870993272, 12.433518889322285 ], [ 106.881248318014812, 12.433502587143542 ], [ 106.881890723599156, 12.433473269594383 ], [ 106.882053891379769, 12.433543345140752 ], [ 106.882654998135877, 12.432812696325367 ], [ 106.883151985413093, 12.431987793802721 ], [ 106.88346138390375, 12.431208385871008 ], [ 106.883601254704075, 12.430402594918778 ], [ 106.883620842387231, 12.430289860666694 ], [ 106.884036341166961, 12.429396663492634 ], [ 106.884649954253419, 12.428561911157001 ], [ 106.885497246431711, 12.427775323806403 ], [ 106.886003562753459, 12.427215944512104 ], [ 106.886651169091706, 12.426553826060823 ], [ 106.887203924609622, 12.426051776302508 ], [ 106.887977864613802, 12.42562156302183 ], [ 106.888346197669506, 12.425561249998349 ], [ 106.888785045526319, 12.425489420320917 ], [ 106.889789735524261, 12.425405598754306 ], [ 106.890373828697705, 12.425421854795514 ], [ 106.890512572094437, 12.425617436362456 ], [ 106.890564230824126, 12.426480268503749 ], [ 106.890392442265579, 12.427525395685631 ], [ 106.890246229499894, 12.428363672875147 ], [ 106.890238449351301, 12.429364730724545 ], [ 106.890650756697511, 12.430425027186622 ], [ 106.891369872520158, 12.4310639640718 ], [ 106.892358368870944, 12.431600527102036 ], [ 106.893079512995087, 12.43197394358905 ], [ 106.893813625941277, 12.432232049485739 ], [ 106.894897448968862, 12.432517074375006 ], [ 106.895585225304529, 12.432648985420832 ], [ 106.896053059280646, 12.432641190371914 ], [ 106.896427454741143, 12.432506359363236 ], [ 106.896511786587439, 12.432172493520502 ], [ 106.896399273918419, 12.431632071527165 ], [ 106.896099340399857, 12.431169865148217 ], [ 106.895357263763955, 12.430450856867942 ], [ 106.894928641089095, 12.429998495098534 ], [ 106.894638976605705, 12.42968649556791 ], [ 106.894385171339366, 12.429247639377799 ], [ 106.894414894339349, 12.428430509110973 ], [ 106.89494174811442, 12.427756928372338 ], [ 106.895004937498385, 12.427676239762789 ], [ 106.895710100328927, 12.427038551418935 ], [ 106.896041383207333, 12.426512010438548 ], [ 106.896080262388708, 12.42600676516737 ], [ 106.896189199094948, 12.425489642587369 ], [ 106.89700909015275, 12.425208189832359 ], [ 106.897828545509526, 12.424950504820343 ], [ 106.898591753090258, 12.42439273983535 ], [ 106.899167986413474, 12.423880293890363 ], [ 106.899662813128785, 12.423320884111627 ], [ 106.899842416235728, 12.423137986299256 ], [ 106.899898494299521, 12.423080841614944 ], [ 106.900226757867088, 12.422933951762126 ], [ 106.901088021804853, 12.423297329981329 ], [ 106.90138838706963, 12.423735852456629 ], [ 106.901326932394326, 12.424138507934193 ], [ 106.900724088014812, 12.425099727697582 ], [ 106.90014559302297, 12.425853926453577 ], [ 106.899861020924789, 12.426472860241107 ], [ 106.900418623493564, 12.42679878753801 ], [ 106.901180429127663, 12.426517820221529 ], [ 106.902118414842519, 12.426042318648564 ], [ 106.90308999178211, 12.425681886648002 ], [ 106.903641407186214, 12.425386486408161 ], [ 106.904043483734725, 12.424722715266631 ], [ 106.904607453611106, 12.424266914868399 ], [ 106.905236647455283, 12.424479370388939 ], [ 106.9057019289761, 12.424758583911135 ], [ 106.906145190578329, 12.424773538104603 ], [ 106.906639345504132, 12.424363318538457 ], [ 106.90705239276113, 12.42378079655396 ], [ 106.907113404722381, 12.423401910939663 ], [ 106.906885897717444, 12.422629609830077 ], [ 106.906862474905921, 12.422568234944727 ], [ 106.906691407588809, 12.422121399775826 ], [ 106.906834726557705, 12.421674068100582 ], [ 106.907584361235564, 12.4213807008749 ], [ 106.907969716160906, 12.421493747228345 ], [ 106.908190243563382, 12.421558342461458 ], [ 106.908610055049948, 12.421664999826072 ], [ 106.90906627812393, 12.421565725549939 ], [ 106.909274590097198, 12.421514917097923 ], [ 106.909709984815322, 12.421408649068582 ], [ 106.910277024410235, 12.421365522595954 ], [ 106.910527955470869, 12.421346402735201 ], [ 106.911415160731806, 12.421398883055845 ], [ 106.911767025115793, 12.421172742235001 ], [ 106.912176755178891, 12.421082827780561 ], [ 106.91244859120097, 12.420614345639175 ], [ 106.912976766871779, 12.420296502416374 ], [ 106.913259188993848, 12.420010937691128 ], [ 106.913671938911094, 12.419473594017845 ], [ 106.913986412122199, 12.419568607147365 ], [ 106.913971967284652, 12.419947164843894 ], [ 106.914338971521587, 12.420858539715814 ], [ 106.914975051683612, 12.421691290264061 ], [ 106.915600819094621, 12.422305967603995 ], [ 106.915845415823327, 12.422353939584511 ], [ 106.916347982267425, 12.422380928506673 ], [ 106.916862841634568, 12.422212276402391 ], [ 106.917180367470365, 12.421926459525402 ], [ 106.91718346617867, 12.421490328844909 ], [ 106.917455175980876, 12.421078323452566 ], [ 106.918146536860604, 12.420761574576234 ], [ 106.918753120751134, 12.420869152989297 ], [ 106.919191546140752, 12.421632082810053 ], [ 106.919719950782252, 12.422762617538684 ], [ 106.919797362876722, 12.423360836073684 ], [ 106.919430837699636, 12.423934006251065 ], [ 106.919217392289966, 12.424380663631533 ], [ 106.919507542822871, 12.424601179868322 ], [ 106.919961760605034, 12.424776524388811 ], [ 106.920425989385762, 12.425148252699781 ], [ 106.920502973069659, 12.425770240303097 ], [ 106.920744657056872, 12.426278101458111 ], [ 106.921059405070807, 12.426326655104781 ], [ 106.921229805897809, 12.425419343868075 ], [ 106.921609232841192, 12.424651791946472 ], [ 106.921868697703317, 12.424297523230003 ], [ 106.92207175786227, 12.423769517828783 ], [ 106.922507277548959, 12.423278359185645 ], [ 106.922895508315932, 12.422925434593358 ], [ 106.923457358712255, 12.42273384518087 ], [ 106.923841353430646, 12.422898385665857 ], [ 106.924172102295827, 12.423958019141372 ], [ 106.924613269930916, 12.424307403166415 ], [ 106.925301002786298, 12.424508098384273 ], [ 106.926000536307313, 12.42467373534349 ], [ 106.926291685955462, 12.424802695927983 ], [ 106.926440378410604, 12.425172228799989 ], [ 106.926412188896506, 12.425792702132769 ], [ 106.926722042630999, 12.42657686177321 ], [ 106.926950065189601, 12.427256508687483 ], [ 106.927144408101171, 12.427810966762619 ], [ 106.927479676985115, 12.428307942040087 ], [ 106.92772120059918, 12.42879203013886 ], [ 106.927871589088554, 12.428999975767242 ], [ 106.928091413060272, 12.429266164844721 ], [ 106.928057117302757, 12.429139896380395 ], [ 106.928497751441853, 12.429579641077405 ], [ 106.929010802238381, 12.429710450725389 ], [ 106.929577080918818, 12.43050850202038 ], [ 106.930298705838382, 12.430777889609397 ], [ 106.931460978381011, 12.431569516235772 ], [ 106.932243651823143, 12.431551550747596 ], [ 106.932679684079048, 12.431049077872096 ], [ 106.932887692822362, 12.429798016134031 ], [ 106.932824289819465, 12.428842670951099 ], [ 106.932518965666517, 12.42757611643753 ], [ 106.932525092533524, 12.426701603990821 ], [ 106.932601432767626, 12.426544816739595 ], [ 106.932893118511075, 12.425945327859857 ], [ 106.933455238230493, 12.425708623302258 ], [ 106.934562461982424, 12.426062269357191 ], [ 106.935331437688902, 12.426286122483194 ], [ 106.936067097948964, 12.42628086404234 ], [ 106.936288987997571, 12.42628262089845 ], [ 106.936272795083823, 12.426891709984941 ], [ 106.936209689540902, 12.427535021240459 ], [ 106.936454538974587, 12.42794398196008 ], [ 106.936693862177023, 12.428343853999241 ], [ 106.937272302696499, 12.429071857635275 ], [ 106.937445578164414, 12.429338369912662 ], [ 106.937966483022038, 12.429986538606272 ], [ 106.938071036086555, 12.430055823145363 ], [ 106.939063547649582, 12.430040854637323 ], [ 106.939823779684687, 12.429942692889041 ], [ 106.940374552248244, 12.42964840283995 ], [ 106.940624954208062, 12.429006008362926 ], [ 106.941213605913788, 12.428400768862751 ], [ 106.942082069866515, 12.427775449478473 ], [ 106.942878482802541, 12.427516623306465 ], [ 106.944210648317181, 12.427423474010428 ], [ 106.945154993085396, 12.427591818979755 ], [ 106.94572271962268, 12.428263309258091 ], [ 106.945938017314489, 12.429080921434259 ], [ 106.946052146148517, 12.429438217382883 ], [ 106.946156598129079, 12.429565152113149 ], [ 106.946341602318427, 12.429796512417898 ], [ 106.946539996550399, 12.429809814935345 ], [ 106.946878872269878, 12.429778009975962 ], [ 106.947206484672293, 12.42969992799172 ], [ 106.947580913739458, 12.429656570362482 ], [ 106.947966886427267, 12.429544181166758 ], [ 106.948445441034792, 12.429593872062473 ], [ 106.948923556438018, 12.429655945042686 ], [ 106.94922641375878, 12.429807385518199 ], [ 106.949517028996894, 12.430005270416739 ], [ 106.950086928147513, 12.430284730633755 ], [ 106.950517325794493, 12.43050645729547 ], [ 106.950618058707249, 12.431140724843514 ], [ 106.951220409137079, 12.431754388519138 ], [ 106.951672699883929, 12.432206384978876 ], [ 106.952231071851656, 12.432474627565016 ], [ 106.952853233835924, 12.432054372085473 ], [ 106.953617201751115, 12.431381154799311 ], [ 106.954354273245727, 12.43124932444235 ], [ 106.955019522724839, 12.431288618662204 ], [ 106.955479270487245, 12.430739586562153 ], [ 106.956320291073808, 12.430758360066498 ], [ 106.957052326131944, 12.43120046323838 ], [ 106.957741510379506, 12.431205691349568 ], [ 106.958548922934199, 12.430959210336219 ], [ 106.959414227373472, 12.430838818646347 ], [ 106.959824136612156, 12.43070364858246 ], [ 106.960084255105812, 12.430291691727779 ], [ 106.960621351754781, 12.430250481675976 ], [ 106.961156040911206, 12.430656772579947 ], [ 106.961997934089098, 12.430478890163563 ], [ 106.9629334962043, 12.430313970284342 ], [ 106.963763861163244, 12.430136256661896 ], [ 106.964349274754397, 12.429955709473896 ], [ 106.965085368810264, 12.429927776419589 ], [ 106.965470965814035, 12.429918199504755 ], [ 106.965969059548954, 12.430428663696325 ], [ 106.966761834698218, 12.430607067604271 ], [ 106.967742973987768, 12.430614576997923 ], [ 106.968338767011502, 12.430584311395963 ], [ 106.968957178167301, 12.430657707538019 ], [ 106.969236720371683, 12.430763026654716 ], [ 106.969328515628021, 12.431040317767414 ], [ 106.969196927305362, 12.431429930481274 ], [ 106.968852675323532, 12.432197273734904 ], [ 106.968484572009729, 12.432999761884142 ], [ 106.967953988529516, 12.43367475310057 ], [ 106.967403077930314, 12.433946506926986 ], [ 106.967109252250339, 12.434231120037754 ], [ 106.967257387951207, 12.434669483120965 ], [ 106.96821177762574, 12.435170931561339 ], [ 106.968722107170308, 12.435612352109377 ], [ 106.969278042364621, 12.436248895633089 ], [ 106.970453016176336, 12.436878672618969 ], [ 106.971186570422077, 12.437205506675692 ], [ 106.971848580311317, 12.437648073538591 ], [ 106.97230169314723, 12.437972339098577 ], [ 106.972710016866898, 12.438078974003549 ], [ 106.973203112471836, 12.437692417030391 ], [ 106.973673306383105, 12.437316147386056 ], [ 106.97409403936075, 12.437238528331145 ], [ 106.974433361131474, 12.437195388735645 ], [ 106.975193499817024, 12.437005679579586 ], [ 106.975975464318367, 12.437115183701515 ], [ 106.976416713309078, 12.437474590242923 ], [ 106.977067632629655, 12.437893548428583 ], [ 106.977639153539371, 12.438001241690039 ], [ 106.978501573287417, 12.438260423953894 ], [ 106.979455025991854, 12.438854456688178 ], [ 106.980281726723803, 12.439182840677875 ], [ 106.981110263159252, 12.439223041053024 ], [ 106.981706947577834, 12.439078608406842 ], [ 106.982374744948331, 12.438842115029075 ], [ 106.982785433405184, 12.438580395534853 ], [ 106.982870529128633, 12.438132384168886 ], [ 106.982991790315779, 12.437523713061445 ], [ 106.982925317324884, 12.437018076246005 ], [ 106.982788773895962, 12.43652198916449 ], [ 106.982874653572907, 12.435947372843405 ], [ 106.983319872037555, 12.435769799374173 ], [ 106.983636188563153, 12.435643593109791 ], [ 106.984316632194137, 12.435176487529121 ], [ 106.984843328530161, 12.435053978563168 ], [ 106.985820719677108, 12.435844803767464 ], [ 106.98606236048262, 12.436040383589551 ], [ 106.986831823476493, 12.436241485130585 ], [ 106.98744658945229, 12.436821077036065 ], [ 106.987866794288195, 12.43682476710144 ], [ 106.988333832466807, 12.436874378545539 ], [ 106.989174057384176, 12.43693715034272 ], [ 106.990329225806207, 12.43707215120574 ], [ 106.991402982373813, 12.43716139057158 ], [ 106.992020280336305, 12.437395224079722 ], [ 106.992344666095534, 12.437800732681008 ], [ 106.992622566338738, 12.438136461865955 ], [ 106.993381559356052, 12.438107105238142 ], [ 106.994046200653955, 12.438284107434869 ], [ 106.99445488134694, 12.438287872733458 ], [ 106.994935181577716, 12.438038093327922 ], [ 106.995368919048531, 12.437857513294311 ], [ 106.995649514519798, 12.437791014866121 ], [ 106.995942516978985, 12.437700750272073 ], [ 106.996034063686452, 12.437653719474641 ], [ 106.996211390841538, 12.43739036002278 ], [ 106.99641274054396, 12.436956128141713 ], [ 106.996742693898995, 12.436591069219624 ], [ 106.997234606987007, 12.436432648098934 ], [ 106.997572340224437, 12.436549975643969 ], [ 106.997816251445613, 12.436803448250089 ], [ 106.998188140964388, 12.437103506744881 ], [ 106.998420965758626, 12.437265614152123 ], [ 106.998758707390351, 12.437463091366338 ], [ 106.99889831629919, 12.437533175195824 ], [ 106.999013973654783, 12.437693888940474 ], [ 106.99905906482249, 12.43795795558098 ], [ 106.999045967973842, 12.438198687425443 ], [ 106.999133533382306, 12.439048711008523 ], [ 106.999751352394753, 12.439270141870871 ], [ 107.000079035977535, 12.439203290716584 ], [ 107.000768997734184, 12.439160868953923 ], [ 107.000932624114711, 12.439208274535332 ], [ 107.000931501804459, 12.439368675009742 ], [ 107.000836549109295, 12.439575042032075 ], [ 107.000764834882332, 12.439746176716547 ], [ 107.001018727520162, 12.440252676266255 ], [ 107.001930934353894, 12.440178155176952 ], [ 107.002141565881033, 12.440144970365459 ], [ 107.002585267605127, 12.440216234662003 ], [ 107.002689924997767, 12.440296785184731 ], [ 107.002770738121214, 12.440412573511145 ], [ 107.002828055467049, 12.440618898213208 ], [ 107.002989432062265, 12.440906862236654 ], [ 107.003141089805723, 12.440965648829414 ], [ 107.003434353548798, 12.440840313647248 ], [ 107.004286912387016, 12.440937913773285 ], [ 107.004965506791862, 12.440757763738338 ], [ 107.005107804842766, 12.440505953967373 ], [ 107.00523864478177, 12.440105041772817 ], [ 107.00531121773281, 12.439749742647439 ], [ 107.005558259598445, 12.439510711563257 ], [ 107.006225234508008, 12.439388204789623 ], [ 107.006680296626939, 12.43951702904261 ], [ 107.007227113496, 12.43985309519601 ], [ 107.007565373352804, 12.439959018903133 ], [ 107.007648186778624, 12.43982168696513 ], [ 107.007882908490487, 12.439696781896284 ], [ 107.008234693549284, 12.439480645489002 ], [ 107.008411430916922, 12.439309814441531 ], [ 107.008680295141218, 12.439276281905743 ], [ 107.009052468125731, 12.4395423452239 ], [ 107.009495995862324, 12.439591099183451 ], [ 107.009812063351916, 12.43958197451594 ], [ 107.010104962271868, 12.439400158723634 ], [ 107.010585505026242, 12.439184147423211 ], [ 107.010901658518577, 12.439117459623912 ], [ 107.011532567981476, 12.439166986534152 ], [ 107.011906640632745, 12.439157428203314 ], [ 107.012175792307644, 12.439033347391574 ], [ 107.012446321522233, 12.43878284062226 ], [ 107.012809973599545, 12.43861179167884 ], [ 107.013616390268552, 12.438617085685845 ], [ 107.014257448363139, 12.438861982879644 ], [ 107.014666204123571, 12.438875927076564 ], [ 107.015074788749132, 12.439015203559347 ], [ 107.015727385301432, 12.439271306646136 ], [ 107.016299335893578, 12.43935514673837 ], [ 107.016870174882143, 12.439599475877644 ], [ 107.01757855621338, 12.440303620768688 ], [ 107.018569856645087, 12.440653243454269 ], [ 107.019072524552755, 12.440622383463728 ], [ 107.019749570581922, 12.440695310465278 ], [ 107.02026255970631, 12.44088123805655 ], [ 107.02109357786226, 12.440869021765174 ], [ 107.021349842645421, 12.440865254125484 ], [ 107.021992969415336, 12.440788158312301 ], [ 107.022309454608887, 12.440686305318208 ], [ 107.022602011367582, 12.440608485677364 ], [ 107.023033832649233, 12.440702394621871 ], [ 107.02353649971613, 12.440671526389629 ], [ 107.024062919287559, 12.440594124794384 ], [ 107.024472701109971, 12.440515335676565 ], [ 107.024939816221732, 12.440496025691679 ], [ 107.025218615436486, 12.440795653857156 ], [ 107.025510826013559, 12.440751629325577 ], [ 107.025769631792329, 12.440477433379419 ], [ 107.025992901384086, 12.440295039618434 ], [ 107.026497697426834, 12.440011049112279 ], [ 107.026744460529414, 12.439817183257057 ], [ 107.02703794764669, 12.439566401433902 ], [ 107.027215249702465, 12.439304110774771 ], [ 107.027403055103861, 12.439144571273678 ], [ 107.027894845378668, 12.438963506966658 ], [ 107.028316683491454, 12.438816852210557 ], [ 107.028727143364051, 12.438601336395992 ], [ 107.029126335884612, 12.438350934134625 ], [ 107.029701952720387, 12.437872132039347 ], [ 107.030136932730855, 12.437484835739365 ], [ 107.030548169230343, 12.437155185584395 ], [ 107.030829769513261, 12.436927170421917 ], [ 107.031321234980382, 12.436861313108103 ], [ 107.031661199569342, 12.436679124117601 ], [ 107.032201521170691, 12.436245762460823 ], [ 107.032707065660588, 12.435767481641083 ], [ 107.03302405300029, 12.435585463872309 ], [ 107.033716198917347, 12.435164603697553 ], [ 107.03402138400044, 12.434937493208867 ], [ 107.034432787874522, 12.434630427362917 ], [ 107.03477290497473, 12.434390674397902 ], [ 107.03555886717767, 12.4339825687318 ], [ 107.036657629543157, 12.433897496590276 ], [ 107.037710159798266, 12.433776622988821 ], [ 107.038412644141147, 12.433574708541808 ], [ 107.038833599362206, 12.433530875426298 ], [ 107.039393321614298, 12.433740179854487 ], [ 107.039615206984436, 12.433741942163417 ], [ 107.039843180470257, 12.433571702113101 ], [ 107.039840077309719, 12.433650248309352 ], [ 107.039950763540645, 12.43628052421627 ], [ 107.039743084974972, 12.439857645934161 ], [ 107.03937342546385, 12.44330722565944 ], [ 107.038907923799982, 12.447661311226627 ], [ 107.038728764442055, 12.450918523312037 ], [ 107.038316247117578, 12.455647414640236 ], [ 107.03831308689216, 12.45568364325719 ], [ 107.038428114822523, 12.455669793496545 ], [ 107.039453079526808, 12.455455675881465 ], [ 107.040946508294439, 12.456538777333757 ], [ 107.040946103172118, 12.456539892953348 ], [ 107.040382569096167, 12.458090452568825 ], [ 107.040123487363104, 12.45933789036923 ], [ 107.040128192244879, 12.459348452620233 ], [ 107.040475314451371, 12.460127811696783 ], [ 107.040478234768159, 12.460127620627876 ], [ 107.041780431691649, 12.460042466070044 ], [ 107.042625300920676, 12.460036078265533 ], [ 107.042740855508598, 12.459408487240493 ], [ 107.04273487018456, 12.459407183154187 ], [ 107.042023958869677, 12.459252251435764 ], [ 107.041732871593112, 12.458872828824333 ], [ 107.041745643051769, 12.458861781138101 ], [ 107.042305075932632, 12.458377859718222 ], [ 107.043413734272519, 12.457727865411048 ], [ 107.044303332056444, 12.456992777192955 ], [ 107.045133574770929, 12.456658082516347 ], [ 107.045919260995575, 12.456895385228911 ], [ 107.047327850409019, 12.457320814692254 ], [ 107.048942537535424, 12.457535023037224 ], [ 107.050519416181501, 12.457824991991941 ], [ 107.051320233200528, 12.457101822077167 ], [ 107.052324639151237, 12.455857947979711 ], [ 107.052994501013913, 12.455126541689323 ], [ 107.053797679834062, 12.454705281094471 ], [ 107.054413895271921, 12.454927045605352 ], [ 107.054415163657765, 12.454930690840351 ], [ 107.05464965582749, 12.45560460120373 ], [ 107.054240666925665, 12.456176328395649 ], [ 107.053174837401983, 12.45852191405093 ], [ 107.053490079273885, 12.459538539692039 ], [ 107.053495029578073, 12.45954271185791 ], [ 107.054688590913955, 12.460548447618272 ], [ 107.054690571724933, 12.460550762488438 ], [ 107.055618886477589, 12.461635872925937 ], [ 107.05603842546607, 12.461444602481521 ], [ 107.056039832106478, 12.46144396093683 ], [ 107.056841235831044, 12.460796253457509 ], [ 107.057834039461639, 12.46029894026875 ], [ 107.057835840411414, 12.460298038135905 ], [ 107.057027286719489, 12.459814632262256 ], [ 107.057025512592617, 12.459813571182886 ], [ 107.056637914296473, 12.459363624803922 ], [ 107.056785276603449, 12.458569931338953 ], [ 107.056848098700073, 12.456795602396875 ], [ 107.057497961938893, 12.456413239818142 ], [ 107.057914183767451, 12.455841879293066 ], [ 107.058292373509303, 12.455532960991588 ], [ 107.058984332026625, 12.454967741145481 ], [ 107.059326078519419, 12.454474497859945 ], [ 107.059544875609475, 12.453000913516112 ], [ 107.060031587967771, 12.451412063259928 ], [ 107.061184019916837, 12.450781813590597 ], [ 107.061481603279987, 12.450231024295734 ], [ 107.06038879641072, 12.448012611220067 ], [ 107.060221496299206, 12.446277778571181 ], [ 107.06060924400812, 12.44571420198935 ], [ 107.060960740009847, 12.445444188204387 ], [ 107.061642858870201, 12.445706323145551 ], [ 107.062623973025197, 12.445939442749756 ], [ 107.063712834423001, 12.44603806802289 ], [ 107.064826359293221, 12.445815698900795 ], [ 107.065475150787194, 12.445302807973912 ], [ 107.06590253159473, 12.444310406324147 ], [ 107.066439556429614, 12.443424099223307 ], [ 107.066902169052199, 12.443447297605037 ], [ 107.067860731596852, 12.444268706024806 ], [ 107.069001654839383, 12.444072845357351 ], [ 107.069493586397172, 12.444363148396349 ], [ 107.069551275050699, 12.444814726090026 ], [ 107.069551586866822, 12.444817172018794 ], [ 107.068276777287664, 12.445281393310257 ], [ 107.068225129438773, 12.445629322829896 ], [ 107.068234112203086, 12.445632110943606 ], [ 107.069234080200388, 12.445942404368607 ], [ 107.07054181305746, 12.446199727779936 ], [ 107.071868689070357, 12.44544102915618 ], [ 107.073222544721915, 12.44465538570461 ], [ 107.074550252010525, 12.444003603664479 ], [ 107.076031957578238, 12.443206908703576 ], [ 107.077577914460932, 12.442253998886889 ], [ 107.078894133351497, 12.439532526029092 ], [ 107.079427061088467, 12.438138301441903 ], [ 107.079169931941053, 12.436589749127098 ], [ 107.07853258474546, 12.434966981043184 ], [ 107.078531384322602, 12.434963925590496 ], [ 107.077581190156877, 12.434495188118492 ], [ 107.07662314595143, 12.43377953710071 ], [ 107.07661789812424, 12.433775617057266 ], [ 107.076610253966237, 12.43281327686071 ], [ 107.077642321224602, 12.432618224126854 ], [ 107.078535204195717, 12.432023236105708 ], [ 107.079644396299344, 12.431266185287376 ], [ 107.080884255876839, 12.429839795280516 ], [ 107.081091207332904, 12.428501542197377 ], [ 107.080828134182624, 12.426204505614534 ], [ 107.081200824487738, 12.425185777961659 ], [ 107.082876666896112, 12.423862965958458 ], [ 107.084756718745737, 12.424276232616185 ], [ 107.084895263760401, 12.424595964368226 ], [ 107.084895921066035, 12.424599406263869 ], [ 107.085093957812163, 12.4256370284035 ], [ 107.08509895841172, 12.425640974595051 ], [ 107.086134086792953, 12.426457746040809 ], [ 107.086134617165911, 12.42645910482976 ], [ 107.086633886285043, 12.427737086642241 ], [ 107.086828538859379, 12.428270249807108 ], [ 107.087127504984636, 12.428241212024027 ], [ 107.087127644929865, 12.428241118761436 ], [ 107.087582496138907, 12.42793944187402 ], [ 107.087556700766299, 12.427489374581208 ], [ 107.087853531992508, 12.427193021528199 ], [ 107.088694108947593, 12.426865741209912 ], [ 107.089724855472014, 12.426510258698604 ], [ 107.090494103278743, 12.426374952219815 ], [ 107.091486520556273, 12.425721397486617 ], [ 107.092136488448034, 12.425368847559339 ], [ 107.093052015213544, 12.42421225128321 ], [ 107.09346040677076, 12.424262561225289 ], [ 107.093459938588268, 12.424272540541597 ], [ 107.093413926545722, 12.425252042797027 ], [ 107.093315830714062, 12.426589454123846 ], [ 107.09372444092817, 12.426666493689501 ], [ 107.093727062365346, 12.426659583159742 ], [ 107.094085658199148, 12.425714189489542 ], [ 107.094583427277882, 12.425242999777014 ], [ 107.095292922745315, 12.425531574353823 ], [ 107.095812891898717, 12.425928546379504 ], [ 107.096462852694103, 12.425575986012563 ], [ 107.096481874786846, 12.425558302232016 ], [ 107.097245799468425, 12.424848133154427 ], [ 107.097084306723559, 12.424562514810827 ], [ 107.097080256750374, 12.424555352261001 ], [ 107.097942219700087, 12.423506089496138 ], [ 107.097882894836829, 12.422891690437265 ], [ 107.097953984760906, 12.421581223210467 ], [ 107.098741204190688, 12.421387994170889 ], [ 107.100150096723368, 12.420708751739861 ], [ 107.10229136686975, 12.419783223135152 ], [ 107.103028693246856, 12.420151761691605 ], [ 107.103050515090189, 12.420159684512114 ], [ 107.104037991594453, 12.420518185718093 ], [ 107.104382807988543, 12.420384751382709 ], [ 107.104390477591352, 12.420381782621835 ], [ 107.104385028893063, 12.420356887664036 ], [ 107.10422106270822, 12.419607844780344 ], [ 107.103981039546298, 12.419221606108085 ], [ 107.103973067357515, 12.419208777771226 ], [ 107.104376507150604, 12.418644253249774 ], [ 107.104753394126746, 12.418160133754814 ], [ 107.105697334532778, 12.418174298993179 ], [ 107.105833854095707, 12.418428546502691 ], [ 107.106498074405948, 12.418654500025065 ], [ 107.107827488489349, 12.41824316879484 ], [ 107.109077245353319, 12.418073046648527 ], [ 107.109078692348831, 12.418078717271573 ], [ 107.109301927890428, 12.418953480173496 ], [ 107.109306015382387, 12.418954092726114 ], [ 107.10995012412296, 12.419050616551973 ], [ 107.111506590739353, 12.419150169922647 ], [ 107.112724117243019, 12.419550917440397 ], [ 107.113631606987752, 12.419588056831291 ], [ 107.114661196880149, 12.419098833240714 ], [ 107.116278518325856, 12.41729511340516 ], [ 107.116929288475035, 12.417049436235207 ], [ 107.118590217566137, 12.417277049078036 ], [ 107.119405894402504, 12.41724393851595 ], [ 107.119427833623391, 12.417226039031684 ], [ 107.120049033538848, 12.416719230954907 ], [ 107.120103290446906, 12.416291219008981 ], [ 107.120105208271283, 12.416276092470591 ], [ 107.120125228483801, 12.415902141139613 ], [ 107.120152457571365, 12.415393544865495 ], [ 107.120476863782827, 12.415150413394953 ], [ 107.121486154293464, 12.415516770770855 ], [ 107.122114917035233, 12.415912837701315 ], [ 107.122115846088562, 12.415915266922042 ], [ 107.122420577867828, 12.416712422402851 ], [ 107.122804143645808, 12.41705694194515 ], [ 107.122807376788501, 12.41705867349568 ], [ 107.123295846082542, 12.417320415190607 ], [ 107.12375514804809, 12.41694255912987 ], [ 107.124103494972346, 12.416298246653826 ], [ 107.124125919966062, 12.415709954239002 ], [ 107.124795858347667, 12.41490779139378 ], [ 107.125424392381376, 12.414844331075376 ], [ 107.126102123668986, 12.414571689913592 ], [ 107.126893847549411, 12.414828827508467 ], [ 107.126892722737253, 12.414831846701338 ], [ 107.126613781036511, 12.415581108884167 ], [ 107.126681687081657, 12.416111885225394 ], [ 107.126686350996934, 12.41611215318518 ], [ 107.127852688887458, 12.416179101592117 ], [ 107.12881071662261, 12.415938901934419 ], [ 107.129794850182662, 12.415743648486201 ], [ 107.130490535110624, 12.41526937933485 ], [ 107.130867500562999, 12.41470385363999 ], [ 107.131049878884141, 12.413671056982528 ], [ 107.131075062033986, 12.412858270068373 ], [ 107.13147924073958, 12.411729969247814 ], [ 107.133315452374575, 12.410746670735834 ], [ 107.134236990688478, 12.410676910422969 ], [ 107.134250504290833, 12.410683619130156 ], [ 107.135290547465914, 12.411199920977063 ], [ 107.135476610347268, 12.410920775563122 ], [ 107.13547902290756, 12.410917156970864 ], [ 107.135118835455771, 12.409638606273477 ], [ 107.135272204308507, 12.408949825440056 ], [ 107.135902953312822, 12.408802735595948 ], [ 107.136764759942807, 12.408719293065252 ], [ 107.136768979761797, 12.408724538540257 ], [ 107.1372144712184, 12.409278308759994 ], [ 107.137123422225173, 12.409810332590249 ], [ 107.137411868612347, 12.410089338717107 ], [ 107.137415848931894, 12.410089229615561 ], [ 107.138324325491396, 12.410064297450194 ], [ 107.139136956693463, 12.409651210182469 ], [ 107.139885461708204, 12.409288494211712 ], [ 107.139897449360191, 12.409269016277374 ], [ 107.140238383201819, 12.408715068296324 ], [ 107.140136006527896, 12.408391555518154 ], [ 107.140133760284286, 12.408384459041175 ], [ 107.140132412532296, 12.408380200432019 ], [ 107.140115388350125, 12.408380334800796 ], [ 107.139210376767309, 12.408387476354546 ], [ 107.138927264470269, 12.408113631047115 ], [ 107.138927219978427, 12.408113587115006 ], [ 107.138921931897158, 12.408108473013472 ], [ 107.139335076288418, 12.407382415597269 ], [ 107.139368049730876, 12.407376518855894 ], [ 107.14040885911335, 12.407190395197606 ], [ 107.140683450480111, 12.406855054788341 ], [ 107.140692198053657, 12.406844373170951 ], [ 107.139885603713367, 12.405413088944792 ], [ 107.13962334192162, 12.40444630609459 ], [ 107.139996190792729, 12.403380753727859 ], [ 107.140398024203307, 12.401971186047749 ], [ 107.141593412021805, 12.400399089734758 ], [ 107.142268797946812, 12.399620211294284 ], [ 107.142995927274129, 12.398781656195279 ], [ 107.143672036927825, 12.398894931660369 ], [ 107.144182123385661, 12.399154112962485 ], [ 107.144208129642635, 12.399150396445986 ], [ 107.144603292634173, 12.399093934161595 ], [ 107.144899577746543, 12.398857079695022 ], [ 107.144919178137215, 12.398841411268283 ], [ 107.144913809085295, 12.398185137108108 ], [ 107.145290721632279, 12.397619599816112 ], [ 107.145511481824286, 12.397399082377277 ], [ 107.145516532127488, 12.397404481115629 ], [ 107.145756067982163, 12.397660549689686 ], [ 107.145759662100275, 12.397664391959241 ], [ 107.146120918279209, 12.398050580461049 ], [ 107.146122874339554, 12.398052213399815 ], [ 107.146825225103569, 12.398638818533172 ], [ 107.146839277131591, 12.398645989633279 ], [ 107.147910795002872, 12.399192784457885 ], [ 107.148128438407767, 12.398944278550783 ], [ 107.148131297659347, 12.398941013325221 ], [ 107.148378728011593, 12.398095220231024 ], [ 107.148397461633309, 12.396501162976872 ], [ 107.14953328908156, 12.395429562867148 ], [ 107.150422967338486, 12.395360009695874 ], [ 107.150768072411111, 12.394794719179011 ], [ 107.150414121578038, 12.394082058952408 ], [ 107.15041246133903, 12.394078715648948 ], [ 107.14945912377803, 12.393619563409597 ], [ 107.149454848318456, 12.393617504222734 ], [ 107.149291789807734, 12.39311874535719 ], [ 107.150616046778339, 12.39176437432543 ], [ 107.149621785567035, 12.390709643066714 ], [ 107.150054580199864, 12.38920606656024 ], [ 107.15023867257203, 12.38839202796736 ], [ 107.150425581271179, 12.387921751847687 ], [ 107.151031415460366, 12.388135725354989 ], [ 107.151034106501385, 12.388139882890655 ], [ 107.15151443924745, 12.388881972667148 ], [ 107.151867993174434, 12.389347967706387 ], [ 107.151869119045273, 12.389347588254697 ], [ 107.151914071560483, 12.38933246234825 ], [ 107.152248468359701, 12.389219939274499 ], [ 107.152474075668295, 12.389049854781275 ], [ 107.152505187654668, 12.389026399470509 ], [ 107.152575990372171, 12.388201190949507 ], [ 107.153031210273681, 12.387744840683634 ], [ 107.153861894582136, 12.388238302447492 ], [ 107.154334149686747, 12.38767200220401 ], [ 107.155062274611538, 12.387291188557059 ], [ 107.155181484294076, 12.386321398455976 ], [ 107.155783722781379, 12.386097847974465 ], [ 107.156724075942662, 12.386650717276272 ], [ 107.156727035963002, 12.386654484005055 ], [ 107.157384847001225, 12.387491518999283 ], [ 107.157386089490345, 12.387491460327672 ], [ 107.158973903109498, 12.387416384645958 ], [ 107.160076304779878, 12.386817700550399 ], [ 107.160486768396993, 12.385810454993408 ], [ 107.161879657923976, 12.385080555184127 ], [ 107.162935260417299, 12.384769494122702 ], [ 107.164234770365454, 12.385374328850817 ], [ 107.165295004651895, 12.385595673090574 ], [ 107.166270576295233, 12.385513132708079 ], [ 107.16725465683254, 12.385318997183154 ], [ 107.167343828188152, 12.384601605992438 ], [ 107.167344093702312, 12.384599469282175 ], [ 107.166844587092811, 12.384332801244707 ], [ 107.166006040668279, 12.384266360648164 ], [ 107.164866496759473, 12.384869233610562 ], [ 107.164866466549825, 12.384869249214624 ], [ 107.163876697234997, 12.38431352745957 ], [ 107.163779440946371, 12.383807090631779 ], [ 107.164786222968715, 12.382914558032493 ], [ 107.167042185866421, 12.382097917213418 ], [ 107.168370217845307, 12.381809782762151 ], [ 107.168370926772639, 12.381815919700955 ], [ 107.168438703476539, 12.382403039163465 ], [ 107.168380542582753, 12.383059811381246 ], [ 107.168704645391045, 12.383807290485789 ], [ 107.168707486560493, 12.383806895470073 ], [ 107.168709885782008, 12.383812428780502 ], [ 107.169377660161246, 12.383719453898328 ], [ 107.170770126196317, 12.383045857994212 ], [ 107.171881711183701, 12.382912014296162 ], [ 107.173699779435992, 12.383616235246127 ], [ 107.175101141162472, 12.383917551018705 ], [ 107.176403846613681, 12.384094365364257 ], [ 107.177056831757142, 12.385117860835914 ], [ 107.177059679095336, 12.385119097795533 ], [ 107.178269577053001, 12.385645314900968 ], [ 107.178300290656495, 12.385648896721975 ], [ 107.178312618978339, 12.38565033416627 ], [ 107.179611377863779, 12.385801795721726 ], [ 107.180384732675336, 12.385652109319569 ], [ 107.180477838594072, 12.384896730992612 ], [ 107.180472561219574, 12.384891704419708 ], [ 107.180472566314819, 12.384891653770753 ], [ 107.179309036930505, 12.383783778509432 ], [ 107.178469871497754, 12.383247226053001 ], [ 107.178522866513603, 12.38248706588983 ], [ 107.178613556928084, 12.381923798844673 ], [ 107.178734007678017, 12.381110287330808 ], [ 107.178504715005815, 12.380299487948234 ], [ 107.178499623385292, 12.380295004766353 ], [ 107.178499453852098, 12.380294405154237 ], [ 107.177948676315509, 12.379809326845198 ], [ 107.177715824714284, 12.379004092661875 ], [ 107.177753444535384, 12.377305962101882 ], [ 107.177306328158792, 12.376736795619788 ], [ 107.177354466386817, 12.375777128679948 ], [ 107.1778918318915, 12.375080625227458 ], [ 107.178622731230789, 12.373910116166723 ], [ 107.179834465756613, 12.373353676117119 ], [ 107.180908269420229, 12.373003357526663 ], [ 107.180923920298881, 12.372998251600823 ], [ 107.182478204885058, 12.372579551831782 ], [ 107.183619748377211, 12.372226593112577 ], [ 107.184616126053399, 12.371654697094447 ], [ 107.185313058001327, 12.371928105285226 ], [ 107.185840812537066, 12.372175631907725 ], [ 107.186169089642235, 12.37295612447598 ], [ 107.186864317894759, 12.372450520004794 ], [ 107.187714764150741, 12.372078652691858 ], [ 107.18909871593452, 12.371831200152434 ], [ 107.190038704277256, 12.371765843494126 ], [ 107.190678853789763, 12.37099018686054 ], [ 107.191645338886161, 12.371752897677727 ], [ 107.192055612177626, 12.371397845828557 ], [ 107.192058321754487, 12.371400214295249 ], [ 107.193903110303594, 12.372941635823972 ], [ 107.195155235118364, 12.374394298541851 ], [ 107.196822519278783, 12.376021148326005 ], [ 107.196031230816146, 12.376769572737199 ], [ 107.196130277477309, 12.377060986021766 ], [ 107.196642398047643, 12.37796997318333 ], [ 107.196819036268053, 12.377821255705838 ], [ 107.196901556282782, 12.377751779546097 ], [ 107.197481376822822, 12.377892275816162 ], [ 107.198692692266476, 12.378544294440172 ], [ 107.200639262513718, 12.379592062451714 ], [ 107.20295160617502, 12.379854606114806 ], [ 107.204618818219885, 12.380265995158922 ], [ 107.204730637072217, 12.380293586112533 ], [ 107.205580768983083, 12.380827908949071 ], [ 107.206846130713728, 12.38116249193979 ], [ 107.20755372354364, 12.381908357427246 ], [ 107.207641804613516, 12.382012561295237 ], [ 107.209102409041904, 12.3837405166949 ], [ 107.21076552720973, 12.384130086634919 ], [ 107.211424662267206, 12.384393103346948 ], [ 107.212636367927246, 12.385177531412779 ], [ 107.213536514544145, 12.385435299247257 ], [ 107.215431226486089, 12.385786134482979 ], [ 107.218690412644335, 12.386840819489544 ], [ 107.22156756839216, 12.38680410704772 ], [ 107.225972427778501, 12.386840939583024 ], [ 107.226037226739678, 12.386841481136244 ], [ 107.226233844093429, 12.386790803642819 ], [ 107.227479245809292, 12.386653632573202 ], [ 107.22810128220587, 12.386462436167347 ], [ 107.228323221958874, 12.38647844053105 ], [ 107.229369842004942, 12.386467565732817 ], [ 107.231706783506098, 12.388385116001176 ], [ 107.232504832909385, 12.389785010197977 ], [ 107.232704032136951, 12.390024100551894 ], [ 107.233265521897877, 12.390769452985525 ], [ 107.233568156831168, 12.391264739391945 ], [ 107.233883111846581, 12.391557373754912 ], [ 107.235658409978342, 12.392475808105401 ], [ 107.235900667282451, 12.392987195573275 ], [ 107.23636838522313, 12.39397450170992 ], [ 107.236929229114821, 12.39568123175204 ], [ 107.237273876954163, 12.396730031749037 ], [ 107.237693350564825, 12.399157458977552 ], [ 107.2371793350041, 12.402283900100157 ], [ 107.237262420703431, 12.402984138922285 ], [ 107.237314306632342, 12.403421419431266 ], [ 107.238742256046521, 12.40484196597955 ], [ 107.238742289388654, 12.404841994622126 ], [ 107.239038037899888, 12.405075695000189 ], [ 107.239377460702627, 12.405343906483694 ], [ 107.240409396856805, 12.405875334337638 ], [ 107.240879884304007, 12.406466742684385 ], [ 107.241320492426567, 12.406717177242465 ], [ 107.241563542472349, 12.406855321729553 ], [ 107.242346269730888, 12.407002811037685 ], [ 107.2423560585123, 12.407004655831274 ], [ 107.243250797737133, 12.40734969284291 ], [ 107.244234377565178, 12.408006905130181 ], [ 107.245093217251821, 12.408670423425132 ], [ 107.245262876522062, 12.408801505763114 ], [ 107.245646846441417, 12.409286307870875 ], [ 107.24607812233458, 12.409327914623878 ], [ 107.246078161000227, 12.409327920629311 ], [ 107.246831465839676, 12.409661685288718 ], [ 107.247019449006402, 12.409778198055703 ], [ 107.247593986000339, 12.410134359228596 ], [ 107.248283849385032, 12.410776984682034 ], [ 107.248484945012464, 12.41121696925806 ], [ 107.248553854443557, 12.411367769646175 ], [ 107.248696882646925, 12.41189858323801 ], [ 107.248696889384817, 12.411898618425443 ], [ 107.248729663887673, 12.412703741779064 ], [ 107.248663800496146, 12.412961358545687 ], [ 107.24850450458473, 12.413584427758929 ], [ 107.248301366221838, 12.414581441043065 ], [ 107.248224396893974, 12.414959198728704 ], [ 107.248138708510666, 12.415400207420019 ], [ 107.24796850566571, 12.416276159558011 ], [ 107.247597346164511, 12.416931917321438 ], [ 107.247511142511328, 12.417084217649494 ], [ 107.24751111986906, 12.417084257599033 ], [ 107.247126160164626, 12.417756125500178 ], [ 107.247119367897227, 12.418161834741518 ], [ 107.247111345807241, 12.418640715779242 ], [ 107.247653283993145, 12.419718368191806 ], [ 107.248705992481916, 12.420987192434865 ], [ 107.249100774765992, 12.421324805315903 ], [ 107.250075650163566, 12.422158496702453 ], [ 107.25030610232082, 12.422514864460839 ], [ 107.250451286744152, 12.42273937238876 ], [ 107.250641301380568, 12.423187521136645 ], [ 107.250799689233517, 12.423561073972289 ], [ 107.251164283823925, 12.425462523346058 ], [ 107.251476481911325, 12.427018721220394 ], [ 107.251476488619218, 12.42701875279316 ], [ 107.251962105244559, 12.428692146609027 ], [ 107.253073790477472, 12.429928828229876 ], [ 107.254000543213706, 12.431046150396151 ], [ 107.254000567351568, 12.431046177305292 ], [ 107.2546747162408, 12.433321187456079 ], [ 107.254969996130882, 12.435175762154097 ], [ 107.255050777383545, 12.435946588574707 ], [ 107.255243697170457, 12.436260133858287 ], [ 107.255404548558019, 12.436394005626859 ], [ 107.255623984149508, 12.43657663527369 ], [ 107.255863636396811, 12.436711314577162 ], [ 107.2562223069081, 12.436838776646685 ], [ 107.256528265149569, 12.436947505579756 ], [ 107.256789297420852, 12.436991006094022 ], [ 107.256792631643293, 12.436991562052064 ], [ 107.257064009824674, 12.437036757117335 ], [ 107.257337544342093, 12.437108683411415 ], [ 107.257622169032572, 12.437183514329281 ], [ 107.259028312018643, 12.437573895609253 ], [ 107.260069647679245, 12.438176301648959 ], [ 107.260069683919269, 12.438176345625921 ], [ 107.260619588426835, 12.438771483221966 ], [ 107.261024693196887, 12.439301641456376 ], [ 107.261499599973646, 12.439923102738099 ], [ 107.262050606287346, 12.441172324997375 ], [ 107.262727742395924, 12.442585407975784 ], [ 107.263107960053262, 12.443557013095834 ], [ 107.263107975085134, 12.443557050020322 ], [ 107.263478773378154, 12.444214539386609 ], [ 107.264003882633418, 12.4451456090473 ], [ 107.264350252773269, 12.445601280410253 ], [ 107.264746215724784, 12.446122151674027 ], [ 107.265592046297627, 12.446887201598035 ], [ 107.266299164172224, 12.447526745339502 ], [ 107.267345649310471, 12.448281876221024 ], [ 107.268318590658851, 12.448983918150827 ], [ 107.269150546426772, 12.449803301411972 ], [ 107.270167701745663, 12.450805074903933 ], [ 107.271065913496685, 12.452255800829462 ], [ 107.271065929418327, 12.452255834131082 ], [ 107.271579324825666, 12.453666821586882 ], [ 107.272318988139517, 12.455516488751066 ], [ 107.272318997570238, 12.45551651578154 ], [ 107.27334796596331, 12.458911217645596 ], [ 107.274210503281026, 12.459731686782208 ], [ 107.274785194815124, 12.460278301580395 ], [ 107.276045964967082, 12.460666323239968 ], [ 107.277503981543433, 12.461115041729601 ], [ 107.278424936927479, 12.461529848076539 ], [ 107.279010476105668, 12.461793585621249 ], [ 107.279439207650086, 12.462076636248984 ], [ 107.280581612587852, 12.462830870426966 ], [ 107.281793974540108, 12.463654173715625 ], [ 107.281793996845025, 12.463654200636743 ], [ 107.28221212305823, 12.46447637009614 ], [ 107.282212147281328, 12.464476406037534 ], [ 107.281555487085782, 12.466016951841411 ], [ 107.281555469955379, 12.466016990843297 ], [ 107.281191491657282, 12.466850293309413 ], [ 107.280739494779766, 12.468002873783046 ], [ 107.280437389869277, 12.4699979664952 ], [ 107.279977275766754, 12.471667956666657 ], [ 107.279900514591304, 12.472630676210724 ], [ 107.282595526117717, 12.472113996923277 ], [ 107.282615987009976, 12.471791952685338 ], [ 107.284267998492652, 12.471725000979077 ], [ 107.284180998504127, 12.472360999233189 ], [ 107.284203999090053, 12.473047000615081 ], [ 107.284230853376201, 12.473921917461674 ], [ 107.28424873030643, 12.474504325920329 ], [ 107.284314383528653, 12.475182094273853 ], [ 107.284362414789854, 12.47558466101111 ], [ 107.284363513541791, 12.475814290334656 ], [ 107.284329858651745, 12.476406285417937 ], [ 107.284305998480733, 12.476825999538029 ], [ 107.284176998356926, 12.477183000532337 ], [ 107.284295001689159, 12.477519998478787 ], [ 107.284571828577128, 12.478142483548169 ], [ 107.284838804007904, 12.478742814504466 ], [ 107.285022999377389, 12.47915699937062 ], [ 107.285170208872273, 12.479852566241707 ], [ 107.285343000880388, 12.480669000735423 ], [ 107.28582999970476, 12.481862000987208 ], [ 107.285823909266682, 12.48228151533759 ], [ 107.285815147642609, 12.483100201872023 ], [ 107.285826999215601, 12.483471000108125 ], [ 107.285769039779922, 12.483743595958039 ], [ 107.285681767547842, 12.484154056329196 ], [ 107.285609809491717, 12.484757825860257 ], [ 107.285575468851491, 12.48506584879069 ], [ 107.285648000618352, 12.485774999546653 ], [ 107.285937355818476, 12.486190012296342 ], [ 107.286259738345734, 12.486652392983068 ], [ 107.286401000141041, 12.486854999385359 ], [ 107.286883549967428, 12.487684368550669 ], [ 107.287341738937826, 12.488471861927392 ], [ 107.287982604113765, 12.48957330935132 ], [ 107.288636999012226, 12.490697998665311 ], [ 107.288833000359048, 12.490866999543996 ], [ 107.289270001244972, 12.491583000160002 ], [ 107.290664999867872, 12.492740999078116 ], [ 107.290934147684766, 12.493603832120716 ], [ 107.291218998321924, 12.494516998744881 ], [ 107.291212025398494, 12.494786217292498 ], [ 107.291196000020165, 12.495404999913807 ], [ 107.291086000562728, 12.496107999295385 ], [ 107.291576998650797, 12.496141000211784 ], [ 107.292051753441427, 12.496641630608844 ], [ 107.292420998851213, 12.497030998333726 ], [ 107.292757998990027, 12.497219999853694 ], [ 107.29307258552501, 12.497320892910068 ], [ 107.293260000419352, 12.497380999856846 ], [ 107.293623000379128, 12.497900999827985 ], [ 107.294146825947323, 12.497903319953995 ], [ 107.294525998305716, 12.497904999185566 ], [ 107.294790999348038, 12.497825000740308 ], [ 107.295148000652603, 12.497633999664982 ], [ 107.295779787841028, 12.497415307864411 ], [ 107.296144851820117, 12.497347047518613 ], [ 107.296641170368886, 12.497268184644135 ], [ 107.297250001094042, 12.497184001160972 ], [ 107.297908998465317, 12.497546000987724 ], [ 107.298384252928869, 12.497733140872459 ], [ 107.298808000207174, 12.497899998956081 ], [ 107.299320999814725, 12.498021000742664 ], [ 107.299536221880601, 12.498042403875102 ], [ 107.299919882825051, 12.498080557788963 ], [ 107.30056599997485, 12.498174001322097 ], [ 107.300727000331463, 12.498057999981169 ], [ 107.300923365189334, 12.497729039944449 ], [ 107.301425999671778, 12.496886999972133 ], [ 107.301627419031377, 12.495651747295026 ], [ 107.30198280049683, 12.495050950530937 ], [ 107.303360527312165, 12.493091950189774 ], [ 107.303334584332546, 12.490161927920727 ], [ 107.304564764619982, 12.485647519559565 ], [ 107.30615602399962, 12.48449437277997 ], [ 107.311908836689852, 12.484579434571053 ], [ 107.313922431151553, 12.486134182247273 ], [ 107.316239902396433, 12.485878474151463 ], [ 107.319686259254041, 12.486634847178108 ], [ 107.322021953764718, 12.488422552034661 ], [ 107.322090563557907, 12.489315736624075 ], [ 107.322112460072091, 12.489600782913726 ], [ 107.321646572531307, 12.491176812649265 ], [ 107.321743394066459, 12.493062395946424 ], [ 107.323118614922365, 12.494779754986849 ], [ 107.323861206385601, 12.496095914268446 ], [ 107.325094488248979, 12.498281726226319 ], [ 107.326100618510466, 12.500064907143889 ], [ 107.326341083969879, 12.50009159483908 ], [ 107.326796560600471, 12.500119279864757 ], [ 107.327229470992904, 12.500065850035531 ], [ 107.327918840396777, 12.500096027841764 ], [ 107.328290436834294, 12.500317591575971 ], [ 107.329137427398152, 12.500936079311952 ], [ 107.329427945508897, 12.501088325157301 ], [ 107.32991618877702, 12.501311135085245 ], [ 107.330150562427164, 12.501291037921453 ], [ 107.330665185005174, 12.501250445884086 ], [ 107.331285802924072, 12.501106123623357 ], [ 107.332119067412904, 12.500827785402469 ], [ 107.332482345151888, 12.500704933048299 ], [ 107.332669643862218, 12.500695360370262 ], [ 107.33290248714151, 12.500766793020679 ], [ 107.333146765244962, 12.500895674416366 ], [ 107.333402268559183, 12.501058428112305 ], [ 107.333599347697813, 12.501175341153258 ], [ 107.333867108777028, 12.501292725673807 ], [ 107.334134249168656, 12.501467754550099 ], [ 107.33437803355018, 12.501609016687039 ], [ 107.334541005814955, 12.501702555166766 ], [ 107.334866458130733, 12.501843198065112 ], [ 107.334993413238251, 12.501970836755071 ], [ 107.334937559930665, 12.50211419985885 ], [ 107.335204203245581, 12.502845523064403 ], [ 107.335599517966543, 12.503089454275113 ], [ 107.336008710699303, 12.503080211899315 ], [ 107.336348382650456, 12.503014024340814 ], [ 107.337072550461215, 12.503008912295881 ], [ 107.337680379103233, 12.503036339463332 ], [ 107.338226931158417, 12.503350143684996 ], [ 107.338748651037292, 12.503836990159378 ], [ 107.33922176252841, 12.504551199556884 ], [ 107.339722870478141, 12.504727530736758 ], [ 107.340111167954078, 12.504444090722593 ], [ 107.340431041233927, 12.5039646587537 ], [ 107.34113768003678, 12.503293225048717 ], [ 107.341572116847857, 12.50308951679941 ], [ 107.341709731795291, 12.503112261080584 ], [ 107.342085592043574, 12.503174309213932 ], [ 107.342422388577248, 12.50342885701418 ], [ 107.342967397293322, 12.503949369638409 ], [ 107.34330030300903, 12.50466370588491 ], [ 107.343459689195129, 12.505124242898905 ], [ 107.343630015100445, 12.505721464707868 ], [ 107.344114050672445, 12.506551929543031 ], [ 107.344889050995846, 12.507464598784967 ], [ 107.345598624412574, 12.507883118179171 ], [ 107.345868895375432, 12.507821081285922 ], [ 107.346324830278235, 12.507716428461267 ], [ 107.346911836553232, 12.507410829419728 ], [ 107.347699035682993, 12.506877624949395 ], [ 107.348039812184666, 12.506673638814439 ], [ 107.348448829293389, 12.506711808748435 ], [ 107.349009299339016, 12.506784882872021 ], [ 107.349697313672664, 12.506974288252433 ], [ 107.350676167719271, 12.507290974155095 ], [ 107.351210385079227, 12.507697457461253 ], [ 107.351905228163545, 12.508448185525154 ], [ 107.352471211951325, 12.509255327773964 ], [ 107.352453654393372, 12.509920764084567 ], [ 107.352225603251171, 12.510630954099275 ], [ 107.352653820977054, 12.511138909683773 ], [ 107.353295978806585, 12.511212343895858 ], [ 107.354195516864195, 12.511276747352172 ], [ 107.354909691107508, 12.511121432342252 ], [ 107.355566444154164, 12.510897686591138 ], [ 107.356314207295242, 12.51089231329096 ], [ 107.356943410667697, 12.511126209002901 ], [ 107.357768081617294, 12.511740176530965 ], [ 107.358380986466628, 12.512525479631385 ], [ 107.358992835487655, 12.513436184208869 ], [ 107.359550258103539, 12.513865028501211 ], [ 107.360471870267531, 12.514079455118322 ], [ 107.360947373997632, 12.514472876886977 ], [ 107.361048908589453, 12.514955405926472 ], [ 107.360412686958867, 12.51553583744357 ], [ 107.359717317156012, 12.516242271468981 ], [ 107.35927687821524, 12.517179099300824 ], [ 107.359576236183159, 12.517674529160528 ], [ 107.360191173449365, 12.518230517856828 ], [ 107.361180212171817, 12.518777528885522 ], [ 107.36209097533677, 12.518864479306629 ], [ 107.362992978569991, 12.518630607823566 ], [ 107.363615935910261, 12.51823431433481 ], [ 107.364110610226078, 12.517766872923232 ], [ 107.364484821117998, 12.517770357928582 ], [ 107.364328373615734, 12.518261928817699 ], [ 107.364078506559082, 12.518788289309105 ], [ 107.363848147409684, 12.519807925668932 ], [ 107.363265676558555, 12.520927864450762 ], [ 107.363000193851548, 12.521946725271455 ], [ 107.363274657386185, 12.522671746211966 ], [ 107.363583116401557, 12.523465306797597 ], [ 107.364022313545021, 12.524099618910569 ], [ 107.364453320351743, 12.524217789512015 ], [ 107.365037319592844, 12.524280498251006 ], [ 107.365947406282942, 12.524482532365251 ], [ 107.366795438981129, 12.525131308481551 ], [ 107.367469221661608, 12.525641585357935 ], [ 107.368055831238564, 12.52535852668856 ], [ 107.36851358517518, 12.525133156154638 ], [ 107.369180776260379, 12.525045877403715 ], [ 107.369441079887977, 12.524658456966883 ], [ 107.369564183793401, 12.523913048265507 ], [ 107.369862758885191, 12.523124264088183 ], [ 107.370225309468466, 12.523104172786331 ], [ 107.370620277442171, 12.523428178136282 ], [ 107.371317756785075, 12.523834343780244 ], [ 107.372181282262105, 12.524036766955252 ], [ 107.372796869305816, 12.524535076764097 ], [ 107.373374885705829, 12.525261918052637 ], [ 107.373668697337223, 12.526017557186208 ], [ 107.374074690378023, 12.525473730574371 ], [ 107.374864187081101, 12.524688555848133 ], [ 107.375502308315802, 12.523878699371057 ], [ 107.375881263370815, 12.523273316871862 ] ] ] } },
{ "type": "Feature", "properties": { "D_Code": 1104, "D_Name_E": "Pech Chreada", "D_Name_K": "eBRCada", "P_Code": 11, "Areas": 384239.342748 }, "geometry": { "type": "Polygon", "coordinates": [ [ [ 107.493665978841847, 12.905527719708777 ], [ 107.494742392658495, 12.905467756695556 ], [ 107.495926809877474, 12.906198444982813 ], [ 107.496239081019965, 12.906632527984261 ], [ 107.496617907187314, 12.906232501868326 ], [ 107.496975328298149, 12.905589866075326 ], [ 107.496972983993203, 12.904541835542373 ], [ 107.496753673580173, 12.904136228889634 ], [ 107.496475539063795, 12.903777487272498 ], [ 107.496069247346298, 12.90338157120847 ], [ 107.496051811306288, 12.902146208446572 ], [ 107.495089260385427, 12.901380648781869 ], [ 107.493892899897034, 12.900603762457584 ], [ 107.492847498695781, 12.899608590192427 ], [ 107.492211599772332, 12.898520290242775 ], [ 107.491880077266529, 12.897418923858504 ], [ 107.49197906384498, 12.895847025215751 ], [ 107.49226780002077, 12.894778147651941 ], [ 107.492744830946137, 12.894065487128504 ], [ 107.493480932391194, 12.893764835923195 ], [ 107.494474767854143, 12.893566757309088 ], [ 107.495387422805763, 12.893541114086302 ], [ 107.495761210090592, 12.893447198585942 ], [ 107.496088720706325, 12.89344633309326 ], [ 107.496167736353513, 12.893636442796488 ], [ 107.49643923006245, 12.893442988935622 ], [ 107.496725831236034, 12.892857499829194 ], [ 107.497006969478988, 12.891547008752831 ], [ 107.497223696729762, 12.890880872375561 ], [ 107.497402390876246, 12.889223514221023 ], [ 107.497471673420776, 12.88802572256404 ], [ 107.497553398736272, 12.88674762827498 ], [ 107.497853940308417, 12.884607996987635 ], [ 107.497974370855687, 12.882937641840499 ], [ 107.498431287524696, 12.880315408283217 ], [ 107.498717056351097, 12.878544092492637 ], [ 107.498849596174097, 12.878095598579165 ], [ 107.499948176158767, 12.877148870168226 ], [ 107.500704234879208, 12.87642902270761 ], [ 107.501721071608827, 12.875424343171147 ], [ 107.502113793932907, 12.874747490605875 ], [ 107.502825886399023, 12.873716355031213 ], [ 107.503326033218627, 12.872845354266506 ], [ 107.503552615934339, 12.872420807267172 ], [ 107.505133637656826, 12.871201795122479 ], [ 107.506370290923783, 12.870486377811961 ], [ 107.507567428679579, 12.87025470048337 ], [ 107.508610524884787, 12.870217613170547 ], [ 107.50951270093806, 12.870247373046645 ], [ 107.510402686918525, 12.870324680890651 ], [ 107.511429685878369, 12.86948024507671 ], [ 107.511835391348271, 12.868607880853343 ], [ 107.511851875420007, 12.868066760091279 ], [ 107.512258276235428, 12.86720681214886 ], [ 107.512841603311855, 12.866139624980672 ], [ 107.513094547428096, 12.865359073272856 ], [ 107.513257584019343, 12.86416152120572 ], [ 107.512951189504022, 12.863041876641285 ], [ 107.512469358514238, 12.861931818097954 ], [ 107.512009634210386, 12.860902859527071 ], [ 107.511492361869145, 12.8597581267579 ], [ 107.511255385694497, 12.858730419933902 ], [ 107.511359847903478, 12.857544722353136 ], [ 107.511996563810897, 12.857101563767543 ], [ 107.512690579721493, 12.856806930479458 ], [ 107.513606084208803, 12.856619721392066 ], [ 107.51461480954795, 12.856489212251301 ], [ 107.51506064371614, 12.856412659691104 ], [ 107.516116689178418, 12.856295243610862 ], [ 107.516622260187347, 12.856091627656189 ], [ 107.517491586998673, 12.855833699166338 ], [ 107.518091441624975, 12.855562544273901 ], [ 107.519207453877428, 12.855226575945693 ], [ 107.519736738586872, 12.854977552576637 ], [ 107.520475866795636, 12.854880104974468 ], [ 107.521042668342062, 12.85441162479726 ], [ 107.522258937729205, 12.853339474182954 ], [ 107.522630173366892, 12.852421131165466 ], [ 107.522811814204388, 12.851765491266837 ], [ 107.522804799952326, 12.851235893118377 ], [ 107.523054351965882, 12.850811116936963 ], [ 107.523457703871728, 12.850285478904572 ], [ 107.523872201939483, 12.849781191118922 ], [ 107.524484467692972, 12.849429721441451 ], [ 107.525157388964658, 12.848870997319667 ], [ 107.52542144490576, 12.848170519104272 ], [ 107.525520553041076, 12.847549552970811 ], [ 107.525437667622526, 12.846280962475893 ], [ 107.525515711021953, 12.845452399220809 ], [ 107.525845723714639, 12.843865877252775 ], [ 107.525994430882932, 12.842967743437713 ], [ 107.526364031042007, 12.842233499562143 ], [ 107.526734554230359, 12.84141906233353 ], [ 107.526634645114399, 12.84080791718813 ], [ 107.526638898214301, 12.840312092417815 ], [ 107.52752059020402, 12.839973839383088 ], [ 107.528365680101828, 12.839831312846613 ], [ 107.529035582379294, 12.839606898861348 ], [ 107.529585429584301, 12.839691951786307 ], [ 107.530524093186273, 12.839527060397351 ], [ 107.53121493647086, 12.839555412741484 ], [ 107.531554035370206, 12.839627810382355 ], [ 107.532201590149413, 12.839240979440369 ], [ 107.532928119866042, 12.839270112589654 ], [ 107.533422828846426, 12.838963807076746 ], [ 107.533873198540576, 12.838367687318483 ], [ 107.534344539001964, 12.838084192142036 ], [ 107.535050214281441, 12.837755519987128 ], [ 107.535837394000069, 12.837520924623826 ], [ 107.536614083944883, 12.837101216175766 ], [ 107.537367059613786, 12.836784505658894 ], [ 107.538165503995231, 12.836526079073604 ], [ 107.538649377929289, 12.836173566278223 ], [ 107.539192621906309, 12.835658984994392 ], [ 107.539711824435813, 12.835214653989201 ], [ 107.540159089349956, 12.834999143134581 ], [ 107.540794649508456, 12.83468130043482 ], [ 107.541516972852236, 12.833835217405746 ], [ 107.541811841619364, 12.833572617829574 ], [ 107.542333202385393, 12.832943050674434 ], [ 107.542398648569602, 12.83212590759382 ], [ 107.542288803208777, 12.831273191432908 ], [ 107.542014359715438, 12.830532742375702 ], [ 107.541927312340121, 12.829772411376098 ], [ 107.542050653569788, 12.829047313500231 ], [ 107.542487540035211, 12.828659113348589 ], [ 107.542704234542754, 12.828061857624338 ], [ 107.543014954360231, 12.827315747995447 ], [ 107.543124848413044, 12.826856174482602 ], [ 107.54362306274362, 12.826157942424466 ], [ 107.544427752964111, 12.825208289630215 ], [ 107.545173852294866, 12.824269366756337 ], [ 107.545553173722695, 12.823822996116512 ], [ 107.545379822220255, 12.823522012610782 ], [ 107.545469200385128, 12.822682051921623 ], [ 107.545592657443123, 12.821969376135453 ], [ 107.546157635502624, 12.821674796504704 ], [ 107.546870647352705, 12.821853103696771 ], [ 107.5474416480168, 12.822214605986677 ], [ 107.547826200380669, 12.822460463116222 ], [ 107.548326993707732, 12.822763918555422 ], [ 107.548839869967111, 12.823067255672262 ], [ 107.549470836860507, 12.823268936060591 ], [ 107.550159693218049, 12.82350506180258 ], [ 107.550909862900696, 12.823430026129957 ], [ 107.551229109290176, 12.823133303002892 ], [ 107.551294758424291, 12.822338746673685 ], [ 107.551067040518006, 12.82155381296988 ], [ 107.550842406642744, 12.820503456101887 ], [ 107.550850953038307, 12.819466647575386 ], [ 107.551702220607893, 12.818632850722326 ], [ 107.552432664319142, 12.818143539685899 ], [ 107.553207096221641, 12.817965496148352 ], [ 107.553771598946099, 12.817739797350349 ], [ 107.554301572810104, 12.817456836724004 ], [ 107.554481062415633, 12.816996586696112 ], [ 107.554344873032093, 12.816501005133373 ], [ 107.553940158183323, 12.815909778532006 ], [ 107.553210966793614, 12.814866579594947 ], [ 107.552682042359578, 12.813768357263045 ], [ 107.552318825231154, 12.812440400121957 ], [ 107.552499469421207, 12.811866077882025 ], [ 107.552835682116395, 12.810913051196824 ], [ 107.552972783144952, 12.809957438011017 ], [ 107.552874203651385, 12.809196095937013 ], [ 107.552668616493534, 12.808607450986496 ], [ 107.552344162813839, 12.8068420658626 ], [ 107.552456774259241, 12.80602559793863 ], [ 107.553189124859031, 12.805386071677427 ], [ 107.553590845820878, 12.804939479221266 ], [ 107.554170484753442, 12.804334183286233 ], [ 107.554620194722091, 12.803796777307451 ], [ 107.555159246281136, 12.803789289168876 ], [ 107.555635627645913, 12.804243172827849 ], [ 107.556229034506487, 12.804662039817249 ], [ 107.557000470063727, 12.804875897431485 ], [ 107.557354099823556, 12.804625140715764 ], [ 107.557651769999069, 12.804074526219022 ], [ 107.557965970964872, 12.802995227151756 ], [ 107.558240842195474, 12.802352228631195 ], [ 107.558457480890937, 12.801697374113166 ], [ 107.558712403717166, 12.80067398752136 ], [ 107.558942255572092, 12.799846217501003 ], [ 107.559057342322745, 12.798706739136904 ], [ 107.559031119741704, 12.797704152949716 ], [ 107.559082967273, 12.797140116249967 ], [ 107.559332205146674, 12.7967514652603 ], [ 107.559852318481262, 12.796237087287045 ], [ 107.560350088383785, 12.795561431242307 ], [ 107.560789279569235, 12.794896509031769 ], [ 107.561016628308366, 12.794391749710202 ], [ 107.561339349247731, 12.793645518125659 ], [ 107.561649994369887, 12.792956998881042 ], [ 107.561948777924755, 12.79223358559601 ], [ 107.562146131312531, 12.791094438790772 ], [ 107.562328694143503, 12.790371026260516 ], [ 107.562500062014379, 12.789507686424887 ], [ 107.562768411812684, 12.788277503914271 ], [ 107.562822524889341, 12.787425468300192 ], [ 107.562510733681918, 12.786973380907616 ], [ 107.561831325402252, 12.786922388165838 ], [ 107.561221997036242, 12.78697461037777 ], [ 107.560612902704506, 12.786992949859293 ], [ 107.560227722972229, 12.786851007384291 ], [ 107.559926309412745, 12.786457540507302 ], [ 107.559755826957229, 12.785868559018384 ], [ 107.559566431141292, 12.784772692614276 ], [ 107.55951662113371, 12.783769205388724 ], [ 107.559383984831925, 12.782881712309488 ], [ 107.559194594416908, 12.781785844697508 ], [ 107.559192087538591, 12.780680258579309 ], [ 107.559222509979648, 12.779873624726104 ], [ 107.559311620243363, 12.779067549801354 ], [ 107.559657824316204, 12.778368526372116 ], [ 107.56016490801683, 12.777934461454857 ], [ 107.560848746542064, 12.777456896337728 ], [ 107.561110939103671, 12.776928084958145 ], [ 107.561350587105053, 12.776331734214262 ], [ 107.561565720576354, 12.775814672981596 ], [ 107.561934816844825, 12.77516172779781 ], [ 107.562244306696499, 12.774588414588504 ], [ 107.562319053008977, 12.774070457946191 ], [ 107.561567878082968, 12.77288857145907 ], [ 107.561129745020111, 12.77211358883123 ], [ 107.560875521685674, 12.771719661780972 ], [ 107.56027466574146, 12.770781374032891 ], [ 107.559905019479018, 12.770179640147109 ], [ 107.559840754942883, 12.769510572439133 ], [ 107.559823558619726, 12.768830884120836 ], [ 107.559712463077148, 12.768138555262713 ], [ 107.559648778366537, 12.767355419668176 ], [ 107.559667701333794, 12.766548896260653 ], [ 107.559745081812551, 12.765720349563821 ], [ 107.559762640656373, 12.765064040058641 ], [ 107.559757065461866, 12.764395532144887 ], [ 107.559586037285058, 12.763864147520991 ], [ 107.559322712663118, 12.76313602441885 ], [ 107.559093922174625, 12.762523886772607 ], [ 107.558867986118017, 12.761566146880895 ], [ 107.55884999131672, 12.760977941581652 ], [ 107.558824261439142, 12.75990645794603 ], [ 107.558841476197074, 12.759272738880565 ], [ 107.559001250551034, 12.75839934963011 ], [ 107.559355196389447, 12.756812602878821 ], [ 107.55945867445638, 12.755718411118913 ], [ 107.559571729844492, 12.754833051999329 ], [ 107.559882227584666, 12.754132120546934 ], [ 107.559992765842608, 12.753568643951246 ], [ 107.560047823358673, 12.752636415682634 ], [ 107.560018916067662, 12.752278698961788 ], [ 107.559984139573487, 12.751852149577324 ], [ 107.559816811335097, 12.751286847340612 ], [ 107.559690551294182, 12.75022876007475 ], [ 107.559519675202878, 12.749882581115363 ], [ 107.559685101569983, 12.748884912508281 ], [ 107.559861932731778, 12.747934563847897 ], [ 107.559847060390595, 12.747255982128262 ], [ 107.560076261187845, 12.7467658929436 ], [ 107.560837858888817, 12.746648973737779 ], [ 107.561582556640559, 12.74696813592224 ], [ 107.562820988664015, 12.747075844099504 ], [ 107.563886008142759, 12.747042933116687 ], [ 107.564529664760329, 12.74703895026242 ], [ 107.564772418831595, 12.7463533544577 ], [ 107.564491279869188, 12.745511346267529 ], [ 107.564325101910953, 12.744831974848669 ], [ 107.564441968758857, 12.743983848011197 ], [ 107.564186254895034, 12.742981227721042 ], [ 107.563688182046448, 12.740873087198823 ], [ 107.563463904362294, 12.740135552800096 ], [ 107.563112450719387, 12.738420122871739 ], [ 107.563499676597729, 12.736599285481189 ], [ 107.564062502146513, 12.735595509248753 ], [ 107.564857408826896, 12.734790502513109 ], [ 107.565437268009603, 12.734280073749321 ], [ 107.566832053618825, 12.733183528824433 ], [ 107.567510050748865, 12.732366098864619 ], [ 107.567440620102772, 12.731411365361222 ], [ 107.567614047818253, 12.729839924128489 ], [ 107.567685798022268, 12.728853329082558 ], [ 107.567707630035855, 12.728107763120526 ], [ 107.567448030496621, 12.727403323915604 ], [ 107.566916921816997, 12.726868656093648 ], [ 107.566363604660651, 12.726241597684741 ], [ 107.565810067154274, 12.725649548156447 ], [ 107.565469366349944, 12.724887166030932 ], [ 107.565044687070838, 12.724296125048253 ], [ 107.564723787089619, 12.723786518390156 ], [ 107.564206836637752, 12.723113927565761 ], [ 107.563644906963958, 12.722257690812489 ], [ 107.563223796535141, 12.721391054660174 ], [ 107.563021745741494, 12.720744774958133 ], [ 107.562551988227654, 12.720016385624938 ], [ 107.562032287086794, 12.71952676529135 ], [ 107.56160819408835, 12.718017565244622 ], [ 107.561379121336927, 12.717658394945227 ], [ 107.560589068950605, 12.717280928880729 ], [ 107.560134166448265, 12.717172390388836 ], [ 107.559479293435643, 12.717140319317096 ], [ 107.559131501578847, 12.716068555438738 ], [ 107.55923273694367, 12.715495006349158 ], [ 107.559350549875262, 12.714566688331445 ], [ 107.559400705851246, 12.7134300969762 ], [ 107.559233194628888, 12.712842203249993 ], [ 107.559447990312307, 12.711662237293355 ], [ 107.559988939730971, 12.710543493992287 ], [ 107.56017244792163, 12.709972539451931 ], [ 107.560040593630504, 12.709326706279372 ], [ 107.559888277956446, 12.708475531681286 ], [ 107.559977211252559, 12.707937112093552 ], [ 107.561035282492639, 12.707571156204521 ], [ 107.562222889546462, 12.707103435611586 ], [ 107.562510732816321, 12.706556317831968 ], [ 107.562493586540626, 12.706108139439692 ], [ 107.562445485552871, 12.705325979074816 ], [ 107.562476552917971, 12.704753109427289 ], [ 107.562658784969727, 12.704629380918117 ], [ 107.563007822849102, 12.704392237645184 ], [ 107.563887095973016, 12.704207564316413 ], [ 107.564731164676843, 12.704068402180722 ], [ 107.565239312271501, 12.703696457903664 ], [ 107.56683483437584, 12.703302699279458 ], [ 107.567115423492552, 12.703351932750406 ], [ 107.567484353964218, 12.702862752548819 ], [ 107.567665885460585, 12.702383290803708 ], [ 107.567985918733015, 12.702065111146968 ], [ 107.568170090709955, 12.701447846040153 ], [ 107.568388082066264, 12.700876556122076 ], [ 107.568969250352097, 12.700274646144795 ], [ 107.569053196263923, 12.69924163161385 ], [ 107.568971160023835, 12.698403337519821 ], [ 107.569025554812569, 12.697806527819093 ], [ 107.569486030096456, 12.696641124301536 ], [ 107.569799924271024, 12.69502541107274 ], [ 107.569941851656964, 12.694039266442559 ], [ 107.570327207179858, 12.693182895400888 ], [ 107.570684508606305, 12.692740129432847 ], [ 107.571366559288208, 12.692450064006906 ], [ 107.572127867092775, 12.692378317321158 ], [ 107.572767486042991, 12.69261605332108 ], [ 107.573232937584876, 12.692805784833292 ], [ 107.573715509544968, 12.692582018591137 ], [ 107.573932565324597, 12.692090918853721 ], [ 107.574588929347655, 12.691134795977902 ], [ 107.574488674906164, 12.689858506859913 ], [ 107.574672588771136, 12.689217527842652 ], [ 107.575022837743546, 12.688417960785538 ], [ 107.575530712559569, 12.688023419965983 ], [ 107.576382967506262, 12.687275449163428 ], [ 107.57698178768814, 12.686203562569682 ], [ 107.577343304884195, 12.685438894143196 ], [ 107.577958129325495, 12.684929252205006 ], [ 107.578725491915122, 12.684376343117037 ], [ 107.578863612492967, 12.683700799178393 ], [ 107.578740954176183, 12.68322767705809 ], [ 107.578298489118367, 12.682234784215773 ], [ 107.577991433515464, 12.681553396499796 ], [ 107.578356879359305, 12.681351090843 ], [ 107.578694848593528, 12.681447190799267 ], [ 107.579855335904611, 12.682128195822914 ], [ 107.580218033899158, 12.682109992489785 ], [ 107.580727243732284, 12.68162169934425 ], [ 107.581052175774047, 12.680937565389629 ], [ 107.58173876001986, 12.680302995976588 ], [ 107.582134535688382, 12.679573000955878 ], [ 107.581814363063685, 12.679017100322788 ], [ 107.581127391446998, 12.678813721070082 ], [ 107.580495529385075, 12.678828892620967 ], [ 107.579324860704887, 12.678905757701614 ], [ 107.578918445326948, 12.678694002719453 ], [ 107.578693993901652, 12.677991486448237 ], [ 107.578327589693117, 12.677412312636259 ], [ 107.577800981507579, 12.677428714450803 ], [ 107.577146804218785, 12.677397791499615 ], [ 107.576787204153462, 12.677151698570455 ], [ 107.576421838588445, 12.676503622914728 ], [ 107.576501536760404, 12.675793637707482 ], [ 107.576788855800061, 12.675314279190397 ], [ 107.576924765597624, 12.673903571330605 ], [ 107.576747472705179, 12.673142998500358 ], [ 107.576535532750242, 12.671509796872281 ], [ 107.576291641481603, 12.670530780680322 ], [ 107.575622624948892, 12.669822401645671 ], [ 107.574712986767892, 12.669661812255464 ], [ 107.573474828574035, 12.669542796029262 ], [ 107.573198636808158, 12.669182956798785 ], [ 107.572949000930166, 12.667744355139197 ], [ 107.572048577746855, 12.667756452654645 ], [ 107.571344036786684, 12.667976707898267 ], [ 107.570748888963521, 12.667866140413226 ], [ 107.570684696531174, 12.667428582496555 ], [ 107.570984453992125, 12.666870057111909 ], [ 107.5708079973585, 12.666075588698542 ], [ 107.570921754829911, 12.665434162550918 ], [ 107.571215744062528, 12.664472523991627 ], [ 107.57146913579335, 12.663017763139948 ], [ 107.571508458743097, 12.661834979680489 ], [ 107.57128496040869, 12.661051129716128 ], [ 107.570514878789055, 12.660065892798691 ], [ 107.569990828615786, 12.659013905032353 ], [ 107.569596534838169, 12.657883867622751 ], [ 107.569313465423903, 12.656317965639239 ], [ 107.569839695169165, 12.654601956218904 ], [ 107.570556049414108, 12.653497334884976 ], [ 107.571445840824225, 12.652543497386498 ], [ 107.572857934520442, 12.651895175377431 ], [ 107.573705400292027, 12.651481557902601 ], [ 107.573960847432261, 12.650749546330795 ], [ 107.573681342735483, 12.649769736061119 ], [ 107.573035510832597, 12.64913000265928 ], [ 107.572072115389176, 12.648589327149951 ], [ 107.571336466064622, 12.648511731150213 ], [ 107.570390559357079, 12.648396636016138 ], [ 107.56936114059603, 12.648440448337347 ], [ 107.569029557014758, 12.647885758475148 ], [ 107.569384853774608, 12.647534498794778 ], [ 107.569825138491268, 12.646999467293771 ], [ 107.569885308149551, 12.646001690925363 ], [ 107.569714398067049, 12.644781407285979 ], [ 107.569423882634041, 12.643790400890458 ], [ 107.569312107133584, 12.642502915873973 ], [ 107.569520982348052, 12.641770226429417 ], [ 107.570145403156687, 12.641422019088672 ], [ 107.571274058649905, 12.640954882777683 ], [ 107.571759302543356, 12.640547030605136 ], [ 107.572035453559991, 12.639987607828049 ], [ 107.571957944137267, 12.638792400370953 ], [ 107.571374495755478, 12.637832455588924 ], [ 107.571306757390488, 12.636808808993582 ], [ 107.571281806734618, 12.636038848854197 ], [ 107.571378207728756, 12.634984257647707 ], [ 107.572302216401042, 12.634065106910361 ], [ 107.572378356942977, 12.633629582162715 ], [ 107.572491425548847, 12.633034465886968 ], [ 107.572813453172699, 12.632578498934313 ], [ 107.572983902424227, 12.632086726722831 ], [ 107.573398526890614, 12.631690850670948 ], [ 107.573929071078851, 12.631329992874637 ], [ 107.573634187553111, 12.630648467242379 ], [ 107.573333206464085, 12.630449222508139 ], [ 107.572800944807341, 12.630006015201261 ], [ 107.57240922509429, 12.629587426281532 ], [ 107.57200681825222, 12.629077463515424 ], [ 107.572111148069524, 12.628298351096346 ], [ 107.572646868386443, 12.627593002591441 ], [ 107.572954746075283, 12.627274950960308 ], [ 107.573306103175781, 12.626360195885404 ], [ 107.573549705809782, 12.625652017359178 ], [ 107.57420915320094, 12.625303469461645 ], [ 107.574774540889962, 12.624978414853109 ], [ 107.575705404357137, 12.624461234784185 ], [ 107.576401883563804, 12.623964383439173 ], [ 107.577483288965936, 12.623553029955049 ], [ 107.578773888504642, 12.623190470448323 ], [ 107.578819997313815, 12.622398370128675 ], [ 107.578373544969878, 12.6216810478652 ], [ 107.577926634494517, 12.620975021190286 ], [ 107.577787480148629, 12.620054838216047 ], [ 107.57821356666345, 12.619657718335489 ], [ 107.578894747979078, 12.620275652603487 ], [ 107.57936477079528, 12.62013220379121 ], [ 107.580248801785146, 12.619591749378586 ], [ 107.581131795666565, 12.6191201899238 ], [ 107.58151922897936, 12.61813732327067 ], [ 107.581702884911763, 12.61753136094004 ], [ 107.581888483353922, 12.616775180176985 ], [ 107.582128842288753, 12.616262403508962 ], [ 107.582711539176586, 12.615545296183955 ], [ 107.582428059331505, 12.61491110202182 ], [ 107.582276351457892, 12.614001208809212 ], [ 107.583016267833244, 12.613769318122243 ], [ 107.583819441550133, 12.613997574838356 ], [ 107.584138219700378, 12.613794600375989 ], [ 107.584777385640322, 12.613205686086847 ], [ 107.584712517231736, 12.612814440903014 ], [ 107.583897160467487, 12.612575010978798 ], [ 107.583176094556066, 12.612278200569921 ], [ 107.582817180339262, 12.612033221845163 ], [ 107.582135567081551, 12.611427721812388 ], [ 107.581489709292512, 12.610775571288592 ], [ 107.580902637084165, 12.610079936816872 ], [ 107.580991645060877, 12.609552813882734 ], [ 107.581793535559868, 12.609023318222317 ], [ 107.582556434106678, 12.608791208220271 ], [ 107.58288532001302, 12.60781907291846 ], [ 107.5827205158797, 12.607035788616335 ], [ 107.58252053317257, 12.606241551740647 ], [ 107.583088388230081, 12.605766265267235 ], [ 107.584094490863436, 12.604848564712265 ], [ 107.584931438251601, 12.604319853556138 ], [ 107.585552057508906, 12.603374257086632 ], [ 107.585700736418318, 12.602778797570712 ], [ 107.58521222457135, 12.602565564998532 ], [ 107.584446579376731, 12.602120114105817 ], [ 107.584769128323231, 12.601606543093848 ], [ 107.584862723034959, 12.600734933566191 ], [ 107.584825226289155, 12.600033989218065 ], [ 107.584552690212305, 12.599457284342648 ], [ 107.584866615998493, 12.598714545750903 ], [ 107.585699399390435, 12.598517895265424 ], [ 107.586046791255939, 12.597902445169066 ], [ 107.58568006146082, 12.597334557168992 ], [ 107.585279078913075, 12.596733120760081 ], [ 107.584983414894552, 12.596085491874522 ], [ 107.584544831895755, 12.59568995291054 ], [ 107.58387948148382, 12.595612813855039 ], [ 107.583241263974926, 12.5952598575882 ], [ 107.58294435944444, 12.594717263722472 ], [ 107.58289789418923, 12.593808609789434 ], [ 107.582652043376925, 12.59296738189469 ], [ 107.582319720214954, 12.592504181662301 ], [ 107.581941511909932, 12.591936396248625 ], [ 107.581608841239927, 12.591438188763382 ], [ 107.582104124723244, 12.590262302352242 ], [ 107.582276038586613, 12.589632740005467 ], [ 107.582226137815979, 12.589012095356821 ], [ 107.581929586092855, 12.587584107112939 ], [ 107.582484179001952, 12.587223018132871 ], [ 107.582862616850676, 12.586895250459571 ], [ 107.582777415091655, 12.586251230913408 ], [ 107.582383119058122, 12.586028042411794 ], [ 107.581964208380597, 12.585872851445657 ], [ 107.581440322195462, 12.585740128187307 ], [ 107.580822841055181, 12.585560875775961 ], [ 107.580349669910305, 12.585095641230129 ], [ 107.580228590365124, 12.584542311134339 ], [ 107.580042091360156, 12.583655331502353 ], [ 107.579762002015471, 12.582721822782771 ], [ 107.579561138569503, 12.582007767508927 ], [ 107.579411218870518, 12.580983785681232 ], [ 107.579751024059519, 12.580069146776681 ], [ 107.580295958226245, 12.579547794476317 ], [ 107.580595042098622, 12.579045750142386 ], [ 107.580513198042937, 12.578161149937971 ], [ 107.58025472337826, 12.57737650312432 ], [ 107.580107229298491, 12.576192133847345 ], [ 107.57994270932366, 12.57537495927002 ], [ 107.580216727014658, 12.575010936008194 ], [ 107.580776030518322, 12.574260192904433 ], [ 107.581375225042351, 12.573187208050575 ], [ 107.582246827577137, 12.571820231549387 ], [ 107.582732662661499, 12.570449067133637 ], [ 107.58300518643432, 12.569303566242827 ], [ 107.582828011375057, 12.568600577453173 ], [ 107.582627045954638, 12.567875231106274 ], [ 107.583010404175312, 12.567179261859257 ], [ 107.58323703116308, 12.566848444326748 ], [ 107.584034658279464, 12.566652156483203 ], [ 107.584570923333686, 12.566762175723122 ], [ 107.58506211745474, 12.566733721348095 ], [ 107.585277831469597, 12.56634654153131 ], [ 107.585124107051769, 12.565632036242237 ], [ 107.584999149077575, 12.564459876917299 ], [ 107.585161041791281, 12.563749102174752 ], [ 107.585796648536075, 12.563389494084367 ], [ 107.586771905817955, 12.563023218277536 ], [ 107.587219630575802, 12.562787386590776 ], [ 107.587719793779002, 12.56210496671082 ], [ 107.588224554375586, 12.561078061118531 ], [ 107.588912577488912, 12.560328325860594 ], [ 107.589374668547364, 12.559863101772985 ], [ 107.58962555459965, 12.559430408672018 ], [ 107.589613708157856, 12.558591439998805 ], [ 107.58945125129091, 12.5576364772111 ], [ 107.589282813224344, 12.557117488750105 ], [ 107.588759111339513, 12.556077926213524 ], [ 107.588219306634443, 12.555381829785162 ], [ 107.587673404692012, 12.55511041476208 ], [ 107.586972978955927, 12.555021179923095 ], [ 107.586520559758284, 12.554786127120773 ], [ 107.586120808646527, 12.55406947611197 ], [ 107.585965137168969, 12.553504058187873 ], [ 107.585375558770437, 12.553002676247367 ], [ 107.58471331724985, 12.552707529976132 ], [ 107.584074416993488, 12.552389570270742 ], [ 107.583460119314481, 12.552002483482317 ], [ 107.583009668842394, 12.551618333375776 ], [ 107.582656950293426, 12.55088992806855 ], [ 107.582411868218344, 12.550003510336929 ], [ 107.581976943608467, 12.549331231103393 ], [ 107.581360623799114, 12.548221388677829 ], [ 107.580636449658343, 12.547304566081618 ], [ 107.580264532815434, 12.547128580225287 ], [ 107.57971772971942, 12.546937334511945 ], [ 107.579474112961535, 12.546831260808522 ], [ 107.578716112595544, 12.546672534390524 ], [ 107.578357294014694, 12.546426400797692 ], [ 107.578106565382129, 12.545952234307503 ], [ 107.578058318656247, 12.545205082399534 ], [ 107.578054333931263, 12.544631422813437 ], [ 107.578322494335723, 12.543796532556863 ], [ 107.578343337329883, 12.543118735649305 ], [ 107.577627339716756, 12.542501093659665 ], [ 107.577385695744312, 12.54218833144116 ], [ 107.576825104996672, 12.542169997429252 ], [ 107.576182409615441, 12.542102759515755 ], [ 107.576026793655814, 12.541539588180889 ], [ 107.575968101000555, 12.540723646011141 ], [ 107.575815595709003, 12.539895051898572 ], [ 107.576003746310974, 12.538932187437183 ], [ 107.576857569807501, 12.53803634231032 ], [ 107.577368523753719, 12.537399014493516 ], [ 107.577660019567759, 12.536598910943917 ], [ 107.577685727491058, 12.535542741923733 ], [ 107.577401912814878, 12.534918688119506 ], [ 107.577079109180715, 12.534593151034615 ], [ 107.576555908893639, 12.534402796198364 ], [ 107.576326232208544, 12.534078623036573 ], [ 107.576056696652415, 12.533271478948141 ], [ 107.575540554218634, 12.53257624319496 ], [ 107.574936195211563, 12.532315515021301 ], [ 107.574004300790094, 12.532062439935521 ], [ 107.573563076936324, 12.531849835678123 ], [ 107.573193608343232, 12.531512316617153 ], [ 107.572746337293069, 12.530863845870025 ], [ 107.572139283190651, 12.529983131219593 ], [ 107.571349400769805, 12.529618011318837 ], [ 107.570662268474223, 12.529413400532869 ], [ 107.570113548093602, 12.529372346792574 ], [ 107.56967002043092, 12.529332544394373 ], [ 107.569178766062706, 12.529348535513435 ], [ 107.568407704706544, 12.529316379644534 ], [ 107.56815330969809, 12.529106495854835 ], [ 107.567924334646264, 12.528793599306358 ], [ 107.567770703875539, 12.528021471959702 ], [ 107.567277592887123, 12.527327123243763 ], [ 107.565222160106586, 12.527197677703329 ], [ 107.565055534048383, 12.526563449668609 ], [ 107.564898199451022, 12.526113216276206 ], [ 107.564566834437144, 12.52555848406011 ], [ 107.56411762067178, 12.525059084349021 ], [ 107.564086966590963, 12.52474880793849 ], [ 107.56400812800122, 12.523633772325882 ], [ 107.563581548787269, 12.523214337755451 ], [ 107.563063602214314, 12.522621854703013 ], [ 107.562658339900253, 12.522133931603127 ], [ 107.562649464239044, 12.522123245845597 ], [ 107.562647371629367, 12.521445660680524 ], [ 107.562602325089117, 12.520434200223898 ], [ 107.562359323945742, 12.519397522033294 ], [ 107.56230520810368, 12.518574224073104 ], [ 107.562301162109591, 12.5185126715037 ], [ 107.562147905281378, 12.517775542528421 ], [ 107.562503426569251, 12.516528749377015 ], [ 107.563047360229135, 12.516087641017158 ], [ 107.563892586903663, 12.515776921749881 ], [ 107.564712719459536, 12.515660686487788 ], [ 107.56545286600641, 12.515359999821543 ], [ 107.565972527906268, 12.514964292299705 ], [ 107.566626871001958, 12.514123468220678 ], [ 107.566738209586575, 12.51364243697032 ], [ 107.567035762045549, 12.513278209041552 ], [ 107.567633684420102, 12.513125689474542 ], [ 107.568611810562743, 12.512540390557771 ], [ 107.569223999067745, 12.512203649404679 ], [ 107.569569371417003, 12.510864345757158 ], [ 107.569112043734933, 12.510123350541456 ], [ 107.568494053921512, 12.509989211642358 ], [ 107.568299121682045, 12.509746006432612 ], [ 107.568072259286964, 12.509237710422694 ], [ 107.567791173299483, 12.508418234717567 ], [ 107.567519970599633, 12.507726278381732 ], [ 107.567482936188441, 12.507002726099985 ], [ 107.567733349056937, 12.506637819268162 ], [ 107.568082567835432, 12.506733869254665 ], [ 107.568475561300758, 12.507072309337046 ], [ 107.569042240245111, 12.507481367647964 ], [ 107.569495132848857, 12.507716463497147 ], [ 107.569931077202511, 12.507458200384777 ], [ 107.570243255472477, 12.506830696722156 ], [ 107.570111354503055, 12.506219855487041 ], [ 107.569803462564096, 12.505653609734235 ], [ 107.569413949787148, 12.505085883022907 ], [ 107.56924757878717, 12.504417774142629 ], [ 107.569455958171574, 12.503696397465804 ], [ 107.570223345241317, 12.503132309251892 ], [ 107.570915112405018, 12.502186096778757 ], [ 107.571088623272701, 12.501484251774025 ], [ 107.571694250914618, 12.501126115329328 ], [ 107.572638490624215, 12.500664232548875 ], [ 107.573173370829494, 12.499835837384948 ], [ 107.573299975067869, 12.499214622954552 ], [ 107.573743621754232, 12.499213771417516 ], [ 107.57424519099591, 12.499258668365673 ], [ 107.574945360840374, 12.4992214827819 ], [ 107.576029459567692, 12.498724372644698 ], [ 107.577241035192841, 12.497985492254324 ], [ 107.578207679478567, 12.497409317040502 ], [ 107.579127550060377, 12.496637083230061 ], [ 107.579710066619484, 12.496095073915008 ], [ 107.579871156044774, 12.495244275522198 ], [ 107.579670564578137, 12.494372095144387 ], [ 107.579271271136278, 12.493339193315121 ], [ 107.578545247193375, 12.492215682783179 ], [ 107.578356956055828, 12.491365969047926 ], [ 107.57834378214217, 12.490906456961536 ], [ 107.578820808875491, 12.490216389207308 ], [ 107.578970409403595, 12.489365701154732 ], [ 107.578536318112469, 12.488299248847689 ], [ 107.578118805077111, 12.487830752613272 ], [ 107.578056315447199, 12.487760632134972 ], [ 107.577086398636212, 12.487016642361878 ], [ 107.576675630243912, 12.486099034655139 ], [ 107.576871128550209, 12.484949763866036 ], [ 107.576997195147129, 12.483868917382155 ], [ 107.577285229897385, 12.482489507864511 ], [ 107.577061117742886, 12.481502354455069 ], [ 107.576370546700858, 12.480355903640326 ], [ 107.576181810288332, 12.479575078933758 ], [ 107.575911057614334, 12.478519478879191 ], [ 107.575045429835271, 12.47768300268118 ], [ 107.574508312769282, 12.477409183124358 ], [ 107.573328804456295, 12.476907719295061 ], [ 107.572569633935586, 12.476725232022439 ], [ 107.571764397916169, 12.476533017560181 ], [ 107.570620366695195, 12.47630676043698 ], [ 107.569896488276825, 12.476090047259206 ], [ 107.568704181463502, 12.475105325111214 ], [ 107.567511564224674, 12.473971525775514 ], [ 107.566973387068799, 12.473180460907104 ], [ 107.566551088328282, 12.472194044753362 ], [ 107.565965914519509, 12.471414717110049 ], [ 107.565684673305839, 12.470864013599387 ], [ 107.56541469407756, 12.470348211448227 ], [ 107.565576158188037, 12.46958888752326 ], [ 107.565842797803853, 12.46877322639228 ], [ 107.566144132646301, 12.46797982237514 ], [ 107.566562772872345, 12.467311789120288 ], [ 107.567342193394282, 12.466344437286006 ], [ 107.567480146938536, 12.465357210415508 ], [ 107.567559473836809, 12.464368282526969 ], [ 107.56794423261934, 12.464286699477144 ], [ 107.568550662355406, 12.464250439510703 ], [ 107.568876726313306, 12.463985329913683 ], [ 107.568186427135046, 12.463207004857447 ], [ 107.566995589164918, 12.462830963285629 ], [ 107.566714917306783, 12.462395445742521 ], [ 107.566550436387104, 12.461913651066494 ], [ 107.566582464749658, 12.460672198807814 ], [ 107.56578822975699, 12.460249465859963 ], [ 107.565436455210502, 12.459653125255672 ], [ 107.565551186517709, 12.458757596344396 ], [ 107.565620758062934, 12.458470082023993 ], [ 107.565455304710369, 12.45765513811088 ], [ 107.565044966846969, 12.456828966388965 ], [ 107.564776001691129, 12.456531114640612 ], [ 107.565055086644833, 12.456104961194407 ], [ 107.566127317186854, 12.455641912858976 ], [ 107.566733299574878, 12.455445298045083 ], [ 107.56705947561035, 12.45513388869565 ], [ 107.567583337507102, 12.454650070243316 ], [ 107.56767545904421, 12.454201975753918 ], [ 107.567008972800679, 12.453446001526684 ], [ 107.566261093263904, 12.452885045467132 ], [ 107.565897840452152, 12.452288812575434 ], [ 107.565836789467298, 12.451163437018108 ], [ 107.565660830755718, 12.450681747936102 ], [ 107.565319409865353, 12.449441580841741 ], [ 107.564851165821153, 12.448684846058084 ], [ 107.564081492900826, 12.448652619942031 ], [ 107.563146448416177, 12.448045993083461 ], [ 107.562679721236407, 12.447852782632296 ], [ 107.562023563961063, 12.446682221607945 ], [ 107.561881488976809, 12.445729269464797 ], [ 107.561297362584014, 12.445340661211269 ], [ 107.561004769655383, 12.444916538493484 ], [ 107.560770436674659, 12.444515580829295 ], [ 107.560545709274663, 12.443160232095984 ], [ 107.560777178367786, 12.442390083196972 ], [ 107.560880107789814, 12.441402058353288 ], [ 107.560447621713223, 12.441242396968281 ], [ 107.55992260943826, 12.441197674832944 ], [ 107.559501678041073, 12.440751048326979 ], [ 107.559617036001228, 12.440210127344862 ], [ 107.559230097200128, 12.439362259032039 ], [ 107.558575620841111, 12.438593715096291 ], [ 107.558037175784861, 12.437997991878326 ], [ 107.55793123298875, 12.437446740929024 ], [ 107.557662101270239, 12.437011097185598 ], [ 107.557171478656272, 12.436898282191308 ], [ 107.556784465637747, 12.435865194405634 ], [ 107.556702048538313, 12.435486511087634 ], [ 107.55619867048145, 12.434832853341126 ], [ 107.555743549716709, 12.434707276465977 ], [ 107.555311344014001, 12.434398527624271 ], [ 107.555170110668016, 12.433939084775281 ], [ 107.554878500410254, 12.43384810145993 ], [ 107.554910596112109, 12.432722961548048 ], [ 107.554651648533664, 12.431505703724341 ], [ 107.554498169044706, 12.430850997716929 ], [ 107.554672170264794, 12.430254186078226 ], [ 107.554846320921698, 12.429908089557621 ], [ 107.55473919098911, 12.42911629415125 ], [ 107.554772872523827, 12.428564851236423 ], [ 107.554550950185686, 12.428255243572046 ], [ 107.554385777009728, 12.427520462599032 ], [ 107.553918005107377, 12.427039252889621 ], [ 107.553742287559501, 12.426695327324197 ], [ 107.553634553256387, 12.425546660150056 ], [ 107.553627916119737, 12.425531676924521 ], [ 107.553329654930735, 12.42485836901778 ], [ 107.552931877868602, 12.424307605031334 ], [ 107.553001034897306, 12.423917326126883 ], [ 107.552684761557501, 12.423240434419546 ], [ 107.552205901361091, 12.423034886338955 ], [ 107.551552514212077, 12.42278354934756 ], [ 107.551597571017453, 12.422278302310275 ], [ 107.551993172796344, 12.421840902229206 ], [ 107.551806083115224, 12.4215083749854 ], [ 107.551187497033396, 12.421349315457025 ], [ 107.550522780465172, 12.421408654601224 ], [ 107.55024194693712, 12.421006987957194 ], [ 107.550847144561644, 12.420499855721268 ], [ 107.550928147691963, 12.420086877089572 ], [ 107.55048330505187, 12.419421355867733 ], [ 107.550318785178646, 12.418928245264967 ], [ 107.550015170266661, 12.418664574956862 ], [ 107.549572572000926, 12.419113707059111 ], [ 107.549092802068415, 12.418459804961607 ], [ 107.548812618323211, 12.418242215637616 ], [ 107.548449792080973, 12.417738545802973 ], [ 107.54808839484943, 12.417853750936857 ], [ 107.548089749322997, 12.418405995536887 ], [ 107.54795084394226, 12.418773214646173 ], [ 107.547588594032916, 12.418682884195739 ], [ 107.547470653355589, 12.418016541111127 ], [ 107.547120386329084, 12.417799607813629 ], [ 107.546723850686021, 12.417846251017428 ], [ 107.546350127004629, 12.417698428606407 ], [ 107.545847087679618, 12.416895661498518 ], [ 107.545438394458444, 12.41687352617113 ], [ 107.545065397095811, 12.416977542574397 ], [ 107.54452823238033, 12.416623449208256 ], [ 107.544083547018673, 12.415912737766082 ], [ 107.543883879068176, 12.415407527425131 ], [ 107.544114782557443, 12.414338111596718 ], [ 107.544172274424355, 12.413810158975766 ], [ 107.543622309088889, 12.413202075618413 ], [ 107.543445814902412, 12.412479809183976 ], [ 107.543805677034925, 12.411674584857328 ], [ 107.543734606325174, 12.411100405197613 ], [ 107.544012570216154, 12.410203340219795 ], [ 107.54444246493081, 12.409570250613752 ], [ 107.544955207907407, 12.409304555185413 ], [ 107.544919148053438, 12.408845243282324 ], [ 107.544719905920104, 12.408501527849923 ], [ 107.544928531398014, 12.407800494069848 ], [ 107.545055439534565, 12.40714427198435 ], [ 107.544598971293922, 12.406342189775064 ], [ 107.544550692876172, 12.40563001477136 ], [ 107.545168190414017, 12.405444652012624 ], [ 107.545353970262127, 12.405053277842955 ], [ 107.545877214818219, 12.404213768042951 ], [ 107.545560572397264, 12.403375363675014 ], [ 107.545127860288432, 12.403066590866539 ], [ 107.545173130832339, 12.402285775822712 ], [ 107.545322607079939, 12.401468972409864 ], [ 107.544561739762941, 12.40008134516351 ], [ 107.543837764309131, 12.399830638388442 ], [ 107.543417791799428, 12.399590632699944 ], [ 107.543766233405378, 12.398912006093827 ], [ 107.54424328094008, 12.398462564393929 ], [ 107.544615506344513, 12.398163180614237 ], [ 107.545092518711186, 12.397414456536573 ], [ 107.545370781021049, 12.396667595719542 ], [ 107.545531055154399, 12.395483649202664 ], [ 107.54540049816174, 12.394461669447452 ], [ 107.545586110870047, 12.393876047831926 ], [ 107.545992493558458, 12.393012791409769 ], [ 107.546550184146028, 12.392172961452454 ], [ 107.547447090216593, 12.391481282426664 ], [ 107.547854152132288, 12.391043787422849 ], [ 107.548331005749091, 12.39039896494849 ], [ 107.548154800511824, 12.389882240965816 ], [ 107.547907627072789, 12.388860228593972 ], [ 107.548244559208825, 12.388181708610645 ], [ 107.548640317087333, 12.387882102719654 ], [ 107.54883686381045, 12.387181182544337 ], [ 107.549079178533447, 12.385928705939845 ], [ 107.549405185339253, 12.385663633696588 ], [ 107.550069829208226, 12.385546717793195 ], [ 107.550815515379171, 12.385257376113536 ], [ 107.551466692015296, 12.384405369846393 ], [ 107.551686999589222, 12.383726814387307 ], [ 107.552093061716675, 12.382715610872888 ], [ 107.552663759921543, 12.382449368001209 ], [ 107.552989648788696, 12.382173001216088 ], [ 107.5535121126495, 12.38102292203649 ], [ 107.554150596520159, 12.379871751902057 ], [ 107.554405698550795, 12.379227879285692 ], [ 107.553761704628386, 12.377862890970896 ], [ 107.553526289787939, 12.377105044387434 ], [ 107.552614762326897, 12.37610847635548 ], [ 107.552275717364665, 12.375798827832986 ], [ 107.551364955888019, 12.375353374680769 ], [ 107.550407797805818, 12.374862049141038 ], [ 107.549520277468389, 12.374324892427943 ], [ 107.548714790063656, 12.374131419078212 ], [ 107.547827801075343, 12.373767043594913 ], [ 107.546859852730023, 12.373642847481287 ], [ 107.546066055127184, 12.373530561752805 ], [ 107.46540622412661, 12.374702330919703 ], [ 107.457439777536962, 12.374816765020306 ], [ 107.423885312898435, 12.401354866160778 ], [ 107.404957776765912, 12.416369274856029 ], [ 107.405005828682022, 12.417597743745091 ], [ 107.405356818042009, 12.418778262325439 ], [ 107.405356865392605, 12.419781306206483 ], [ 107.404867923667069, 12.420598795805541 ], [ 107.404313122900334, 12.421245316135627 ], [ 107.403647871152955, 12.421883690741184 ], [ 107.401575480953156, 12.4229015993975 ], [ 107.401391839917423, 12.423211560111833 ], [ 107.401087785959106, 12.423724766620486 ], [ 107.400531170684189, 12.424373556004197 ], [ 107.39986999495153, 12.425011888956613 ], [ 107.399312584952526, 12.425764574598523 ], [ 107.398975867275595, 12.426635005977246 ], [ 107.398511736245936, 12.427400325097599 ], [ 107.398083244122347, 12.428108956062003 ], [ 107.397795834688722, 12.428727081620695 ], [ 107.397691597051349, 12.42970268652819 ], [ 107.397799906421568, 12.430485610723423 ], [ 107.397961147437044, 12.431716424754693 ], [ 107.397961465993532, 12.431717576716432 ], [ 107.398073481647685, 12.432119792716483 ], [ 107.398610215616088, 12.434164860293098 ], [ 107.398611754149556, 12.434170715449463 ], [ 107.398652346950314, 12.434711312971134 ], [ 107.398609673034585, 12.435389423603045 ], [ 107.398463850276059, 12.435905745282369 ], [ 107.398397873234046, 12.43660547483317 ], [ 107.398241107102578, 12.437052964364495 ], [ 107.398169436617806, 12.437190283454846 ], [ 107.398230320606785, 12.439024555727174 ], [ 107.398721681920222, 12.439010621645526 ], [ 107.399029495053313, 12.439681107614311 ], [ 107.399021739836613, 12.440405162004339 ], [ 107.399028310527939, 12.440864756076298 ], [ 107.399046432511057, 12.441335629230119 ], [ 107.399075830241031, 12.441853740286719 ], [ 107.399066718616766, 12.442669321774355 ], [ 107.398405633889737, 12.443272695866478 ], [ 107.397926981298127, 12.443210269830566 ], [ 107.39741444606274, 12.443090597482611 ], [ 107.397314233328842, 12.443686737308362 ], [ 107.39745108492211, 12.444009665804773 ], [ 107.39786567502361, 12.444542520097857 ], [ 107.397839767382308, 12.444784409531415 ], [ 107.397475204892345, 12.445010149760325 ], [ 107.396890594860992, 12.445050385967708 ], [ 107.396664082432224, 12.445416103141406 ], [ 107.396917337514154, 12.445775220477458 ], [ 107.397219660331857, 12.445904707583376 ], [ 107.397498215547543, 12.446079574462107 ], [ 107.397458126153467, 12.446527205330295 ], [ 107.39726775932786, 12.446824847957593 ], [ 107.396995000706966, 12.447223680079093 ], [ 107.39675693842716, 12.447578207876274 ], [ 107.396684683599972, 12.447784372980014 ], [ 107.396846626430403, 12.447958016980126 ], [ 107.397032765638741, 12.448017345860782 ], [ 107.397337637769894, 12.447928818590839 ], [ 107.397585295021898, 12.447735733085119 ], [ 107.397822542632284, 12.447416263876205 ], [ 107.398389131557153, 12.446857813647251 ], [ 107.398682553902248, 12.446769386748153 ], [ 107.39890268069874, 12.446897251609064 ], [ 107.399071741139309, 12.447474110219524 ], [ 107.398968018880709, 12.448380871647133 ], [ 107.398813890383749, 12.448620555716552 ], [ 107.398483322706127, 12.448916010684357 ], [ 107.398188082817498, 12.449178359876869 ], [ 107.397808942040925, 12.449691151101863 ], [ 107.397651164934388, 12.450218872641649 ], [ 107.397764331083778, 12.450529633892982 ], [ 107.397853244254335, 12.450783514437868 ], [ 107.397934295517516, 12.451014879546854 ], [ 107.397930742014694, 12.451313123376213 ], [ 107.397667396395534, 12.451919744979818 ], [ 107.397934834954597, 12.452014487544385 ], [ 107.398342942617958, 12.45208765609719 ], [ 107.398517741795246, 12.452158376121604 ], [ 107.39860965946356, 12.45228521157626 ], [ 107.398582425249344, 12.452629920008688 ], [ 107.398381207247908, 12.452868938867178 ], [ 107.397934844762162, 12.453071648663354 ], [ 107.397314793349167, 12.453134787661966 ], [ 107.396223954641428, 12.452491575101153 ], [ 107.396171331469034, 12.451962376207572 ], [ 107.396260785136292, 12.451251147651361 ], [ 107.395867433058896, 12.450902217247993 ], [ 107.395397997789857, 12.451093835038924 ], [ 107.395050725606168, 12.451825417018616 ], [ 107.395126460472213, 12.452378261878827 ], [ 107.394914115166088, 12.45259470176453 ], [ 107.394907252509057, 12.453197855899081 ], [ 107.394907252186684, 12.453197920960253 ], [ 107.394832557575498, 12.453605158632046 ], [ 107.394032518845336, 12.453891761755562 ], [ 107.392895249181493, 12.45340207387515 ], [ 107.391656545200149, 12.453425507895178 ], [ 107.391242465409547, 12.453892257200668 ], [ 107.390419978883031, 12.453252335831689 ], [ 107.390249103105234, 12.452848398274746 ], [ 107.389898789049482, 12.452810753977756 ], [ 107.389580259597494, 12.453106184511123 ], [ 107.389247444938661, 12.453597056841925 ], [ 107.389289651742132, 12.453827231265603 ], [ 107.389296043963824, 12.45386209401579 ], [ 107.389734735082158, 12.453923653252199 ], [ 107.389734829902608, 12.453923665967393 ], [ 107.390234245440098, 12.454181235355021 ], [ 107.390693172863465, 12.454910289307126 ], [ 107.390513190983711, 12.455333141089158 ], [ 107.390179078932434, 12.455996847779611 ], [ 107.390121600390003, 12.456939339401353 ], [ 107.390736203231697, 12.457347297566621 ], [ 107.39122478815284, 12.457547413601844 ], [ 107.39158015840205, 12.458193726856789 ], [ 107.391132161579634, 12.45853421170834 ], [ 107.390600170885634, 12.459116107049866 ], [ 107.390351593464231, 12.459400711625658 ], [ 107.390219279056851, 12.459755385211823 ], [ 107.390120500179762, 12.46020353568184 ], [ 107.390045898475165, 12.460592752376186 ], [ 107.389960468089114, 12.460925599559658 ], [ 107.390061612364264, 12.461306394450245 ], [ 107.390189136261426, 12.461364077700171 ], [ 107.390503735511956, 12.461482664903404 ], [ 107.391409868979565, 12.461939398446532 ], [ 107.391583962857283, 12.462056473445241 ], [ 107.392011642759499, 12.462451448916655 ], [ 107.391938876965682, 12.46272654693384 ], [ 107.390961275896117, 12.463406074611623 ], [ 107.390153320232471, 12.463593910145967 ], [ 107.389948965841469, 12.464063322518907 ], [ 107.390483113319249, 12.464401977592066 ], [ 107.391132876929618, 12.464822088806812 ], [ 107.391469030063163, 12.465066464260046 ], [ 107.391770366482987, 12.46527609472631 ], [ 107.392118082830052, 12.465532833521054 ], [ 107.392453335192741, 12.46586872903397 ], [ 107.392465904090344, 12.46680038903126 ], [ 107.392261939989467, 12.467303677567553 ], [ 107.391929544798458, 12.467783258285944 ], [ 107.391482038471068, 12.468112541064242 ], [ 107.390950709943056, 12.468578074439508 ], [ 107.390445232129437, 12.468861523490258 ], [ 107.390081314893891, 12.469029619152899 ], [ 107.389620665029369, 12.469439237613567 ], [ 107.389241275281748, 12.469929350795056 ], [ 107.38900015601314, 12.470582119270112 ], [ 107.388889630099271, 12.471064251476541 ], [ 107.388894794145017, 12.471685388875484 ], [ 107.38894916648799, 12.472041843722254 ], [ 107.389600880063853, 12.473358659039629 ], [ 107.390051951490037, 12.473730841346761 ], [ 107.390376669755696, 12.473975316615306 ], [ 107.39125827371754, 12.474546857819618 ], [ 107.391933053553686, 12.474806295731867 ], [ 107.392362941658249, 12.475051009260364 ], [ 107.392429062949645, 12.475431027675842 ], [ 107.392259214425096, 12.475958947250405 ], [ 107.392253254928647, 12.476498874988003 ], [ 107.392497233566615, 12.476661582378263 ], [ 107.392470821918394, 12.476914860112714 ], [ 107.392397230195172, 12.47722384417521 ], [ 107.392480480658335, 12.478156051128071 ], [ 107.392989144432249, 12.478655276579046 ], [ 107.393279688177259, 12.478818743377531 ], [ 107.393662026728848, 12.479086370178672 ], [ 107.394006717205642, 12.479630050997871 ], [ 107.394489615078072, 12.480336199425848 ], [ 107.394414229288572, 12.480829312638006 ], [ 107.394143749959014, 12.480976259292669 ], [ 107.393384132773207, 12.48099203785695 ], [ 107.393055537318318, 12.481127122058009 ], [ 107.392488181953681, 12.481684498221089 ], [ 107.392144223501205, 12.482152892364399 ], [ 107.39211375335455, 12.482773169407491 ], [ 107.392226544540847, 12.483165240112809 ], [ 107.392281430651565, 12.483452758089813 ], [ 107.392371934921883, 12.483729841572373 ], [ 107.392380657160771, 12.48399409876766 ], [ 107.392745095924141, 12.484870689978871 ], [ 107.392961638908204, 12.485355612378992 ], [ 107.393062689787314, 12.485724025759888 ], [ 107.39315380354877, 12.485943467050106 ], [ 107.393112819594805, 12.486483703369244 ], [ 107.392480544448091, 12.486603416103982 ], [ 107.392153271528144, 12.486578045011068 ], [ 107.391384517420008, 12.48635224086796 ], [ 107.391292575939772, 12.486224231135182 ], [ 107.391144279065429, 12.485912698344645 ], [ 107.391101954677652, 12.485498591567044 ], [ 107.390719502842174, 12.485219579099088 ], [ 107.390309403641766, 12.48530678170577 ], [ 107.389977996133567, 12.485706224163213 ], [ 107.389773839833879, 12.48619822137511 ], [ 107.38969841880818, 12.486680043993736 ], [ 107.390021473253412, 12.487063476361625 ], [ 107.390311198951267, 12.487260830483853 ], [ 107.390472750911755, 12.487446854299124 ], [ 107.390528035429085, 12.487711784010799 ], [ 107.390845124541883, 12.488634056723154 ], [ 107.390921586907808, 12.489140459368672 ], [ 107.390869265817543, 12.489634537527209 ], [ 107.390869016216811, 12.489636896299706 ], [ 107.390868770144621, 12.489639238776304 ], [ 107.390791034067973, 12.490380636757452 ], [ 107.390436107065653, 12.490779114670893 ], [ 107.389988385145855, 12.491097109631211 ], [ 107.389589223729331, 12.491377363261515 ], [ 107.389375627987803, 12.491527235613541 ], [ 107.389092974137881, 12.491720631656678 ], [ 107.3882005222559, 12.492113666464265 ], [ 107.3877423530367, 12.492351528620283 ], [ 107.38738885589666, 12.49260092942075 ], [ 107.386859919219731, 12.492894706348332 ], [ 107.386448302530681, 12.493132155177058 ], [ 107.386163435058762, 12.493531183193577 ], [ 107.385791729727501, 12.494366874229069 ], [ 107.38588800198724, 12.495148734521212 ], [ 107.386103651541077, 12.495726268952629 ], [ 107.386322421255244, 12.496015769458607 ], [ 107.386486093980452, 12.496159768416401 ], [ 107.386612154631507, 12.496270673113242 ], [ 107.386925987007913, 12.496400060125087 ], [ 107.387683646013826, 12.496603386465081 ], [ 107.388264033558727, 12.496965384161824 ], [ 107.388213095008112, 12.497297837177598 ], [ 107.387731032113479, 12.497568707582854 ], [ 107.387236416427911, 12.497909700517337 ], [ 107.386641953956328, 12.497765817520614 ], [ 107.386165183139269, 12.49758927097524 ], [ 107.385652880594236, 12.497399667792875 ], [ 107.384811719259261, 12.497368632959201 ], [ 107.384064000438414, 12.497372994176521 ], [ 107.383183240171761, 12.497720833114718 ], [ 107.38308616584294, 12.497967779202504 ], [ 107.382931069016138, 12.498362315555383 ], [ 107.382891393370102, 12.498741014344944 ], [ 107.382710485057885, 12.499256564111482 ], [ 107.382599218937628, 12.499841512503654 ], [ 107.382370423276157, 12.500402655681707 ], [ 107.382398987640926, 12.501012295419919 ], [ 107.382571985570223, 12.501197137738174 ], [ 107.38278217186064, 12.501244965262037 ], [ 107.383003172170149, 12.501339041232992 ], [ 107.38320058981482, 12.50143323448472 ], [ 107.383654543821336, 12.501609988302945 ], [ 107.383781490349477, 12.501726307751168 ], [ 107.383815093934402, 12.501876246790593 ], [ 107.383859241036689, 12.50211751695791 ], [ 107.383527420578361, 12.502094528212986 ], [ 107.383805623088548, 12.502348451886725 ], [ 107.38417759541025, 12.50261509589296 ], [ 107.384490023719394, 12.502962489314767 ], [ 107.384941575616409, 12.503505140940202 ], [ 107.385299150816323, 12.504070125192985 ], [ 107.385714553346475, 12.504680850933159 ], [ 107.38561699190133, 12.505196747744497 ], [ 107.385437833139221, 12.505654645248377 ], [ 107.385209182951002, 12.506478952720229 ], [ 107.38528616468848, 12.507041906727592 ], [ 107.38570167695022, 12.507663922757738 ], [ 107.386208709740899, 12.508482791028317 ], [ 107.387089955657558, 12.509372960150211 ], [ 107.387692060261159, 12.510031710491385 ], [ 107.388366943437617, 12.510415449059183 ], [ 107.388974953615985, 12.510338863609213 ], [ 107.389372444885822, 12.510377160039015 ], [ 107.390214528182412, 12.510314303061008 ], [ 107.390540436473984, 12.510443574313115 ], [ 107.390620127840819, 12.510730871974296 ], [ 107.390512418142976, 12.51101649152214 ], [ 107.390310976193931, 12.511301768317649 ], [ 107.390017117731546, 12.511540439487003 ], [ 107.389603179103844, 12.512088506491779 ], [ 107.389142698523329, 12.512647196146149 ], [ 107.388789062746852, 12.512999323236114 ], [ 107.388423757560105, 12.513410272415888 ], [ 107.387952490671211, 12.513908430328827 ], [ 107.38795243968076, 12.513908485900402 ], [ 107.387917762866323, 12.513951014834877 ], [ 107.387727361671509, 12.514184529821192 ], [ 107.387409191561474, 12.514526222514927 ], [ 107.387101359121104, 12.514994297667554 ], [ 107.386799265394075, 12.515838406361727 ], [ 107.386750745790579, 12.515981036596612 ], [ 107.386694132585504, 12.516149933709311 ], [ 107.386586791777617, 12.516476203731013 ], [ 107.386490588510668, 12.516768404472696 ], [ 107.386126721925166, 12.516948971777602 ], [ 107.385739803802679, 12.517072196266145 ], [ 107.385037496139162, 12.517204903367357 ], [ 107.384313108326467, 12.517130020267924 ], [ 107.383765475716416, 12.516954104699391 ], [ 107.383308774111626, 12.517042892346742 ], [ 107.382814456490081, 12.51748659903415 ], [ 107.382680331649382, 12.518150797758146 ], [ 107.383035643614534, 12.518978965667406 ], [ 107.382809591477468, 12.519459864338423 ], [ 107.382811054599202, 12.51966881047848 ], [ 107.382814898407361, 12.520227895212665 ], [ 107.383219393044016, 12.520770961677343 ], [ 107.383853426547432, 12.521773994127583 ], [ 107.383649359121918, 12.522460224831431 ], [ 107.383515857338679, 12.523010318307678 ], [ 107.383478110296906, 12.523342745202571 ], [ 107.382797378442092, 12.523704542611844 ], [ 107.382201250084535, 12.52369970832487 ], [ 107.381707006445239, 12.524086952805501 ], [ 107.380074199480774, 12.524862177656907 ], [ 107.380278636814012, 12.524339099937034 ], [ 107.3797939555282, 12.523636294376894 ], [ 107.37932090028194, 12.522886044396643 ], [ 107.378248618708696, 12.522545372172065 ], [ 107.377793984671541, 12.522439087896952 ], [ 107.377233634054718, 12.522308081055758 ], [ 107.376459840043594, 12.522611964503607 ], [ 107.375881263370815, 12.523273316871862 ], [ 107.375502308315802, 12.523878699371057 ], [ 107.374864187081101, 12.524688555848133 ], [ 107.374074690378023, 12.525473730574371 ], [ 107.373668697337223, 12.526017557186208 ], [ 107.373374885705829, 12.525261918052637 ], [ 107.372796869305816, 12.524535076764097 ], [ 107.372181282262105, 12.524036766955252 ], [ 107.371317756785075, 12.523834343780244 ], [ 107.370620277442171, 12.523428178136282 ], [ 107.370225309468466, 12.523104172786331 ], [ 107.369862758885191, 12.523124264088183 ], [ 107.369564183793401, 12.523913048265507 ], [ 107.369441079887977, 12.524658456966883 ], [ 107.369180776260379, 12.525045877403715 ], [ 107.36851358517518, 12.525133156154638 ], [ 107.368055831238564, 12.52535852668856 ], [ 107.367469221661608, 12.525641585357935 ], [ 107.366795438981129, 12.525131308481551 ], [ 107.365947406282942, 12.524482532365251 ], [ 107.365037319592844, 12.524280498251006 ], [ 107.364453320351743, 12.524217789512015 ], [ 107.364022313545021, 12.524099618910569 ], [ 107.363583116401557, 12.523465306797597 ], [ 107.363274657386185, 12.522671746211966 ], [ 107.363000193851548, 12.521946725271455 ], [ 107.363265676558555, 12.520927864450762 ], [ 107.363848147409684, 12.519807925668932 ], [ 107.364078506559082, 12.518788289309105 ], [ 107.364328373615734, 12.518261928817699 ], [ 107.364484821117998, 12.517770357928582 ], [ 107.364110610226078, 12.517766872923232 ], [ 107.363615935910261, 12.51823431433481 ], [ 107.362992978569991, 12.518630607823566 ], [ 107.36209097533677, 12.518864479306629 ], [ 107.361180212171817, 12.518777528885522 ], [ 107.360191173449365, 12.518230517856828 ], [ 107.359576236183159, 12.517674529160528 ], [ 107.35927687821524, 12.517179099300824 ], [ 107.359717317156012, 12.516242271468981 ], [ 107.360412686958867, 12.51553583744357 ], [ 107.361048908589453, 12.514955405926472 ], [ 107.360947373997632, 12.514472876886977 ], [ 107.360471870267531, 12.514079455118322 ], [ 107.359550258103539, 12.513865028501211 ], [ 107.358992835487655, 12.513436184208869 ], [ 107.358380986466628, 12.512525479631385 ], [ 107.357768081617294, 12.511740176530965 ], [ 107.356943410667697, 12.511126209002901 ], [ 107.356314207295242, 12.51089231329096 ], [ 107.355566444154164, 12.510897686591138 ], [ 107.354909691107508, 12.511121432342252 ], [ 107.354195516864195, 12.511276747352172 ], [ 107.353295978806585, 12.511212343895858 ], [ 107.352653820977054, 12.511138909683773 ], [ 107.352225603251171, 12.510630954099275 ], [ 107.352453654393372, 12.509920764084567 ], [ 107.352471211951325, 12.509255327773964 ], [ 107.351905228163545, 12.508448185525154 ], [ 107.351210385079227, 12.507697457461253 ], [ 107.350676167719271, 12.507290974155095 ], [ 107.349697313672664, 12.506974288252433 ], [ 107.349009299339016, 12.506784882872021 ], [ 107.348448829293389, 12.506711808748435 ], [ 107.348039812184666, 12.506673638814439 ], [ 107.347699035682993, 12.506877624949395 ], [ 107.346911836553232, 12.507410829419728 ], [ 107.346324830278235, 12.507716428461267 ], [ 107.345868895375432, 12.507821081285922 ], [ 107.345598624412574, 12.507883118179171 ], [ 107.344889050995846, 12.507464598784967 ], [ 107.344114050672445, 12.506551929543031 ], [ 107.343630015100445, 12.505721464707868 ], [ 107.343459689195129, 12.505124242898905 ], [ 107.34330030300903, 12.50466370588491 ], [ 107.342967397293322, 12.503949369638409 ], [ 107.342422388577248, 12.50342885701418 ], [ 107.342085592043574, 12.503174309213932 ], [ 107.341709731795291, 12.503112261080584 ], [ 107.341572116847857, 12.50308951679941 ], [ 107.34113768003678, 12.503293225048717 ], [ 107.340431041233927, 12.5039646587537 ], [ 107.340111167954078, 12.504444090722593 ], [ 107.339722870478141, 12.504727530736758 ], [ 107.33922176252841, 12.504551199556884 ], [ 107.338748651037292, 12.503836990159378 ], [ 107.338226931158417, 12.503350143684996 ], [ 107.337680379103233, 12.503036339463332 ], [ 107.337072550461215, 12.503008912295881 ], [ 107.336348382650456, 12.503014024340814 ], [ 107.336008710699303, 12.503080211899315 ], [ 107.335599517966543, 12.503089454275113 ], [ 107.335204203245581, 12.502845523064403 ], [ 107.334937559930665, 12.50211419985885 ], [ 107.334993413238251, 12.501970836755071 ], [ 107.334866458130733, 12.501843198065112 ], [ 107.334541005814955, 12.501702555166766 ], [ 107.33437803355018, 12.501609016687039 ], [ 107.334134249168656, 12.501467754550099 ], [ 107.333867108777028, 12.501292725673807 ], [ 107.333599347697813, 12.501175341153258 ], [ 107.333402268559183, 12.501058428112305 ], [ 107.333146765244962, 12.500895674416366 ], [ 107.33290248714151, 12.500766793020679 ], [ 107.332669643862218, 12.500695360370262 ], [ 107.332482345151888, 12.500704933048299 ], [ 107.332119067412904, 12.500827785402469 ], [ 107.331285802924072, 12.501106123623357 ], [ 107.330665185005174, 12.501250445884086 ], [ 107.330150562427164, 12.501291037921453 ], [ 107.32991618877702, 12.501311135085245 ], [ 107.329427945508897, 12.501088325157301 ], [ 107.329137427398152, 12.500936079311952 ], [ 107.328290436834294, 12.500317591575971 ], [ 107.327918840396777, 12.500096027841764 ], [ 107.327229470992904, 12.500065850035531 ], [ 107.326796560600471, 12.500119279864757 ], [ 107.326341083969879, 12.50009159483908 ], [ 107.326100618510466, 12.500064907143889 ], [ 107.325094488248979, 12.498281726226319 ], [ 107.323861206385601, 12.496095914268446 ], [ 107.323118614922365, 12.494779754986849 ], [ 107.321743394066459, 12.493062395946424 ], [ 107.321646572531307, 12.491176812649265 ], [ 107.322112460072091, 12.489600782913726 ], [ 107.322090563557907, 12.489315736624075 ], [ 107.322021953764718, 12.488422552034661 ], [ 107.319686259254041, 12.486634847178108 ], [ 107.316239902396433, 12.485878474151463 ], [ 107.313922431151553, 12.486134182247273 ], [ 107.311908836689852, 12.484579434571053 ], [ 107.30615602399962, 12.48449437277997 ], [ 107.304564764619982, 12.485647519559565 ], [ 107.303334584332546, 12.490161927920727 ], [ 107.303360527312165, 12.493091950189774 ], [ 107.30198280049683, 12.495050950530937 ], [ 107.301627419031377, 12.495651747295026 ], [ 107.301425999671778, 12.496886999972133 ], [ 107.300923365189334, 12.497729039944449 ], [ 107.300727000331463, 12.498057999981169 ], [ 107.30056599997485, 12.498174001322097 ], [ 107.299919882825051, 12.498080557788963 ], [ 107.299536221880601, 12.498042403875102 ], [ 107.299320999814725, 12.498021000742664 ], [ 107.298808000207174, 12.497899998956081 ], [ 107.298384252928869, 12.497733140872459 ], [ 107.297908998465317, 12.497546000987724 ], [ 107.297250001094042, 12.497184001160972 ], [ 107.296641170368886, 12.497268184644135 ], [ 107.296144851820117, 12.497347047518613 ], [ 107.295779787841028, 12.497415307864411 ], [ 107.295148000652603, 12.497633999664982 ], [ 107.294790999348038, 12.497825000740308 ], [ 107.294525998305716, 12.497904999185566 ], [ 107.294146825947323, 12.497903319953995 ], [ 107.293623000379128, 12.497900999827985 ], [ 107.293260000419352, 12.497380999856846 ], [ 107.29307258552501, 12.497320892910068 ], [ 107.292757998990027, 12.497219999853694 ], [ 107.292420998851213, 12.497030998333726 ], [ 107.292051753441427, 12.496641630608844 ], [ 107.291576998650797, 12.496141000211784 ], [ 107.291086000562728, 12.496107999295385 ], [ 107.291196000020165, 12.495404999913807 ], [ 107.291212025398494, 12.494786217292498 ], [ 107.291218998321924, 12.494516998744881 ], [ 107.290934147684766, 12.493603832120716 ], [ 107.290664999867872, 12.492740999078116 ], [ 107.289270001244972, 12.491583000160002 ], [ 107.288833000359048, 12.490866999543996 ], [ 107.288636999012226, 12.490697998665311 ], [ 107.287982604113765, 12.48957330935132 ], [ 107.287341738937826, 12.488471861927392 ], [ 107.286883549967428, 12.487684368550669 ], [ 107.286401000141041, 12.486854999385359 ], [ 107.286259738345734, 12.486652392983068 ], [ 107.285937355818476, 12.486190012296342 ], [ 107.285648000618352, 12.485774999546653 ], [ 107.285575468851491, 12.48506584879069 ], [ 107.285609809491717, 12.484757825860257 ], [ 107.285681767547842, 12.484154056329196 ], [ 107.285769039779922, 12.483743595958039 ], [ 107.285826999215601, 12.483471000108125 ], [ 107.285815147642609, 12.483100201872023 ], [ 107.285823909266682, 12.48228151533759 ], [ 107.28582999970476, 12.481862000987208 ], [ 107.285343000880388, 12.480669000735423 ], [ 107.285170208872273, 12.479852566241707 ], [ 107.285022999377389, 12.47915699937062 ], [ 107.284838804007904, 12.478742814504466 ], [ 107.284571828577128, 12.478142483548169 ], [ 107.284295001689159, 12.477519998478787 ], [ 107.284176998356926, 12.477183000532337 ], [ 107.284305998480733, 12.476825999538029 ], [ 107.284329858651745, 12.476406285417937 ], [ 107.284363513541791, 12.475814290334656 ], [ 107.284362414789854, 12.47558466101111 ], [ 107.284314383528653, 12.475182094273853 ], [ 107.28424873030643, 12.474504325920329 ], [ 107.284230853376201, 12.473921917461674 ], [ 107.284203999090053, 12.473047000615081 ], [ 107.284180998504127, 12.472360999233189 ], [ 107.284267998492652, 12.471725000979077 ], [ 107.282615987009976, 12.471791952685338 ], [ 107.282595526117717, 12.472113996923277 ], [ 107.279900514591304, 12.472630676210724 ], [ 107.279785129250456, 12.474077801570941 ], [ 107.280015221810856, 12.475678664713426 ], [ 107.280015230442544, 12.475678705304899 ], [ 107.280406750733007, 12.477396830030779 ], [ 107.280478125144001, 12.478245445902171 ], [ 107.280572228902557, 12.479364270561263 ], [ 107.280531856340872, 12.481776215326979 ], [ 107.280531855666652, 12.481776243345932 ], [ 107.280001805287625, 12.48412342065731 ], [ 107.279594309931568, 12.485438265176688 ], [ 107.279682315881317, 12.487152204505854 ], [ 107.280149684227794, 12.488538691482052 ], [ 107.280954050630996, 12.490010502833391 ], [ 107.281824534369818, 12.491748272455096 ], [ 107.281824539308559, 12.491748311270312 ], [ 107.281894135402908, 12.492472896254831 ], [ 107.281239853005786, 12.493174288094206 ], [ 107.280600445698525, 12.493669922290321 ], [ 107.279620685347837, 12.49428588892502 ], [ 107.278634164484444, 12.495316511648303 ], [ 107.278618532149665, 12.495341306402043 ], [ 107.278044325323222, 12.496254257667589 ], [ 107.277661937419694, 12.496863163895263 ], [ 107.277386556248644, 12.497973580522478 ], [ 107.277565184074888, 12.49879977101239 ], [ 107.277567402077864, 12.49881002860791 ], [ 107.277568084523935, 12.498813182914459 ], [ 107.277569575014894, 12.49882007603315 ], [ 107.277668132240748, 12.499275829922741 ], [ 107.27784708264862, 12.499751029841406 ], [ 107.278003553712111, 12.500166485763801 ], [ 107.27825256747866, 12.500641058080268 ], [ 107.278252581526388, 12.500641086878325 ], [ 107.278438155728679, 12.501221169453144 ], [ 107.27854941245684, 12.501913821667628 ], [ 107.278734702295594, 12.502789884191143 ], [ 107.278734707147251, 12.502789913066987 ], [ 107.278972248478595, 12.504055260328384 ], [ 107.279308962370848, 12.505677851248985 ], [ 107.279994233213799, 12.508178529185381 ], [ 107.280595132280482, 12.510825655310146 ], [ 107.280677192256093, 12.512134699692991 ], [ 107.280678282203482, 12.512152092974594 ], [ 107.280745589543528, 12.513225799517368 ], [ 107.280946933790517, 12.515339743321304 ], [ 107.281341732366656, 12.517744582172501 ], [ 107.282303348967673, 12.519697396006576 ], [ 107.282664675366107, 12.520958779873768 ], [ 107.282813337128133, 12.521477744303022 ], [ 107.282813344740006, 12.521477773155189 ], [ 107.283388638998417, 12.523489111886576 ], [ 107.283718712022946, 12.524041074263634 ], [ 107.283866482705804, 12.524288160443097 ], [ 107.2838664967081, 12.524288183818985 ], [ 107.284388663305464, 12.525225788458247 ], [ 107.284874847136635, 12.526254046806242 ], [ 107.285173253315961, 12.526818233416352 ], [ 107.285419066516525, 12.52728297931964 ], [ 107.285541764535623, 12.527838232262187 ], [ 107.285757394797812, 12.528814002182642 ], [ 107.285861599246005, 12.531179559047498 ], [ 107.28565269712621, 12.532656513162264 ], [ 107.285234212735773, 12.53409573867086 ], [ 107.285234204705091, 12.534095766752261 ], [ 107.284748949296443, 12.535326529375695 ], [ 107.28474893665107, 12.535326555689061 ], [ 107.284133628208764, 12.536671419222492 ], [ 107.284270332820256, 12.537251796408329 ], [ 107.284364131184432, 12.537649932859404 ], [ 107.284970380699988, 12.538404971747722 ], [ 107.284970404908265, 12.53840500497668 ], [ 107.285101181288397, 12.539026197015225 ], [ 107.284869847556124, 12.539653994190489 ], [ 107.284869846330125, 12.539654063781795 ], [ 107.284853497761262, 12.54073276052007 ], [ 107.284853513138771, 12.540732835391934 ], [ 107.285045413183099, 12.541175068218735 ], [ 107.285214432986066, 12.541564507500807 ], [ 107.285318005267314, 12.541891765372791 ], [ 107.285447954369971, 12.542302366053171 ], [ 107.285398855505079, 12.543253858230811 ], [ 107.285148751741815, 12.543660036390953 ], [ 107.284944361426511, 12.543991973771963 ], [ 107.284780481130838, 12.544117941245361 ], [ 107.284519498105155, 12.544318614728242 ], [ 107.28400716049272, 12.545022131295289 ], [ 107.283996640387699, 12.545721410163814 ], [ 107.283996646241036, 12.545721448067217 ], [ 107.284069090604675, 12.546153253103938 ], [ 107.284114354161176, 12.546423028659513 ], [ 107.284170775470884, 12.546778614467199 ], [ 107.284231260745869, 12.547159624999257 ], [ 107.284436364186092, 12.548252423598617 ], [ 107.284402460778182, 12.54897449065351 ], [ 107.283889083347532, 12.549758252079952 ], [ 107.283889044043633, 12.549758280427628 ], [ 107.283118057411443, 12.55059620998583 ], [ 107.282623009277913, 12.55170057032055 ], [ 107.28168904091406, 12.552512753116805 ], [ 107.281689012655093, 12.552512782273965 ], [ 107.282164111987171, 12.553518490525862 ], [ 107.282164138179908, 12.553518540003632 ], [ 107.28336780582319, 12.554144243346267 ], [ 107.283798962568866, 12.554919901055262 ], [ 107.283539528044869, 12.555880052567128 ], [ 107.28283182263398, 12.556407888012618 ], [ 107.282831782425177, 12.556407918175333 ], [ 107.281584218623877, 12.557123342596288 ], [ 107.281584202353997, 12.557123375266061 ], [ 107.282106598829955, 12.558072221376152 ], [ 107.282364192662712, 12.558421199793118 ], [ 107.282483619120384, 12.55858299151067 ], [ 107.282183832123451, 12.559140180212852 ], [ 107.280806233789264, 12.559979837903992 ], [ 107.280202840546707, 12.560532834544491 ], [ 107.281365865115589, 12.561525834996436 ], [ 107.281366042624299, 12.561525935597871 ], [ 107.282802443663229, 12.562201605908315 ], [ 107.283262040093803, 12.562548615239859 ], [ 107.283701907239575, 12.562880691743718 ], [ 107.28373814065543, 12.563083116187428 ], [ 107.283798648550743, 12.563420943141974 ], [ 107.283521105515987, 12.564025353905789 ], [ 107.283521091989641, 12.564025384745046 ], [ 107.283290544089809, 12.56460673965605 ], [ 107.284292049610798, 12.565516573167953 ], [ 107.284427896725717, 12.565794414076116 ], [ 107.284629958888502, 12.566279528927753 ], [ 107.285036200514966, 12.566446626151457 ], [ 107.285263704816231, 12.566816320152494 ], [ 107.285385698768749, 12.567219646623878 ], [ 107.2853672372689, 12.567666951508219 ], [ 107.285367259095253, 12.567667131147553 ], [ 107.285366988193601, 12.567668537723836 ], [ 107.285303300951455, 12.568044920805733 ], [ 107.285164928327291, 12.568719312722909 ], [ 107.28515445337888, 12.569073458625928 ], [ 107.28514150790653, 12.56951130500466 ], [ 107.285240045126173, 12.570247749826057 ], [ 107.285246123635218, 12.570293172128288 ], [ 107.285246130417804, 12.570293210927188 ], [ 107.285398226808354, 12.571040844774584 ], [ 107.285527366733803, 12.571730981916431 ], [ 107.285537191119758, 12.572056914362937 ], [ 107.285550917999515, 12.572511304635395 ], [ 107.285706635718, 12.573019412036857 ], [ 107.286747066198529, 12.572862544728261 ], [ 107.287648790991994, 12.572624424388563 ], [ 107.288832935710147, 12.57298593666293 ], [ 107.289501324401911, 12.573535943118443 ], [ 107.2892007142175, 12.574128109429239 ], [ 107.289200696156257, 12.574128147536639 ], [ 107.288175166997831, 12.57485987531309 ], [ 107.288021458433874, 12.574969551000633 ], [ 107.288021436588849, 12.574969577392963 ], [ 107.287462466997923, 12.575672429874457 ], [ 107.287497824675071, 12.576418745618604 ], [ 107.288267818366833, 12.577210737402032 ], [ 107.288424264982496, 12.577672521965896 ], [ 107.287829468682887, 12.578420844441355 ], [ 107.2878294578843, 12.578420871642962 ], [ 107.287507113837719, 12.578898031176827 ], [ 107.287464167203964, 12.579539322042201 ], [ 107.287431957056725, 12.580020291549706 ], [ 107.287431940778717, 12.58002032331636 ], [ 107.287226702017122, 12.580476123000405 ], [ 107.28684308698061, 12.580401460606931 ], [ 107.286448829588736, 12.580224101696317 ], [ 107.285928741672521, 12.579929212480982 ], [ 107.285525899722188, 12.579906883232765 ], [ 107.285346014342437, 12.579896927478076 ], [ 107.285345972219119, 12.579896949525194 ], [ 107.285085175713618, 12.580180395850258 ], [ 107.284746471052301, 12.580175379381613 ], [ 107.284371384853642, 12.580023251331447 ], [ 107.284097283763359, 12.57991210338891 ], [ 107.28313159042898, 12.580529185552839 ], [ 107.282226913360276, 12.580170908586991 ], [ 107.282226888331337, 12.580170887112862 ], [ 107.28156038577292, 12.579506761414555 ], [ 107.281517904501854, 12.579165287288774 ], [ 107.281477425682965, 12.578839899059563 ], [ 107.281511871285147, 12.578785775216531 ], [ 107.28178822507796, 12.578351548705543 ], [ 107.282289655783146, 12.577579154493627 ], [ 107.281817165729407, 12.577204806878493 ], [ 107.280014427079976, 12.576856432606171 ], [ 107.279141907274877, 12.576693288824181 ], [ 107.277835452365892, 12.576673959450178 ], [ 107.276557959870672, 12.577078994509655 ], [ 107.276557925018281, 12.577079006553461 ], [ 107.275175738013658, 12.577470303915639 ], [ 107.274246494213543, 12.577685199656672 ], [ 107.273506118661288, 12.577856446142752 ], [ 107.273360774732453, 12.577890063681513 ], [ 107.271915224998267, 12.578602650645069 ], [ 107.271915195688592, 12.578602665352243 ], [ 107.271221084820795, 12.578982409223695 ], [ 107.270598716467191, 12.579282491467426 ], [ 107.270275411880903, 12.579231894584275 ], [ 107.26970226529771, 12.579142196518895 ], [ 107.268751227666172, 12.578806848140388 ], [ 107.268751193494793, 12.578806833067855 ], [ 107.267058526911171, 12.578092628972454 ], [ 107.265491009040176, 12.577621277616656 ], [ 107.264817928448366, 12.577305311306556 ], [ 107.264243598047173, 12.577029052292554 ], [ 107.26424041905625, 12.577027525790903 ], [ 107.263848975149187, 12.576951194856436 ], [ 107.263030295090928, 12.576791558337288 ], [ 107.262432357513148, 12.576845177925007 ], [ 107.261932413063306, 12.57689000892001 ], [ 107.261439761821521, 12.576903315617631 ], [ 107.261139114170589, 12.576911434988777 ], [ 107.260463787656107, 12.576809809954534 ], [ 107.260463758179696, 12.576809805685098 ], [ 107.258951523787758, 12.576534539958292 ], [ 107.258951489719777, 12.576534536631089 ], [ 107.256983017599453, 12.576365838105072 ], [ 107.256449736761581, 12.576418308309746 ], [ 107.257160564457337, 12.573427102076064 ], [ 107.257635923505134, 12.571107299543842 ], [ 107.258586640368364, 12.569158649325116 ], [ 107.259436231553266, 12.566505099853712 ], [ 107.25918200009599, 12.566540000356166 ], [ 107.244367495636155, 12.571544683551139 ], [ 107.230857017963572, 12.566978490142773 ], [ 107.230528610445887, 12.566409232985482 ], [ 107.230371918859106, 12.566245295468185 ], [ 107.230072461039882, 12.566031702463011 ], [ 107.229518999914291, 12.565869999830509 ], [ 107.224478034876469, 12.577703321919849 ], [ 107.214477488294392, 12.593147891390245 ], [ 107.206882846412029, 12.604875581020064 ], [ 107.206696031063018, 12.605197443416658 ], [ 107.206603716060755, 12.60542277140801 ], [ 107.206569410398075, 12.605848917693203 ], [ 107.206401735855138, 12.606146260323534 ], [ 107.206084845814686, 12.60661314614314 ], [ 107.205976002846413, 12.607132536045469 ], [ 107.206019248315968, 12.607817853236044 ], [ 107.205893015008044, 12.608522642863189 ], [ 107.205802518989714, 12.608968456633294 ], [ 107.205559678109481, 12.609285623252083 ], [ 107.205507762180332, 12.609804543122662 ], [ 107.205945301942762, 12.610264069873491 ], [ 107.206118428961815, 12.610670429961043 ], [ 107.206424288070792, 12.611131043236407 ], [ 107.206616392837105, 12.611537245970505 ], [ 107.206810084384102, 12.612128690374892 ], [ 107.20700202619841, 12.612515690582576 ], [ 107.207023126794496, 12.612830677139836 ], [ 107.206819155946988, 12.613254836768494 ], [ 107.206822649742023, 12.613662596824481 ], [ 107.206561613380359, 12.61407141260306 ], [ 107.206356722698942, 12.614388266820463 ], [ 107.206246137910313, 12.614704341687036 ], [ 107.206230499890196, 12.615094186197929 ], [ 107.20629018237247, 12.615482279562253 ], [ 107.206293201760445, 12.615834692753744 ], [ 107.206145073964379, 12.616131874566349 ], [ 107.206109985283703, 12.616466528948207 ], [ 107.206302723203052, 12.616946149692051 ], [ 107.206136475665701, 12.61741066353383 ], [ 107.205745500060431, 12.61802501333309 ], [ 107.205521629205492, 12.618342023424743 ], [ 107.205240764024538, 12.618584950949048 ], [ 107.20490233822386, 12.618754929100838 ], [ 107.204453324721939, 12.619240980696187 ], [ 107.204155695384856, 12.619742726673211 ], [ 107.203591168568238, 12.61996992073863 ], [ 107.203166935988961, 12.620059273585088 ], [ 107.202729906577915, 12.619728515005322 ], [ 107.202594575983326, 12.619303768270854 ], [ 107.202270998784513, 12.618991275745294 ], [ 107.201481112483293, 12.619294879168788 ], [ 107.201257543083955, 12.619648032671591 ], [ 107.200827014450553, 12.620077446344563 ], [ 107.200149453534038, 12.620268289455835 ], [ 107.199656872116876, 12.620031741168116 ], [ 107.19931638503887, 12.619961121401236 ], [ 107.198960332965996, 12.620222736885976 ], [ 107.19854973118133, 12.620763816153923 ], [ 107.19824962121811, 12.621044172639408 ], [ 107.197892621283728, 12.621195092638226 ], [ 107.197552913837939, 12.621215963186851 ], [ 107.196835020486759, 12.621129244498846 ], [ 107.196231840053329, 12.621208762939874 ], [ 107.195838936614905, 12.621600584140159 ], [ 107.19550160696366, 12.621900448779833 ], [ 107.195201277972444, 12.622088175776867 ], [ 107.194673685933665, 12.622129792819795 ], [ 107.194128591451246, 12.622412160348933 ], [ 107.193510366453808, 12.622953810582363 ], [ 107.192975204160277, 12.623929680942631 ], [ 107.192809032204863, 12.624338838834852 ], [ 107.192171668605653, 12.624862570459017 ], [ 107.191497239997844, 12.625423882845185 ], [ 107.191066367854987, 12.625816010936219 ], [ 107.190805304403284, 12.626225947562828 ], [ 107.190714462993768, 12.626634486180755 ], [ 107.190680451245285, 12.627097909444451 ], [ 107.190684076407962, 12.627523746168716 ], [ 107.190858937516964, 12.628134563616822 ], [ 107.190900261951015, 12.628597368024666 ], [ 107.190848472661983, 12.629134363419686 ], [ 107.190721570765447, 12.629765733309645 ], [ 107.190466364610842, 12.630323601321306 ], [ 107.1900741233666, 12.630863392055419 ], [ 107.189493519029966, 12.631368580366406 ], [ 107.189422529628686, 12.631427038625937 ], [ 107.188420690893338, 12.630906795016408 ], [ 107.187471143304876, 12.63036217732985 ], [ 107.186466418158815, 12.630163693112118 ], [ 107.185310509832291, 12.63010422877867 ], [ 107.183837597649301, 12.629760489636045 ], [ 107.183824291590739, 12.629761690260315 ], [ 107.183149071409332, 12.629822597087554 ], [ 107.182515003206149, 12.630468692463054 ], [ 107.18250083125605, 12.6304831320864 ], [ 107.181596035434524, 12.631214614277972 ], [ 107.180948008799604, 12.631910110836991 ], [ 107.180242877546817, 12.632789035643587 ], [ 107.179140620982452, 12.633636239341778 ], [ 107.178269499880258, 12.634207063488086 ], [ 107.177294398230003, 12.634927812942699 ], [ 107.176142451813107, 12.635339284918679 ], [ 107.17508046485095, 12.635370540714389 ], [ 107.173626862270552, 12.634531821062208 ], [ 107.172957211593243, 12.633893431803276 ], [ 107.172496267278959, 12.633115461574818 ], [ 107.172118193607574, 12.632544716051722 ], [ 107.171444858881927, 12.631469135074477 ], [ 107.171344453614736, 12.630550439185866 ], [ 107.170984088384543, 12.629209112026391 ], [ 107.170564846806386, 12.627786947287682 ], [ 107.170103321854711, 12.626928741623997 ], [ 107.169253880399594, 12.625706677469813 ], [ 107.168382468092531, 12.62466766213981 ], [ 107.167396332242831, 12.623871448671672 ], [ 107.165981010986016, 12.623468312867891 ], [ 107.164673598366335, 12.623445040903679 ], [ 107.164092371526195, 12.623679070273438 ], [ 107.163314581619062, 12.624260383321751 ], [ 107.162675936083531, 12.624713980336374 ], [ 107.162258590997396, 12.625073262531387 ], [ 107.161528117324877, 12.625687979675593 ], [ 107.160936924663872, 12.626163866758944 ], [ 107.160053995143471, 12.626768611514477 ], [ 107.159053289049794, 12.627109935144558 ], [ 107.158179383209443, 12.627289851164821 ], [ 107.157351360863316, 12.627376692276421 ], [ 107.156497754805557, 12.62715427890544 ], [ 107.155327259409177, 12.626657671339661 ], [ 107.154329849649869, 12.62595293170528 ], [ 107.153438908640425, 12.625466526195979 ], [ 107.151916746516292, 12.624799893070946 ], [ 107.150956236916841, 12.624313948619777 ], [ 107.149630894642868, 12.623381339945768 ], [ 107.148432287270069, 12.622277207223108 ], [ 107.146824156075468, 12.621024927646594 ], [ 107.145979330576154, 12.620469180064962 ], [ 107.14401458726131, 12.61989866558992 ], [ 107.142950490511623, 12.619607869902177 ], [ 107.141651277802097, 12.619055754272082 ], [ 107.140387426653362, 12.618594788411455 ], [ 107.138553089833039, 12.61835649901704 ], [ 107.137256592584933, 12.618194034812621 ], [ 107.136007543904981, 12.618135092937431 ], [ 107.134385467549862, 12.618101715827317 ], [ 107.13363957160206, 12.618245560556721 ], [ 107.132651107078544, 12.618748239700533 ], [ 107.13168710464447, 12.619364749155642 ], [ 107.130719038724436, 12.619417746698758 ], [ 107.12960854172421, 12.619139642970195 ], [ 107.129183039146866, 12.618453902418471 ], [ 107.128469237361614, 12.616643107477302 ], [ 107.127705466793259, 12.614339098626916 ], [ 107.12777356467646, 12.612488184339636 ], [ 107.128028859692705, 12.61073968399123 ], [ 107.128921580611461, 12.609928233603927 ], [ 107.130735806798612, 12.609063169930684 ], [ 107.131642953408829, 12.608676351693941 ], [ 107.131883029739228, 12.608007981205928 ], [ 107.13117218530509, 12.606542863376013 ], [ 107.130751025815826, 12.604856230968753 ], [ 107.130473271081755, 12.603536739658381 ], [ 107.130304364943598, 12.602791395928424 ], [ 107.130567524202078, 12.600536759340446 ], [ 107.130478807097163, 12.599606633977308 ], [ 107.131006694294058, 12.598418509671662 ], [ 107.131652967957194, 12.59743626310488 ], [ 107.131271902438471, 12.596347999153254 ], [ 107.130003675017065, 12.595277013071632 ], [ 107.128993785767904, 12.5944344573489 ], [ 107.127954319606346, 12.592718852810064 ], [ 107.12733548617301, 12.591103894590995 ], [ 107.126512076111155, 12.590202194998543 ], [ 107.125804878939235, 12.589241922940547 ], [ 107.125633535030545, 12.588197246185041 ], [ 107.125066321341308, 12.587190680885097 ], [ 107.124386104226872, 12.586713767402026 ], [ 107.122723872754591, 12.586036738417311 ], [ 107.120386820707949, 12.585537804158951 ], [ 107.119380835099946, 12.585236307543472 ], [ 107.117908019922709, 12.584868386442499 ], [ 107.116575041796068, 12.584510643684194 ], [ 107.115827679630812, 12.584401350720084 ], [ 107.115030989847, 12.583947829934463 ], [ 107.114221062166038, 12.583276472372766 ], [ 107.113595127903821, 12.582327985577642 ], [ 107.112943577608746, 12.580918793123507 ], [ 107.112315735843723, 12.579670876701478 ], [ 107.111774573156524, 12.579030097659652 ], [ 107.111366941181814, 12.57854755926194 ], [ 107.110836983928962, 12.577674467411322 ], [ 107.110507796289568, 12.577132134336297 ], [ 107.109640730693386, 12.576083791652131 ], [ 107.108089108648798, 12.575422227958059 ], [ 107.104813476813106, 12.574252855792897 ], [ 107.102649708455317, 12.573488091165054 ], [ 107.101024716691754, 12.573064784272825 ], [ 107.098202649925867, 12.572380230428903 ], [ 107.096450809202068, 12.572198506833953 ], [ 107.094192273960147, 12.572140003210569 ], [ 107.091861580944169, 12.572549099188421 ], [ 107.089622428102459, 12.572693077889777 ], [ 107.086928522503868, 12.572920819053431 ], [ 107.08457074844128, 12.572835177738076 ], [ 107.082376569009611, 12.572772099093974 ], [ 107.080893836695196, 12.572668326924424 ], [ 107.078357636891496, 12.572056510358395 ], [ 107.076440481349408, 12.571553993094783 ], [ 107.074670567825706, 12.570406428970841 ], [ 107.072738300468146, 12.569455462208523 ], [ 107.07106713741112, 12.569077498258022 ], [ 107.069069420401917, 12.56871451533563 ], [ 107.068414964404028, 12.568558008201006 ], [ 107.067710173345816, 12.567931935636459 ], [ 107.066908894694521, 12.566823099705259 ], [ 107.066635898955099, 12.566192607609075 ], [ 107.065618928551515, 12.565936061074501 ], [ 107.063498659929976, 12.566412229173956 ], [ 107.06197352192693, 12.566895007558733 ], [ 107.060633846411761, 12.567203585691955 ], [ 107.058714784674891, 12.568046383113451 ], [ 107.057105374912339, 12.568857966360616 ], [ 107.05585388400165, 12.569401411766936 ], [ 107.054257222166456, 12.569642989562313 ], [ 107.052991101328629, 12.569520952193946 ], [ 107.051300725212684, 12.569034124747024 ], [ 107.049945161588809, 12.568711257131463 ], [ 107.049103330689078, 12.568498486445586 ], [ 107.048071431951925, 12.56773705804042 ], [ 107.047406342436375, 12.566897644435835 ], [ 107.046889026007392, 12.565538620063565 ], [ 107.046879524833329, 12.564194328304563 ], [ 107.046870836758785, 12.562952859992818 ], [ 107.045799919762999, 12.561685616015462 ], [ 107.045508613209222, 12.560843250897857 ], [ 107.045352135190043, 12.559378727008786 ], [ 107.045184092761801, 12.557103677104015 ], [ 107.045502124194513, 12.554936062447378 ], [ 107.04618486593337, 12.553349928724925 ], [ 107.046377495038953, 12.552555375415341 ], [ 107.045935408764819, 12.551110468790499 ], [ 107.045296416694356, 12.549851124951127 ], [ 107.044798880593163, 12.54880882553425 ], [ 107.044469912016709, 12.547564644993194 ], [ 107.044375192801965, 12.546559394959045 ], [ 107.044484118838355, 12.545501179364566 ], [ 107.04359824075334, 12.546329745457411 ], [ 107.042203805808342, 12.54712206041984 ], [ 107.039020162007361, 12.549019334749808 ], [ 107.03695008607734, 12.55003488883113 ], [ 107.034404052878159, 12.55128445654257 ], [ 107.032297775344318, 12.552081040700578 ], [ 107.029342619142895, 12.553298696560077 ], [ 107.026885788097786, 12.554052714502994 ], [ 107.02347365731886, 12.555009370569712 ], [ 107.020035896676887, 12.555621635253637 ], [ 107.017576672049898, 12.556008367167257 ], [ 107.013649495665945, 12.556692006366712 ], [ 107.010317624234901, 12.557476218254196 ], [ 107.007209301552251, 12.558475584975186 ], [ 107.004033355692016, 12.559798467041896 ], [ 107.001497766268741, 12.561024004874339 ], [ 106.999290496320356, 12.562396170634539 ], [ 106.996871529888253, 12.56362080136239 ], [ 106.995972462172574, 12.564254428073399 ], [ 106.993200703982382, 12.566034129522889 ], [ 106.990615609931226, 12.567862030610016 ], [ 106.986927474555756, 12.570290146900257 ], [ 106.976729641966074, 12.57858904015634 ], [ 106.9678390005636, 12.585623964677183 ], [ 106.953538133542978, 12.595397918045228 ], [ 106.95593215275143, 12.595726001981729 ], [ 106.958220467397453, 12.598256346350455 ], [ 106.960191136057077, 12.601638025220893 ], [ 106.961285995093348, 12.605503488905446 ], [ 106.960656256242743, 12.605887712527961 ], [ 106.960187333971334, 12.606242511783929 ], [ 106.959436920972038, 12.606868259585157 ], [ 106.958732754021284, 12.607449605610709 ], [ 106.958388419926536, 12.607549290285181 ], [ 106.957965544151065, 12.607379533737303 ], [ 106.957455465069827, 12.607314355333791 ], [ 106.956753115707301, 12.6073025528363 ], [ 106.956366369558154, 12.607270361249356 ], [ 106.956032542998358, 12.607238912327158 ], [ 106.955418262980047, 12.607312324277103 ], [ 106.954993683505606, 12.606917751034254 ], [ 106.954711276351446, 12.606765037373929 ], [ 106.95434131440291, 12.606594888329072 ], [ 106.954058770871654, 12.606424098474774 ], [ 106.953828360158212, 12.606150118447143 ], [ 106.953579067187206, 12.605737312981157 ], [ 106.953576062709217, 12.605340783932437 ], [ 106.953661700783684, 12.605029469697516 ], [ 106.953727815714842, 12.604494602759003 ], [ 106.953899166726359, 12.603957836626519 ], [ 106.954054446447174, 12.603577096903329 ], [ 106.954155899289688, 12.603075864835962 ], [ 106.953698216725911, 12.602941378491076 ], [ 106.953351452205979, 12.602871606690002 ], [ 106.953016843886161, 12.602736219502074 ], [ 106.952684919877285, 12.603031255877864 ], [ 106.950768956412332, 12.605952131161219 ], [ 106.948717184500126, 12.606126296998612 ], [ 106.945724328666401, 12.603615271984918 ], [ 106.945579640523505, 12.603368277216381 ], [ 106.945493016474572, 12.603220403214545 ], [ 106.945088702624133, 12.603222215511758 ], [ 106.94463414867792, 12.603502319704955 ], [ 106.944593300668259, 12.603542982643853 ], [ 106.944215706676829, 12.603918863110886 ], [ 106.943868404066436, 12.604387989173015 ], [ 106.943660716827694, 12.604838022958992 ], [ 106.94346968311541, 12.605132025744258 ], [ 106.943525199716987, 12.605477334983423 ], [ 106.94342268704375, 12.605840740350164 ], [ 106.943025178924017, 12.606059419522499 ], [ 106.942202603727608, 12.606426929314608 ], [ 106.941676182961572, 12.606482724484795 ], [ 106.94128762419416, 12.606209881016264 ], [ 106.941196507864944, 12.605795911932384 ], [ 106.940669696578851, 12.605799738700279 ], [ 106.940283087255068, 12.605785598727765 ], [ 106.939631771375829, 12.605600522988784 ], [ 106.939278425672114, 12.605344367237661 ], [ 106.939029028381867, 12.604914598795379 ], [ 106.938764195826806, 12.604726716675833 ], [ 106.938307805453618, 12.604763921075289 ], [ 106.937884560752323, 12.6045432925443 ], [ 106.934509947040524, 12.606441798456459 ], [ 106.933116805910089, 12.607990770320066 ], [ 106.932416449484847, 12.608261162789008 ], [ 106.930902110371292, 12.60805985222153 ], [ 106.929983656087728, 12.608066488919373 ], [ 106.92851619795367, 12.606909649644308 ], [ 106.926614955527754, 12.605543668707533 ], [ 106.926409274890162, 12.60294326238267 ], [ 106.926405884695455, 12.602900400830539 ], [ 106.926390094242123, 12.602700757531279 ], [ 106.926251892714049, 12.602747717183755 ], [ 106.926252523654838, 12.602749025906279 ], [ 106.925065175140475, 12.603150952127155 ], [ 106.925061684282483, 12.603152134179881 ], [ 106.922390252325712, 12.604060255736981 ], [ 106.911883383726646, 12.608637827763383 ], [ 106.904068066129341, 12.611326639747809 ], [ 106.903649476112761, 12.611962275262567 ], [ 106.903056445012595, 12.612662500264227 ], [ 106.902407967764546, 12.613335919956146 ], [ 106.901466267160473, 12.61417417464625 ], [ 106.90069479030781, 12.614387600086028 ], [ 106.900282335308518, 12.614447375669629 ], [ 106.899860738280381, 12.615078510139982 ], [ 106.899275808431284, 12.615778581836169 ], [ 106.898620509379597, 12.616455475917675 ], [ 106.897683936456488, 12.617292600116189 ], [ 106.896911788839503, 12.61749915269275 ], [ 106.89575433692913, 12.617475745901798 ], [ 106.895086988869053, 12.617692844646589 ], [ 106.894466615705426, 12.618508467308358 ], [ 106.894149935099264, 12.619632612920348 ], [ 106.89457017017088, 12.620700743280697 ], [ 106.895061562381784, 12.621032784637915 ], [ 106.895353039942393, 12.621722107365516 ], [ 106.895691762972575, 12.622571585512063 ], [ 106.895866533864265, 12.623179321615735 ], [ 106.895652424245583, 12.623515379870375 ], [ 106.895632240968013, 12.623547060271379 ], [ 106.894953437568986, 12.624086217784368 ], [ 106.893958838742492, 12.624705691790297 ], [ 106.893338953850829, 12.625198159835506 ], [ 106.892952467993112, 12.625830213456549 ], [ 106.892636292041104, 12.626322785061351 ], [ 106.891911021865084, 12.626644210954979 ], [ 106.890905442964723, 12.626391536730216 ], [ 106.890320320018901, 12.626379869369659 ], [ 106.889583435626179, 12.62691834161417 ], [ 106.88906792524881, 12.627457505262845 ], [ 106.888424144342551, 12.628294700663236 ], [ 106.888435129181744, 12.629408662270547 ], [ 106.88846949453324, 12.630326905802672 ], [ 106.888316470368665, 12.631026251244426 ], [ 106.887965820941105, 12.631290796854859 ], [ 106.887415969838486, 12.631381712285167 ], [ 106.886819677852856, 12.631255984055592 ], [ 106.885884073981188, 12.631140606012657 ], [ 106.885474495306326, 12.631369509864907 ], [ 106.885579273791564, 12.631852321325111 ], [ 106.885765765671906, 12.632414710186186 ], [ 106.885847231512798, 12.633092064800058 ], [ 106.886115657124449, 12.6339295825295 ], [ 106.886021653435833, 12.634285026952751 ], [ 106.88543631962439, 12.634640512406795 ], [ 106.884758080055605, 12.634870139659451 ], [ 106.884161146777359, 12.635673111242351 ], [ 106.88418844901085, 12.635877598192691 ], [ 106.884300549137649, 12.636717216975608 ], [ 106.884615663596236, 12.637566876595233 ], [ 106.884830468037975, 12.63805686311396 ], [ 106.884837413819454, 12.638072627781019 ], [ 106.884754975145029, 12.638370336371738 ], [ 106.884415737144664, 12.638702664001434 ], [ 106.883971237873922, 12.639035644935419 ], [ 106.883140745293048, 12.639058502394315 ], [ 106.882122812436108, 12.63901147178335 ], [ 106.881000123359414, 12.639034036527921 ], [ 106.879889280634302, 12.63895376476758 ], [ 106.878872016389849, 12.638448014636186 ], [ 106.87821728774253, 12.63780523953616 ], [ 106.877574760597383, 12.636702497912049 ], [ 106.877037548690225, 12.635761764230811 ], [ 106.876395296038098, 12.634705465438882 ], [ 106.875752181090391, 12.634383403048929 ], [ 106.874757860001836, 12.634658154331227 ], [ 106.87395079302226, 12.634967823580716 ], [ 106.873225812618657, 12.634784230645794 ], [ 106.871939545383668, 12.634071319846823 ], [ 106.871179831763271, 12.633463147845976 ], [ 106.870419654976772, 12.633187166907536 ], [ 106.870103703732667, 12.633405180828092 ], [ 106.869682538266758, 12.633703002627879 ], [ 106.868956998954715, 12.633760052602597 ], [ 106.868255559079685, 12.633885877268437 ], [ 106.868149750666447, 12.63444807241377 ], [ 106.868102026268986, 12.635160231135515 ], [ 106.867692015953693, 12.635813840680044 ], [ 106.86716886459979, 12.635937151574549 ], [ 106.866768072138299, 12.636031590560062 ], [ 106.865820870720754, 12.636145575268193 ], [ 106.864849674003295, 12.636121828872245 ], [ 106.864171488069644, 12.635881403982642 ], [ 106.863505589381134, 12.635283848927859 ], [ 106.862711268943855, 12.633940479852695 ], [ 106.862021967732872, 12.633285427805557 ], [ 106.861278871881268, 12.63278907402024 ], [ 106.861215041025616, 12.632746504710148 ], [ 106.86039689506687, 12.632240369573848 ], [ 106.858971231242961, 12.630862892289194 ], [ 106.857896199931474, 12.629989113640482 ], [ 106.857522644614406, 12.628841601188988 ], [ 106.85766365186511, 12.628221416973673 ], [ 106.857652556286979, 12.627315374609426 ], [ 106.857735195727145, 12.626809821820405 ], [ 106.857606787583293, 12.626557594979367 ], [ 106.856928767806124, 12.626178160582972 ], [ 106.855958499035921, 12.625799672608979 ], [ 106.854273997549058, 12.62552329009165 ], [ 106.852063956219851, 12.625521650754305 ], [ 106.850449211633403, 12.626059341126648 ], [ 106.849594830728336, 12.626598619961463 ], [ 106.848074061764549, 12.626781943015599 ], [ 106.847423001233167, 12.627069486126224 ], [ 106.847114793826506, 12.627205546523054 ], [ 106.846705121892754, 12.627595882359072 ], [ 106.846482745064051, 12.627710382733131 ], [ 106.846248545458863, 12.627858943041366 ], [ 106.845815639814077, 12.627962518637375 ], [ 106.845201035324749, 12.628138381067984 ], [ 106.845055014249695, 12.62818014655484 ], [ 106.844294367189335, 12.628638424558146 ], [ 106.843908371838424, 12.629039981086866 ], [ 106.843720644430618, 12.629648013754347 ], [ 106.843579386966127, 12.630566412719981 ], [ 106.843332750085537, 12.63115108611648 ], [ 106.842946388417872, 12.631576320407628 ], [ 106.84227954326218, 12.631644185954968 ], [ 106.841543275458179, 12.631322768009877 ], [ 106.84066658744581, 12.630839562972298 ], [ 106.83970808471426, 12.630334417918476 ], [ 106.838714061344362, 12.62969043480401 ], [ 106.837790765047984, 12.629438071243197 ], [ 106.837240838760223, 12.629437341982227 ], [ 106.836246833246619, 12.629517656166353 ], [ 106.835498123754476, 12.629631252511352 ], [ 106.834421768128834, 12.629860061245209 ], [ 106.833333876038012, 12.63008903555807 ], [ 106.832234074173712, 12.630340589484728 ], [ 106.831297996386169, 12.630478143487631 ], [ 106.83058446851166, 12.630684113496343 ], [ 106.829519577626556, 12.631395307324359 ], [ 106.828992494154107, 12.631854293230692 ], [ 106.828645423651409, 12.632088109273131 ], [ 106.827716977717529, 12.632713774909291 ], [ 106.827025923191542, 12.633264252097597 ], [ 106.826102368485124, 12.633927835281835 ], [ 106.825797158271953, 12.634147083036757 ], [ 106.825281801530423, 12.634720119234697 ], [ 106.824310080136186, 12.635752644529276 ], [ 106.824290461208207, 12.635779437788111 ], [ 106.823923191831241, 12.636280700406644 ], [ 106.823595531850316, 12.636716805847971 ], [ 106.823138428472291, 12.637232870394403 ], [ 106.822471069474631, 12.638035035353083 ], [ 106.82121826532638, 12.639033325895346 ], [ 106.820188202507595, 12.639709278929411 ], [ 106.819228638578579, 12.640363238694221 ], [ 106.818736780167669, 12.640764312455481 ], [ 106.818011471285985, 12.641188396462203 ], [ 106.817507629609608, 12.641601931503585 ], [ 106.816711858362581, 12.642312422720856 ], [ 106.816102535264648, 12.642943652661836 ], [ 106.815236095964082, 12.643826324603321 ], [ 106.814650499184609, 12.64457261206211 ], [ 106.814100151249775, 12.645248622124358 ], [ 106.812929631392947, 12.646085914746275 ], [ 106.812238707675007, 12.646578703955514 ], [ 106.811817491454221, 12.646635791174582 ], [ 106.810940380394285, 12.646589791501309 ], [ 106.809840814386476, 12.646393840689106 ], [ 106.808473359554824, 12.645577233600825 ], [ 106.808040907692657, 12.645267217059736 ], [ 106.80746803153157, 12.645117383678008 ], [ 106.806836250665967, 12.64493415120827 ], [ 106.806205084641007, 12.644600626356679 ], [ 106.805679237037367, 12.644014342527907 ], [ 106.805563451128137, 12.643176851975003 ], [ 106.805575789993668, 12.642556466542498 ], [ 106.805050209656201, 12.641856131718601 ], [ 106.804969055194647, 12.641431850479567 ], [ 106.804957498555709, 12.641018393721726 ], [ 106.804805774234254, 12.640628478825546 ], [ 106.804303115118927, 12.640489548704084 ], [ 106.80374196693802, 12.640202987192797 ], [ 106.803169447276701, 12.639777510286875 ], [ 106.802655481226978, 12.639248795028868 ], [ 106.802199363372964, 12.638927629824954 ], [ 106.801170249509056, 12.638685976223412 ], [ 106.800655683688845, 12.638558415723219 ], [ 106.800210995843599, 12.638730864283396 ], [ 106.799742693408248, 12.63929215531487 ], [ 106.799086842177601, 12.640026506091562 ], [ 106.798220631430425, 12.640461703307789 ], [ 106.797799271285641, 12.64092100812622 ], [ 106.7971548763215, 12.641482399759822 ], [ 106.796675067953984, 12.641724032622387 ], [ 106.795622750146705, 12.641367292074687 ], [ 106.794909933924714, 12.641033112388671 ], [ 106.794488661173361, 12.640929763502884 ], [ 106.793775033713317, 12.641055483899306 ], [ 106.793131607159197, 12.641180639773406 ], [ 106.792862657378791, 12.641054844721918 ], [ 106.792231218662877, 12.64116862187384 ], [ 106.791973864054739, 12.641214453352887 ], [ 106.790616816088544, 12.641052953434768 ], [ 106.789892033444076, 12.640983266005144 ], [ 106.78955259935546, 12.640730156206502 ], [ 106.789155296881631, 12.640352090321459 ], [ 106.788805041510656, 12.640190598505294 ], [ 106.788407347631889, 12.640006831610146 ], [ 106.78822019078838, 12.639811529823424 ], [ 106.787647411406454, 12.639672946911407 ], [ 106.787004056820678, 12.639557519121173 ], [ 106.786185908943324, 12.639212724093914 ], [ 106.785227221359577, 12.638925439725144 ], [ 106.78447861945213, 12.638649126910295 ], [ 106.783847673541004, 12.638418294083573 ], [ 106.783181013170463, 12.638257826528587 ], [ 106.782431974054816, 12.638257142343702 ], [ 106.781777217252994, 12.63832477977919 ], [ 106.781110428421385, 12.638485217071114 ], [ 106.780572087534949, 12.638496675622635 ], [ 106.7801275828364, 12.63835839384177 ], [ 106.7797419815426, 12.638001741762599 ], [ 106.779157810584223, 12.637795436604462 ], [ 106.778409269051295, 12.637702106837192 ], [ 106.777777674500584, 12.637541391147579 ], [ 106.777251720036148, 12.637346080581464 ], [ 106.776690592410574, 12.637058282039863 ], [ 106.77611785262134, 12.636759262555589 ], [ 106.775416215930278, 12.636379765192549 ], [ 106.774761519838165, 12.636115268513489 ], [ 106.774060096621142, 12.635931239906427 ], [ 106.773474997992693, 12.635919317768323 ], [ 106.772855124452946, 12.635872560476997 ], [ 106.7726683003376, 12.635723514384347 ], [ 106.772410901432508, 12.635608917706579 ], [ 106.77177997024701, 12.635378052906722 ], [ 106.77093795001079, 12.635067345710162 ], [ 106.770166086731223, 12.634837413627857 ], [ 106.76940595871757, 12.634801791278377 ], [ 106.768528841150058, 12.634916056219634 ], [ 106.768037067896572, 12.635087680628027 ], [ 106.767604069571931, 12.635374139861657 ], [ 106.767264196469682, 12.63563856233154 ], [ 106.766679081809031, 12.63587858162186 ], [ 106.765918786436202, 12.636073400599873 ], [ 106.765111680188511, 12.63607196677401 ], [ 106.764573716119543, 12.636060796791924 ], [ 106.763989099016911, 12.635876058926302 ], [ 106.763661740197506, 12.635531285281811 ], [ 106.763194037916108, 12.635450784350814 ], [ 106.762890111102394, 12.635335309592229 ], [ 106.76276219022219, 12.634887547136227 ], [ 106.76244620607001, 12.63478462358073 ], [ 106.76235114128346, 12.634712140277578 ], [ 106.761978969602467, 12.634428391080045 ], [ 106.761630815564942, 12.634437565605982 ], [ 106.761580959262218, 12.63443888294843 ], [ 106.761089091516894, 12.634852332558328 ], [ 106.760983883903393, 12.63511628244235 ], [ 106.761111801351689, 12.635563955752575 ], [ 106.761115580370074, 12.635652208236264 ], [ 106.761134389287704, 12.636091490748264 ], [ 106.761028637966049, 12.636608576423786 ], [ 106.760700348835911, 12.637147376723355 ], [ 106.760009542077739, 12.637582472332454 ], [ 106.759108285261149, 12.638109236709171 ], [ 106.75917833956224, 12.638430862332058 ], [ 106.759423067228468, 12.638878850319932 ], [ 106.75918858806881, 12.639418293898812 ], [ 106.758790379402882, 12.639911283056792 ], [ 106.758286680503076, 12.640450153214934 ], [ 106.757841499422753, 12.640967219500109 ], [ 106.758039953344564, 12.641218953479479 ], [ 106.758215010225371, 12.641667491474362 ], [ 106.758248644090003, 12.642379133825644 ], [ 106.758245852316733, 12.642448016526055 ], [ 106.758225020666174, 12.642953245465547 ], [ 106.758165583382578, 12.643606669128275 ], [ 106.758047340444207, 12.644318138403616 ], [ 106.757847903672257, 12.645099097129592 ], [ 106.757577878084462, 12.645913236660251 ], [ 106.757061902098485, 12.646590096451838 ], [ 106.756699161548596, 12.646888458240221 ], [ 106.756681496871877, 12.64690249220962 ], [ 106.756266068501432, 12.647232560260834 ], [ 106.755786031639701, 12.647449274933646 ], [ 106.755469913358283, 12.64749545999959 ], [ 106.754931718526123, 12.647621009437742 ], [ 106.75442893015105, 12.647540725815489 ], [ 106.754042513315582, 12.647573726769322 ], [ 106.753329406342871, 12.64752763138063 ], [ 106.752311021701615, 12.647848377028495 ], [ 106.751620701000178, 12.648272156545948 ], [ 106.75080162874572, 12.648214280070679 ], [ 106.74984236672735, 12.648178741058267 ], [ 106.74907051847552, 12.648200800095864 ], [ 106.748813266417983, 12.648220021385916 ], [ 106.747865279110684, 12.648291130703511 ], [ 106.746590083975249, 12.648497231404365 ], [ 106.745923992854799, 12.648255331275289 ], [ 106.745746762792862, 12.649775033567119 ], [ 106.745408897216777, 12.650005436360823 ], [ 106.745408879961559, 12.650005470822597 ], [ 106.745258676791323, 12.650338638015659 ], [ 106.745120069702395, 12.650684131785727 ], [ 106.744900993717735, 12.651293479159357 ], [ 106.744900980095096, 12.651293506366018 ], [ 106.744553068309656, 12.651822292984969 ], [ 106.743948406008712, 12.652501888626345 ], [ 106.743760970561539, 12.652612301680511 ], [ 106.743692281095775, 12.652652767757484 ], [ 106.743449482144698, 12.653238441737116 ], [ 106.743449466766791, 12.653238481610027 ], [ 106.743161173764079, 12.654077612669548 ], [ 106.742848820036329, 12.654676234729926 ], [ 106.742652942378925, 12.655227797524466 ], [ 106.74234365127495, 12.656617319234851 ], [ 106.742275333322809, 12.656996972165954 ], [ 106.742184487264154, 12.65750193851726 ], [ 106.742096107869159, 12.657896895849971 ], [ 106.742001923418101, 12.658317754881312 ], [ 106.741515103287455, 12.659238407759961 ], [ 106.741102343404847, 12.659818372729001 ], [ 106.740968445989722, 12.660006509102693 ], [ 106.740738904334336, 12.660260104333021 ], [ 106.74063720549249, 12.660372463580908 ], [ 106.740540217393516, 12.660367627392684 ], [ 106.739462691298584, 12.660313898215961 ], [ 106.738713089661147, 12.659973026786032 ], [ 106.738162597180605, 12.659734872752376 ], [ 106.737153199318612, 12.659016037921365 ], [ 106.7366602960835, 12.65861591753761 ], [ 106.736605073752187, 12.658576910427081 ], [ 106.736273565260859, 12.658342740259227 ], [ 106.736273528251772, 12.658342712479181 ], [ 106.7356187813524, 12.658333426439468 ], [ 106.735292083221296, 12.658328195835081 ], [ 106.735069278851554, 12.658324608896441 ], [ 106.73381749686753, 12.658168936586696 ], [ 106.733817465540369, 12.658168932271131 ], [ 106.732553987853734, 12.657990723892341 ], [ 106.731348619739478, 12.657812127730299 ], [ 106.730600810439796, 12.657673335039924 ], [ 106.730319265940068, 12.657621081028759 ], [ 106.73022405521688, 12.657612693234551 ], [ 106.729208185676313, 12.657523196618831 ], [ 106.728177216658352, 12.65710278546204 ], [ 106.727785488593995, 12.656882329971003 ], [ 106.727286133312276, 12.656601297134333 ], [ 106.726740034254007, 12.656350984270903 ], [ 106.726243317142249, 12.656123305956704 ], [ 106.725900097066273, 12.655997030564203 ], [ 106.725657928367056, 12.655907934275678 ], [ 106.725072326258186, 12.655750143320153 ], [ 106.724417272200895, 12.655615395281501 ], [ 106.723947849529296, 12.655272663133434 ], [ 106.723606541351927, 12.654826344502883 ], [ 106.723524348637682, 12.65466368501302 ], [ 106.723522236518747, 12.654659505386032 ], [ 106.723323157044007, 12.654265480366275 ], [ 106.722955547257257, 12.653153780147697 ], [ 106.722800521501313, 12.652300147912969 ], [ 106.722703461240158, 12.6517656268389 ], [ 106.722439897193439, 12.650470220033284 ], [ 106.722439891470572, 12.650470190240815 ], [ 106.722294447109832, 12.649461020274149 ], [ 106.722129776565467, 12.649080057788648 ], [ 106.721987130542161, 12.648750047062851 ], [ 106.721306174297013, 12.648179307402351 ], [ 106.72066644575672, 12.64779591612341 ], [ 106.720450122896622, 12.647666268606748 ], [ 106.720450093290623, 12.647666246199828 ], [ 106.719710880882076, 12.647073306843556 ], [ 106.719346221500757, 12.646569454222973 ], [ 106.719113980828752, 12.646247150538942 ], [ 106.719016387756668, 12.646111697876517 ], [ 106.718640350183279, 12.645711863366582 ], [ 106.718210190268579, 12.645258953367483 ], [ 106.717923644040013, 12.644957251851226 ], [ 106.717508925285657, 12.644626795156068 ], [ 106.717207642165121, 12.644386725159675 ], [ 106.717024979194377, 12.644243246014661 ], [ 106.716843833017947, 12.644100951936114 ], [ 106.716374823861997, 12.643735612348605 ], [ 106.715717427854997, 12.643244953031823 ], [ 106.715554219355738, 12.64317859522086 ], [ 106.715131924331658, 12.643006883555488 ], [ 106.714569646609036, 12.64280263824835 ], [ 106.71408857116387, 12.642437370640783 ], [ 106.714024042257122, 12.642437591332163 ], [ 106.713726155369244, 12.64243861580017 ], [ 106.71313080868326, 12.642544110159976 ], [ 106.712477319966595, 12.64281040068702 ], [ 106.711894729613704, 12.643180254838251 ], [ 106.711370281863793, 12.643561023679775 ], [ 106.710706559115948, 12.644022851705961 ], [ 106.71003130377332, 12.644645258604728 ], [ 106.710031279041431, 12.644645276842063 ], [ 106.709784357903885, 12.644804054751996 ], [ 106.709436662941357, 12.645027617348264 ], [ 106.708993831722367, 12.64522367124445 ], [ 106.708420648816713, 12.645192324303736 ], [ 106.70842061932008, 12.64519231816535 ], [ 106.707929040096531, 12.645067779575999 ], [ 106.707144370219183, 12.644807283951454 ], [ 106.706441290394693, 12.644453632072993 ], [ 106.706441263605512, 12.644453617781656 ], [ 106.705609266357996, 12.643999042494203 ], [ 106.704987401627434, 12.643484451051201 ], [ 106.704987376541382, 12.643484415958383 ], [ 106.704886295487469, 12.643314274715452 ], [ 106.704633623280813, 12.64288897314175 ], [ 106.70459748883016, 12.642531375592284 ], [ 106.704535160844372, 12.64191446192704 ], [ 106.704647238632603, 12.640857263718907 ], [ 106.70495833417533, 12.639972854621146 ], [ 106.705281192817253, 12.639042007450263 ], [ 106.705568144677912, 12.63789331448673 ], [ 106.705587250217192, 12.637043492718922 ], [ 106.705490772058781, 12.63637858642508 ], [ 106.705113622098963, 12.635714394858644 ], [ 106.705113601693824, 12.635714371486907 ], [ 106.704267646934738, 12.634798883419826 ], [ 106.703574391473936, 12.634101646360154 ], [ 106.702634728831214, 12.633199215530112 ], [ 106.702634703836409, 12.633199193995299 ], [ 106.70179033939948, 12.63260575636547 ], [ 106.701040256010856, 12.632184517528191 ], [ 106.700057317245168, 12.631959153564479 ], [ 106.699626349527151, 12.631914588384307 ], [ 106.699203630137049, 12.631870875680987 ], [ 106.698725741887714, 12.63188070121933 ], [ 106.698725290007232, 12.631880710425017 ], [ 106.698490357556366, 12.631885544897861 ], [ 106.698226289154476, 12.631911297346212 ], [ 106.697882717291435, 12.631944809761253 ], [ 106.697240168748834, 12.632039274118195 ], [ 106.696726425071276, 12.632121624701135 ], [ 106.696726398391206, 12.632121626678741 ], [ 106.696282504667309, 12.632158336154646 ], [ 106.696061631782641, 12.632159295221985 ], [ 106.695744654194456, 12.632160644616073 ], [ 106.695125088953105, 12.632162323374464 ], [ 106.69451650765194, 12.632084835524578 ], [ 106.693922444803903, 12.631984697181508 ], [ 106.693650927189893, 12.631938909681798 ], [ 106.693357123828093, 12.631864209937726 ], [ 106.693030856207628, 12.631781255977264 ], [ 106.692976294354111, 12.631763049003331 ], [ 106.692920027762256, 12.631744272510016 ], [ 106.692404068441974, 12.631922716599842 ], [ 106.690431807259358, 12.632604811496291 ], [ 106.689264299508764, 12.633008579207917 ], [ 106.685724705578565, 12.634430894711503 ], [ 106.682745972788837, 12.635853063623797 ], [ 106.679849272574657, 12.63706908166397 ], [ 106.677092503251131, 12.638215143339574 ], [ 106.674300593678552, 12.639109521195381 ], [ 106.670914141178713, 12.63977370628743 ], [ 106.667725561604982, 12.640358617941816 ], [ 106.663369728938548, 12.640861578509746 ], [ 106.659924957348409, 12.641250254423415 ], [ 106.656842052645004, 12.641811788306146 ], [ 106.65452961969811, 12.642395619044851 ], [ 106.653770317339763, 12.642590213642261 ], [ 106.651141463790069, 12.643806450213681 ], [ 106.648932858183031, 12.645423506618602 ], [ 106.648874678554392, 12.645476011319651 ], [ 106.645589377295579, 12.648440815458809 ], [ 106.642537179701648, 12.652021153145876 ], [ 106.639087849539067, 12.655783671243183 ], [ 106.637672377161309, 12.657257351348575 ], [ 106.636024332827759, 12.658973139875577 ], [ 106.63336976628851, 12.661796211254424 ], [ 106.630085147259734, 12.664629901046293 ], [ 106.63007944271682, 12.66463271658152 ], [ 106.626368933500643, 12.666463906384848 ], [ 106.623039586614084, 12.667518164735009 ], [ 106.620691722604505, 12.668194589804298 ], [ 106.618727955171849, 12.669374956117153 ], [ 106.616625100846676, 12.670315389243028 ], [ 106.614359125186738, 12.670670421858089 ], [ 106.613202741612383, 12.670876271030485 ], [ 106.613192415925468, 12.6709393492864 ], [ 106.613073128093689, 12.671668049285092 ], [ 106.612997833527359, 12.671640253366549 ], [ 106.612419664268998, 12.67142681527824 ], [ 106.610876824978746, 12.672216945029923 ], [ 106.610880409315527, 12.672245420940964 ], [ 106.611004029385612, 12.673227510495142 ], [ 106.610906809437992, 12.6732682646448 ], [ 106.609800616636562, 12.673731971109342 ], [ 106.608668896773864, 12.673020129198701 ], [ 106.607488867681312, 12.673489461867479 ], [ 106.606693593447559, 12.67412023111029 ], [ 106.605187509074582, 12.673718014571158 ], [ 106.602828177082159, 12.67404866375046 ], [ 106.599766089240092, 12.675826421580945 ], [ 106.596059846937678, 12.678865731545438 ], [ 106.593183782968609, 12.681251372774303 ], [ 106.589371266545555, 12.684807580318539 ], [ 106.58661152169897, 12.687216147607538 ], [ 106.583921585463528, 12.689762193537343 ], [ 106.581545888604239, 12.693250993997394 ], [ 106.57974230484281, 12.696497953410097 ], [ 106.578021536421403, 12.699182884281097 ], [ 106.575656865003651, 12.702613919774336 ], [ 106.573503651995694, 12.705549942152564 ], [ 106.571524640748777, 12.70883179773578 ], [ 106.569732408006743, 12.712182581948303 ], [ 106.567332407633558, 12.715992376935446 ], [ 106.565963299802178, 12.717781316517753 ], [ 106.562559648722541, 12.720775453319423 ], [ 106.559951719657533, 12.722621380314747 ], [ 106.556362499295759, 12.725028982160397 ], [ 106.552188573307347, 12.727356367043688 ], [ 106.548881070087134, 12.728788198456339 ], [ 106.545058132920374, 12.730552980783434 ], [ 106.540932942221559, 12.731743113098393 ], [ 106.537017230131909, 12.733415689216603 ], [ 106.532785702889797, 12.735122759081717 ], [ 106.529045456184377, 12.736519542346574 ], [ 106.524931001695606, 12.738191928303895 ], [ 106.520279150689277, 12.739990533813062 ], [ 106.517121756945869, 12.741674300563417 ], [ 106.515356275899634, 12.742797470641102 ], [ 106.513964490248014, 12.743565911214263 ], [ 106.513192391855554, 12.744391809628725 ], [ 106.511755764489465, 12.744401108608239 ], [ 106.510633475053837, 12.744607535405283 ], [ 106.509570474427875, 12.744823832717055 ], [ 106.508962233471763, 12.745329013789428 ], [ 106.508750952665665, 12.745903150733376 ], [ 106.507932881963058, 12.74597108359592 ], [ 106.507045035435638, 12.746015640742025 ], [ 106.506167773044737, 12.746784547508723 ], [ 106.505091116439814, 12.747712755154772 ], [ 106.50434296111824, 12.747919287776819 ], [ 106.503688261197951, 12.748365974126131 ], [ 106.503885215937103, 12.749260903030317 ], [ 106.503229985960544, 12.749811531579834 ], [ 106.502365406712144, 12.749902399110313 ], [ 106.50164052345778, 12.750257922199014 ], [ 106.501103195851812, 12.750211263681042 ], [ 106.500273169681989, 12.750405777151311 ], [ 106.499711329361531, 12.751277899964521 ], [ 106.499068216286574, 12.751541487239727 ], [ 106.498016707768627, 12.751459324442056 ], [ 106.497034862325521, 12.751963163323872 ], [ 106.49562717417146, 12.752797226410625 ], [ 106.494902972587482, 12.753362869457384 ], [ 106.494108034994383, 12.753755014523904 ], [ 106.494425538889928, 12.754892219763963 ], [ 106.494367731241681, 12.755536702796865 ], [ 106.493397288450069, 12.755929748306832 ], [ 106.492812881292238, 12.756598626816107 ], [ 106.492509788045624, 12.757219550004654 ], [ 106.492417561319371, 12.758082319788969 ], [ 106.491833139066429, 12.758451669516162 ], [ 106.490885348252618, 12.758591508084557 ], [ 106.490463130858274, 12.757753150254137 ], [ 106.490006506669857, 12.757432607401242 ], [ 106.489093602979139, 12.757434318509304 ], [ 106.48839075663011, 12.75694216644008 ], [ 106.487208886475216, 12.756817765234187 ], [ 106.486425408946758, 12.757095670854198 ], [ 106.485430856735817, 12.757017658761765 ], [ 106.484937947414167, 12.755995487348459 ], [ 106.484142385220792, 12.755985223160593 ], [ 106.483471290951215, 12.756421689333648 ], [ 106.482512019132216, 12.756470011646558 ], [ 106.482055987198677, 12.75664320184659 ], [ 106.48137778104936, 12.757115961301524 ], [ 106.48114938001244, 12.757266353124278 ], [ 106.48135490382893, 12.757438144457266 ], [ 106.481835728818439, 12.758162049776077 ], [ 106.482551226332305, 12.759447386538358 ], [ 106.483512679246161, 12.761055655094516 ], [ 106.484650173699066, 12.762743159593768 ], [ 106.485565088374656, 12.764361848410363 ], [ 106.486491896276235, 12.766142058647269 ], [ 106.487254322124855, 12.767175119908226 ], [ 106.488179802299911, 12.768035497371166 ], [ 106.489714472621316, 12.769216748292042 ], [ 106.491225555168811, 12.770398122820305 ], [ 106.493427546171759, 12.771991424413947 ], [ 106.495645373246887, 12.773434322668715 ], [ 106.496145650436219, 12.773636019249016 ], [ 106.496658459261326, 12.773815044466385 ], [ 106.497353624657379, 12.774363676988854 ], [ 106.497806156197143, 12.774668471675056 ], [ 106.498595537490587, 12.775183795467591 ], [ 106.49909578190605, 12.776257852719869 ], [ 106.499064937467466, 12.776786871428421 ], [ 106.500114984237754, 12.777087137453305 ], [ 106.501060797222422, 12.777282901348027 ], [ 106.501664274572889, 12.777704351212012 ], [ 106.502175841760135, 12.777963600952576 ], [ 106.503304926673152, 12.777610260270917 ], [ 106.503566308243521, 12.778199763854891 ], [ 106.503231728611212, 12.778666102304193 ], [ 106.502968987448398, 12.779891394890688 ], [ 106.503842580977704, 12.780235589472239 ], [ 106.505133822518687, 12.780045166514764 ], [ 106.505722125370056, 12.779846319931469 ], [ 106.506025570198517, 12.779080705332714 ], [ 106.506363625563552, 12.778327323001216 ], [ 106.506927639672568, 12.778207713136617 ], [ 106.508024639319544, 12.778463607750366 ], [ 106.510040580116836, 12.778362810467767 ], [ 106.510944694129961, 12.778224294774828 ], [ 106.511992262927919, 12.778686115707048 ], [ 106.512238770669597, 12.779481354722291 ], [ 106.512308145790954, 12.780401907892825 ], [ 106.512902479800218, 12.782281082322619 ], [ 106.513824483194739, 12.782534563804143 ], [ 106.514520929983902, 12.782129417143741 ], [ 106.514891787741647, 12.781571327898574 ], [ 106.515453793769652, 12.780728510486174 ], [ 106.516368555699273, 12.780637375327681 ], [ 106.516921244115679, 12.781321238236456 ], [ 106.516572752487917, 12.781960561168004 ], [ 106.516034790614938, 12.782780641718226 ], [ 106.516097311013098, 12.783321551883949 ], [ 106.516837994787579, 12.783962523686476 ], [ 106.517985022683504, 12.784011295691888 ], [ 106.519122252260985, 12.78309510125578 ], [ 106.520263788578575, 12.782707716509755 ], [ 106.521512867375449, 12.782976234824936 ], [ 106.521351999632344, 12.783606570686464 ], [ 106.521460631461949, 12.78425117290781 ], [ 106.522103538206593, 12.784327693273307 ], [ 106.523040142342111, 12.785190124008759 ], [ 106.523678718613795, 12.785600014700799 ], [ 106.524298230482643, 12.785710565176917 ], [ 106.525163878122655, 12.78577901101481 ], [ 106.525960534469803, 12.785766492688495 ], [ 106.52640102872742, 12.786071302778414 ], [ 106.527005295033618, 12.786422622585194 ], [ 106.527469969069514, 12.786727290602569 ], [ 106.528076455013974, 12.786872936943656 ], [ 106.528709471278319, 12.786835368304509 ], [ 106.529859868293101, 12.786677278879644 ], [ 106.530773396880065, 12.786666328569819 ], [ 106.531138156102116, 12.787394186356604 ], [ 106.53171363430674, 12.788125338461262 ], [ 106.532522984124881, 12.78802119745324 ], [ 106.53324940084164, 12.788006805513218 ], [ 106.533792738830584, 12.787704198199133 ], [ 106.534373464348619, 12.787205885004546 ], [ 106.535164827681569, 12.786698433791294 ], [ 106.535792758318863, 12.786200973163256 ], [ 106.536536617609656, 12.785740124616076 ], [ 106.537476080654073, 12.785544812222781 ], [ 106.538178962055966, 12.78554297455373 ], [ 106.538673137507473, 12.786249725187803 ], [ 106.539543504064909, 12.786811899238664 ], [ 106.54026948288103, 12.786821220638531 ], [ 106.541079390788354, 12.786715920910066 ], [ 106.542092285389231, 12.787142785326742 ], [ 106.542971469772326, 12.787922983442369 ], [ 106.544209633393791, 12.789041201325471 ], [ 106.545449347154346, 12.790033975672687 ], [ 106.545876009325553, 12.790520757397278 ], [ 106.548993158502512, 12.792950006547262 ], [ 106.550930126037613, 12.794329625564682 ], [ 106.553178895702516, 12.796046385373048 ], [ 106.55487203222043, 12.797273729986019 ], [ 106.555775399526766, 12.798042434208345 ], [ 106.557745162684668, 12.799594687235336 ], [ 106.559178956424887, 12.800956869518258 ], [ 106.560496685243351, 12.802259840167432 ], [ 106.562334057830654, 12.804086289970881 ], [ 106.564360605579523, 12.805777134084067 ], [ 106.566162908061216, 12.807602629231722 ], [ 106.568891719876433, 12.810197750513266 ], [ 106.571995488321292, 12.81280980807281 ], [ 106.574047001102855, 12.814420183960364 ], [ 106.575978335896068, 12.816235784656945 ], [ 106.577157979851478, 12.817341735980078 ], [ 106.578661786243416, 12.818727097400394 ], [ 106.580593335575017, 12.820566384322207 ], [ 106.583513169783117, 12.822911579782758 ], [ 106.585305293172595, 12.824633017584139 ], [ 106.58653057440624, 12.825842598639762 ], [ 106.587782497947259, 12.826800029552389 ], [ 106.58837031814025, 12.827530954385264 ], [ 106.589877482599178, 12.8286981346271 ], [ 106.59112627533051, 12.829886076959493 ], [ 106.592999621003145, 12.831689445387841 ], [ 106.59411880957812, 12.832954993470349 ], [ 106.595223980478892, 12.834369773853503 ], [ 106.59643777009795, 12.835568067531241 ], [ 106.597975484644479, 12.837092070337084 ], [ 106.599208891721034, 12.838565937527976 ], [ 106.600635740930599, 12.840489469843257 ], [ 106.601937424340363, 12.842101887410411 ], [ 106.602651799083191, 12.842983412547325 ], [ 106.60373088137284, 12.844627686116871 ], [ 106.605117533890891, 12.846919794028159 ], [ 106.606024089142167, 12.848319909725486 ], [ 106.606926086955937, 12.850088411497511 ], [ 106.607713772703903, 12.851625969291574 ], [ 106.608185175962149, 12.853136083197105 ], [ 106.608877515917001, 12.854798513842246 ], [ 106.609475291751849, 12.856529318404787 ], [ 106.609851929304767, 12.858164301252534 ], [ 106.610205323992773, 12.859765528002542 ], [ 106.610629260530445, 12.861321122542783 ], [ 106.610879631935944, 12.862747837113291 ], [ 106.611083008184337, 12.86420873901211 ], [ 106.611163028459345, 12.86519808006825 ], [ 106.611492362010367, 12.867716965985426 ], [ 106.61165904997992, 12.869292215210358 ], [ 106.611709400851225, 12.870774394791438 ], [ 106.611935475036461, 12.87227018173952 ], [ 106.612079201254602, 12.873765344710781 ], [ 106.612270580824955, 12.875237616038634 ], [ 106.612552626247961, 12.876929667926243 ], [ 106.61277978519567, 12.878322620724909 ], [ 106.613064468356626, 12.879795445572968 ], [ 106.613228475670539, 12.881577486662819 ], [ 106.613346255977547, 12.883244557750881 ], [ 106.613536945519556, 12.884785756323231 ], [ 106.613624308973868, 12.886108381342119 ], [ 106.613622787263566, 12.88712985923277 ], [ 106.613664994312259, 12.888325079598705 ], [ 106.613687801762822, 12.889278610754628 ], [ 106.613670123770419, 12.890564594599351 ], [ 106.613637152882262, 12.89216027691926 ], [ 106.613595227689373, 12.893526635994444 ], [ 106.613523713487922, 12.895398262623651 ], [ 106.613489179891417, 12.897109208310074 ], [ 106.613556832398146, 12.899038732256546 ], [ 106.61359841060866, 12.900314181204763 ], [ 106.613572501904486, 12.90139343560427 ], [ 106.613567281499286, 12.902645443384323 ], [ 106.61345638012223, 12.903942170937329 ], [ 106.612863737830921, 12.906185372275948 ], [ 106.612355380131646, 12.908281160747828 ], [ 106.611685915355608, 12.910312404890666 ], [ 106.611741002043004, 12.910315649352897 ], [ 106.612540567966079, 12.910362746044347 ], [ 106.613762301021865, 12.91102074027274 ], [ 106.614772009545675, 12.911756858852716 ], [ 106.615293424714068, 12.913037214043909 ], [ 106.615293440663592, 12.913037258238983 ], [ 106.615735929383391, 12.913482125105284 ], [ 106.616010515879267, 12.913758190581371 ], [ 106.616927566680232, 12.91351753585672 ], [ 106.617392344734952, 12.9129168211738 ], [ 106.617398029229548, 12.912909473926231 ], [ 106.618072197163613, 12.912038122708063 ], [ 106.618984843767336, 12.910395206443622 ], [ 106.619503898531676, 12.909337836772583 ], [ 106.619948455136438, 12.908432219679979 ], [ 106.621034744240703, 12.906929425026515 ], [ 106.621034768892528, 12.9069293896196 ], [ 106.621062291708398, 12.906876628031675 ], [ 106.62164797896061, 12.905753853881199 ], [ 106.622180890983941, 12.904439906396927 ], [ 106.622180908223129, 12.904439864708287 ], [ 106.622664370093787, 12.903320487736035 ], [ 106.623186591115825, 12.90196021027983 ], [ 106.62377821708337, 12.900646951492599 ], [ 106.624255836070603, 12.899962639296653 ], [ 106.624883705762187, 12.899453683073444 ], [ 106.624883740624227, 12.899453659354201 ], [ 106.625734776688049, 12.898901524444193 ], [ 106.62573481887452, 12.89890149344772 ], [ 106.62644481395246, 12.89835928080738 ], [ 106.627493127032537, 12.897935767301261 ], [ 106.62794540196343, 12.898320521536762 ], [ 106.62826545579658, 12.898920764735996 ], [ 106.628700527112045, 12.899672871158677 ], [ 106.629306730415237, 12.899909766066875 ], [ 106.629904370986722, 12.899883450891307 ], [ 106.630907482383009, 12.899332591585791 ], [ 106.632017210088492, 12.898703064893342 ], [ 106.632968284256805, 12.898577383322936 ], [ 106.633229980650597, 12.89853243234551 ], [ 106.633719581748366, 12.898448334308851 ], [ 106.634825460202904, 12.898117155360049 ], [ 106.635859899454715, 12.897865503135613 ], [ 106.636251693296941, 12.897938052949232 ], [ 106.637589627845159, 12.898185812930349 ], [ 106.638410209886118, 12.898172720599886 ], [ 106.638410243015471, 12.898172714064767 ], [ 106.639333050994892, 12.89793843353856 ], [ 106.63949167724742, 12.897898161232183 ], [ 106.639491713082037, 12.897898145640537 ], [ 106.64078829795389, 12.897317143125637 ], [ 106.64156421376876, 12.897085156029091 ], [ 106.642307169761949, 12.896738148205502 ], [ 106.642898682687317, 12.896309578683947 ], [ 106.643441934845256, 12.895982982959682 ], [ 106.643976390335354, 12.895461051863347 ], [ 106.644165147948712, 12.894464375735275 ], [ 106.644258679795215, 12.893615248134484 ], [ 106.644459944163927, 12.893373810601654 ], [ 106.644770070177699, 12.89300185561213 ], [ 106.645268292252922, 12.892748590337396 ], [ 106.645454236290618, 12.892654088346061 ], [ 106.645846582853849, 12.892457861211586 ], [ 106.646126957547906, 12.892317639226427 ], [ 106.646126985130209, 12.892317630013503 ], [ 106.646248030920049, 12.892292004753967 ], [ 106.646995935721364, 12.892133676693284 ], [ 106.64746005823902, 12.892295800262543 ], [ 106.64784730982737, 12.89243110169445 ], [ 106.648447980346759, 12.892923403430455 ], [ 106.648601123474435, 12.893048923319478 ], [ 106.648601147560498, 12.893048943054421 ], [ 106.649342766418911, 12.893643169268714 ], [ 106.649904523217842, 12.893684815621674 ], [ 106.649904630880883, 12.893684653137665 ], [ 106.650645828123572, 12.892568254671847 ], [ 106.651446295599712, 12.892302200956681 ], [ 106.652194780110008, 12.892368686797989 ], [ 106.653177483484185, 12.892495785991924 ], [ 106.653123957026807, 12.893022656238079 ], [ 106.652848643722237, 12.893246360998095 ], [ 106.652650243341313, 12.893407566889428 ], [ 106.652824192375718, 12.894386063974846 ], [ 106.65282420576753, 12.894386138917081 ], [ 106.654087603842228, 12.894551042922259 ], [ 106.655087732261293, 12.894253167839944 ], [ 106.655947895994089, 12.893872581684649 ], [ 106.656397893246506, 12.893476506530051 ], [ 106.656650024121404, 12.893019599367905 ], [ 106.656486008951816, 12.892156289044763 ], [ 106.655998968828271, 12.891749157810366 ], [ 106.655668273006825, 12.891372005288433 ], [ 106.655479716792158, 12.891156966438949 ], [ 106.654806321735549, 12.890688941506463 ], [ 106.654708674688564, 12.890113302405718 ], [ 106.655645782370115, 12.890136749501814 ], [ 106.656761884502075, 12.890759057160635 ], [ 106.657590631284009, 12.891032890791205 ], [ 106.658914804920883, 12.890980486058343 ], [ 106.659651720716383, 12.890889716757087 ], [ 106.660017864748568, 12.890844623082911 ], [ 106.660442068445661, 12.890647077102152 ], [ 106.661220621080545, 12.890284522703032 ], [ 106.662272929935796, 12.889527546891427 ], [ 106.663209176320706, 12.88872388195051 ], [ 106.663916078516209, 12.888422216503434 ], [ 106.665172536435463, 12.888231214423898 ], [ 106.666036682178117, 12.888459606622527 ], [ 106.666249661757945, 12.889150884001458 ], [ 106.667099159021731, 12.889598525653319 ], [ 106.667099195983766, 12.889598541688677 ], [ 106.667705428164368, 12.88983532986474 ], [ 106.668177129450257, 12.889588309227852 ], [ 106.668177152376472, 12.889588292810958 ], [ 106.668282092681025, 12.88873910038255 ], [ 106.669553010049398, 12.888307245766832 ], [ 106.669553051456376, 12.888307237367348 ], [ 106.670528087173452, 12.888066196092096 ], [ 106.670528702574913, 12.888066043920027 ], [ 106.671067032810001, 12.887933151391334 ], [ 106.671280701585857, 12.887880408764259 ], [ 106.671827475709506, 12.888185360929601 ], [ 106.672478502600072, 12.888572162765094 ], [ 106.672780837909187, 12.888685522573466 ], [ 106.673364620837233, 12.888904410055119 ], [ 106.673591676154999, 12.889447555213014 ], [ 106.673754380295051, 12.890447590564229 ], [ 106.674164442293559, 12.890736385572174 ], [ 106.674485730984941, 12.890962659906979 ], [ 106.674557059024167, 12.890954440576657 ], [ 106.675119281725202, 12.890889649285189 ], [ 106.675441943354386, 12.890399499345289 ], [ 106.675441962516544, 12.890399471200828 ], [ 106.675380537389586, 12.890071263682874 ], [ 106.675289087529919, 12.8895824266977 ], [ 106.67528622425651, 12.888893203719133 ], [ 106.67598844381142, 12.888063896858151 ], [ 106.676616284469318, 12.88929927148928 ], [ 106.676616310616126, 12.889299323749636 ], [ 106.676822558032654, 12.889585592728164 ], [ 106.677134165305191, 12.890018098192584 ], [ 106.677790959273921, 12.889979997683563 ], [ 106.677790999506513, 12.889979951325341 ], [ 106.678278507546281, 12.889423158269024 ], [ 106.678829308477503, 12.889383466104135 ], [ 106.67951233485158, 12.888266124702906 ], [ 106.679512547916843, 12.888265881987254 ], [ 106.680201602265626, 12.887482130249696 ], [ 106.681001607509643, 12.887239676361492 ], [ 106.681487260566186, 12.886843335722396 ], [ 106.681379944253209, 12.886118679074471 ], [ 106.682038086916322, 12.885942668332559 ], [ 106.682038149458734, 12.885942651660056 ], [ 106.683074418342429, 12.886426362508569 ], [ 106.683684842921224, 12.886341100334418 ], [ 106.683979369471871, 12.886210054007442 ], [ 106.684261908274138, 12.886084340831669 ], [ 106.685065301080442, 12.885577504397443 ], [ 106.685674595169132, 12.885584879384743 ], [ 106.686706188553643, 12.885539825820594 ], [ 106.687214898253714, 12.885414242511789 ], [ 106.687505339195098, 12.885342547027944 ], [ 106.688157589309469, 12.88471918419207 ], [ 106.688074550104687, 12.883925422681145 ], [ 106.688074578502381, 12.883925398092119 ], [ 106.688500314076876, 12.883608537736007 ], [ 106.68922993909834, 12.883354127441518 ], [ 106.689753716014394, 12.882716873594921 ], [ 106.690596387418736, 12.881888871981053 ], [ 106.691633096432597, 12.881487848318786 ], [ 106.69346229631978, 12.881360799832665 ], [ 106.694322024182611, 12.881366304926543 ], [ 106.69565287981672, 12.881374855041608 ], [ 106.697536544072733, 12.881558126581266 ], [ 106.698897962592198, 12.881732854533503 ], [ 106.700109357091677, 12.881888351103436 ], [ 106.702294584903001, 12.882304606682505 ], [ 106.703974572934797, 12.882852994642292 ], [ 106.705536133226914, 12.883515115617417 ], [ 106.707543007455939, 12.884124620735353 ], [ 106.708323754597572, 12.884443785889717 ], [ 106.709453212989786, 12.884985526176088 ], [ 106.710347523029313, 12.885581926649621 ], [ 106.711205084580982, 12.88628141378277 ], [ 106.711770725857619, 12.886632195577915 ], [ 106.712111861576091, 12.886843750234396 ], [ 106.713755505964414, 12.887460096579984 ], [ 106.715592311317209, 12.887688723428539 ], [ 106.716361525841535, 12.887758999382854 ], [ 106.717323790040624, 12.887846909166358 ], [ 106.718145820068329, 12.887863337992142 ], [ 106.718811425171509, 12.887876637929716 ], [ 106.720323354658632, 12.887837340469233 ], [ 106.722557693837246, 12.888093846548411 ], [ 106.72412472011564, 12.888284642065859 ], [ 106.726627048890435, 12.888659073172793 ], [ 106.728360253908974, 12.888725618803221 ], [ 106.729823589003331, 12.888823315238643 ], [ 106.731197105344165, 12.888587129005526 ], [ 106.733061555303465, 12.888482159714464 ], [ 106.734772909216616, 12.888388312112045 ], [ 106.736343779661226, 12.888303340644732 ], [ 106.737716322098876, 12.888181267058567 ], [ 106.739004940090936, 12.888162499560089 ], [ 106.739004970494477, 12.888162499358099 ], [ 106.740363996643708, 12.888167024588652 ], [ 106.741635388848621, 12.888217298288289 ], [ 106.742003277205654, 12.88823184805921 ], [ 106.742383628391309, 12.888250204734906 ], [ 106.743607546297355, 12.888309279605267 ], [ 106.743607573040592, 12.888309283042719 ], [ 106.744332194363935, 12.888420845751488 ], [ 106.745139888121145, 12.888476466099121 ], [ 106.745853731026685, 12.888530452872155 ], [ 106.746740516900402, 12.887700885233057 ], [ 106.746740558346985, 12.887700883148689 ], [ 106.747733799696277, 12.887689733902771 ], [ 106.748770091892666, 12.887634406344022 ], [ 106.749088274495477, 12.887617414066607 ], [ 106.752274726579529, 12.887249233870104 ], [ 106.755004855824154, 12.887054836740727 ], [ 106.755882868456212, 12.886992309010521 ], [ 106.759810310991384, 12.887029187643344 ], [ 106.761019226788335, 12.8870676281262 ], [ 106.762510488034721, 12.88711500337905 ], [ 106.763968115526225, 12.887137845452855 ], [ 106.763983904530235, 12.887138092478716 ], [ 106.76508246069406, 12.887155301271045 ], [ 106.768578801322121, 12.887381406572489 ], [ 106.770022803139781, 12.887516835354196 ], [ 106.771421851932317, 12.887648039837696 ], [ 106.775538873440908, 12.887946684171785 ], [ 106.77792278330837, 12.887944062908582 ], [ 106.777922822009302, 12.887944063549607 ], [ 106.77863171190171, 12.887953356335398 ], [ 106.780307011676513, 12.887975310669063 ], [ 106.783867867535577, 12.887636981177309 ], [ 106.787987005252958, 12.887098195847321 ], [ 106.790463109994889, 12.886703440908157 ], [ 106.791778017374043, 12.886493776743199 ], [ 106.793029860978663, 12.88620962656478 ], [ 106.793050664173307, 12.886204904128407 ], [ 106.794225923459294, 12.885938108723041 ], [ 106.797233000415289, 12.88522716462403 ], [ 106.801095498595998, 12.884726095858788 ], [ 106.803783456038005, 12.884730189496672 ], [ 106.806286148532166, 12.88492079047557 ], [ 106.808582881139515, 12.884401039175446 ], [ 106.810614813265957, 12.884310181629612 ], [ 106.814233132105684, 12.884934801697032 ], [ 106.81423316992327, 12.884934807762072 ], [ 106.81662181378384, 12.885355494092511 ], [ 106.81923411879491, 12.885888713835312 ], [ 106.821705125777626, 12.886390124253706 ], [ 106.824188965207966, 12.886912892816154 ], [ 106.826028098918613, 12.887305666039971 ], [ 106.828154147881051, 12.888120624270121 ], [ 106.828210726962908, 12.888142312252016 ], [ 106.828210766676094, 12.888142325532561 ], [ 106.82947708964889, 12.888472426643098 ], [ 106.830486330649336, 12.888850621351413 ], [ 106.831019260008418, 12.888817364529102 ], [ 106.831023041240528, 12.888817128380943 ], [ 106.831606990969632, 12.888780662672852 ], [ 106.833226551723612, 12.889382817083405 ], [ 106.836636808048425, 12.890205145140333 ], [ 106.841076341437983, 12.891142208931941 ], [ 106.845037568313998, 12.892032250204675 ], [ 106.845552115321425, 12.892147857159957 ], [ 106.850494088459101, 12.893045051859692 ], [ 106.852253660368447, 12.89331450819715 ], [ 106.852270196573755, 12.89331704032001 ], [ 106.852402012126035, 12.893337224696822 ], [ 106.853491183963044, 12.893504011358818 ], [ 106.854997574242361, 12.89367359221254 ], [ 106.857012978709932, 12.893900461240802 ], [ 106.859018811128095, 12.89389457913944 ], [ 106.861079946382361, 12.893888518750231 ], [ 106.865934434589505, 12.894316039264623 ], [ 106.868457802538401, 12.894252844492513 ], [ 106.871596887069799, 12.893827114098951 ], [ 106.875814004762674, 12.893721185862191 ], [ 106.879732263962708, 12.894009434858809 ], [ 106.881033434359068, 12.894653028773739 ], [ 106.882611684071634, 12.895433712894029 ], [ 106.884705932442685, 12.896569996893883 ], [ 106.885410606916892, 12.896952329586336 ], [ 106.888505515965505, 12.897777347439646 ], [ 106.888505546476154, 12.89777736168071 ], [ 106.889381199280493, 12.898194830740266 ], [ 106.891631334095706, 12.899267577598494 ], [ 106.892898473522223, 12.900499200859091 ], [ 106.893510774976164, 12.901094357800742 ], [ 106.895270024761871, 12.902635063832109 ], [ 106.89727646460355, 12.903358247385446 ], [ 106.897276500636238, 12.90335826068142 ], [ 106.898863533975586, 12.903133214372783 ], [ 106.899867486823041, 12.902708633726572 ], [ 106.900537896959889, 12.902425111461492 ], [ 106.903521485677757, 12.901690525687666 ], [ 106.906567002378964, 12.902298744455063 ], [ 106.906567049439786, 12.902298754053982 ], [ 106.908887794856099, 12.90292579597717 ], [ 106.910027959447376, 12.902862996775212 ], [ 106.911772652487642, 12.90276689150371 ], [ 106.913440359335141, 12.90248355840505 ], [ 106.913440404422971, 12.902483550844531 ], [ 106.915026045444975, 12.902155609476146 ], [ 106.915692503157771, 12.902115091681663 ], [ 106.916906403361168, 12.902041285600335 ], [ 106.919444447832817, 12.902241846242063 ], [ 106.920333484438757, 12.902312143828084 ], [ 106.92177476935143, 12.90233831008007 ], [ 106.922238580543777, 12.90234672896162 ], [ 106.924367916913042, 12.902563800588988 ], [ 106.926371576443671, 12.902987397392652 ], [ 106.929129319014834, 12.903002091570874 ], [ 106.930627162539054, 12.903168411642024 ], [ 106.932461136681354, 12.904064320205215 ], [ 106.934714075538324, 12.904853177259103 ], [ 106.936908231961198, 12.905449942377043 ], [ 106.939368453864731, 12.906119044797789 ], [ 106.944831621194467, 12.907570863942768 ], [ 106.950831003544195, 12.909922356360227 ], [ 106.955224143460001, 12.911787500002177 ], [ 106.958998967811823, 12.912775999342253 ], [ 106.962238542674655, 12.912026403351062 ], [ 106.96464401835911, 12.910874074736411 ], [ 106.968445975514115, 12.909222040062886 ], [ 106.973978044773162, 12.906666670608997 ], [ 106.976533763927137, 12.905318910599895 ], [ 106.978855158353667, 12.904094691323657 ], [ 106.98283794403099, 12.902912200983689 ], [ 106.985995788057323, 12.902196847489783 ], [ 106.987308738601044, 12.901733659221145 ], [ 106.987318988912875, 12.901730042994114 ], [ 106.987327952995358, 12.901726880301373 ], [ 106.987880905216926, 12.901531804803561 ], [ 106.989342299432295, 12.900585282512164 ], [ 106.990447021443799, 12.899171504342279 ], [ 106.991187844426676, 12.897613630652161 ], [ 106.991271266334081, 12.897343954469159 ], [ 106.99176163175396, 12.895758777463325 ], [ 106.992103326187035, 12.894044692333884 ], [ 106.992103335048739, 12.894044647980996 ], [ 106.991903159999197, 12.891958446974193 ], [ 106.991235697278938, 12.888958427402169 ], [ 106.991073168197062, 12.886822630235878 ], [ 106.991014028561452, 12.886045459275563 ], [ 106.991284676884177, 12.883276755080814 ], [ 106.991284680268919, 12.88327671709612 ], [ 107.005421647745564, 12.870124520250586 ], [ 107.00665134622254, 12.86898038904412 ], [ 107.007203505008192, 12.868565931795795 ], [ 107.007714456728934, 12.86818240201722 ], [ 107.008831821877564, 12.867343681909629 ], [ 107.010756056122247, 12.865776707314701 ], [ 107.01315815098917, 12.863782412973659 ], [ 107.013460411110159, 12.863483753257821 ], [ 107.015092819822669, 12.861870772438071 ], [ 107.017389241743629, 12.85977332769502 ], [ 107.017610731757117, 12.859545456494788 ], [ 107.019673815923923, 12.857422903847782 ], [ 107.020255332768741, 12.85659673547023 ], [ 107.021537443382002, 12.854775207457964 ], [ 107.023389469928787, 12.85197734136788 ], [ 107.023535451553741, 12.851677471685472 ], [ 107.024611106429887, 12.849467886054697 ], [ 107.026251916703274, 12.846325947976437 ], [ 107.027460441969239, 12.842977217532747 ], [ 107.0285066608416, 12.841753972788398 ], [ 107.029050608745365, 12.84111798046427 ], [ 107.029884237331487, 12.840143280314186 ], [ 107.032507150317116, 12.837953975086803 ], [ 107.03516683947494, 12.836764149061986 ], [ 107.035976885705395, 12.836580641287702 ], [ 107.036272176556281, 12.836513746062732 ], [ 107.036648713139456, 12.836428444530465 ], [ 107.039251989058116, 12.836457961134368 ], [ 107.041668332811682, 12.836292338195426 ], [ 107.043664386938858, 12.836403347369782 ], [ 107.04628034341755, 12.837076619761225 ], [ 107.048886250198194, 12.83849779791394 ], [ 107.051843022336769, 12.840378246958668 ], [ 107.053854044004339, 12.842329315983038 ], [ 107.056811592334981, 12.844507927669492 ], [ 107.058212768501377, 12.845290209278533 ], [ 107.059479359358804, 12.84599733988586 ], [ 107.060690707176619, 12.846673619035187 ], [ 107.063015805816534, 12.847876545168599 ], [ 107.06546987683862, 12.849009522484398 ], [ 107.067098203012577, 12.849746682420957 ], [ 107.067292250809132, 12.849834528366671 ], [ 107.069757406894738, 12.85084084977864 ], [ 107.071719517256781, 12.851504305564806 ], [ 107.073752572926978, 12.852534328027172 ], [ 107.076264509866348, 12.853483725863821 ], [ 107.079418402127359, 12.854581646540398 ], [ 107.0816618094414, 12.855703694864889 ], [ 107.083415522835423, 12.856987763399699 ], [ 107.085105328100795, 12.858174764269076 ], [ 107.085145659573428, 12.85820309486243 ], [ 107.087272629070881, 12.859579055876468 ], [ 107.088944469256887, 12.860702188669114 ], [ 107.090651230861624, 12.862078074185357 ], [ 107.092463563153075, 12.863270097923641 ], [ 107.093422202912791, 12.864118728772745 ], [ 107.095865016665613, 12.865528233348034 ], [ 107.097337098112732, 12.866158108454096 ], [ 107.099592186281726, 12.867210972694918 ], [ 107.101976243171563, 12.868401728712559 ], [ 107.10323360832983, 12.869012975640757 ], [ 107.103647336205569, 12.869214100066047 ], [ 107.105835382567832, 12.870265990991182 ], [ 107.106790564077968, 12.870725180423845 ], [ 107.109127664475039, 12.871869922751497 ], [ 107.111523701401936, 12.873175705719936 ], [ 107.114246948342014, 12.874572583628799 ], [ 107.116326764482807, 12.875579250772311 ], [ 107.118103786609055, 12.876587217882483 ], [ 107.120031655948125, 12.877595079432606 ], [ 107.122462124755828, 12.878602241575496 ], [ 107.12286267992387, 12.878740847987705 ], [ 107.124541885378974, 12.879321906521605 ], [ 107.124780865313866, 12.879409487095831 ], [ 107.126131144531357, 12.879904330446573 ], [ 107.128596165477504, 12.88070329547474 ], [ 107.130383776137762, 12.881320226813303 ], [ 107.132405068405006, 12.882201834821416 ], [ 107.134789264021663, 12.883242004491686 ], [ 107.136869310643903, 12.884192002002626 ], [ 107.139464110062946, 12.885554606633878 ], [ 107.142140286935799, 12.88687020202088 ], [ 107.142206740683037, 12.88691034210143 ], [ 107.14454823307689, 12.888324646510714 ], [ 107.146068158077014, 12.88913794445606 ], [ 107.148452420987368, 12.890443431151075 ], [ 107.149253146000461, 12.890879662560833 ], [ 107.149994439551378, 12.891283511794226 ], [ 107.150427708980018, 12.891519551573353 ], [ 107.151112172278815, 12.891825036239654 ], [ 107.152555074596989, 12.892469015700213 ], [ 107.154670570806104, 12.893510056459247 ], [ 107.157264922201591, 12.894665740107934 ], [ 107.15726495364332, 12.894665754307791 ], [ 107.159216436365142, 12.895580444271467 ], [ 107.161227300352493, 12.8966335844838 ], [ 107.163739338559068, 12.897650930477207 ], [ 107.166111022660203, 12.898346344208429 ], [ 107.168285248838529, 12.899514401169924 ], [ 107.168285280304673, 12.899514418079143 ], [ 107.170330983760422, 12.900394357679904 ], [ 107.171628593129725, 12.901115571054033 ], [ 107.172949628831475, 12.902020674441058 ], [ 107.172949674239987, 12.90202070569277 ], [ 107.17459917114941, 12.903418996744028 ], [ 107.175722123906453, 12.904313337100797 ], [ 107.17737048211778, 12.90590929491035 ], [ 107.178071595976405, 12.906723195149842 ], [ 107.178308598325287, 12.906998321684707 ], [ 107.179513275623677, 12.908018474915128 ], [ 107.180600085496081, 12.908325697424557 ], [ 107.181755378091424, 12.908713225673415 ], [ 107.181756688185374, 12.908713664770094 ], [ 107.183754800690124, 12.90927194227279 ], [ 107.185670294817498, 12.90953155321205 ], [ 107.185716016476931, 12.909536938068522 ], [ 107.187398758505765, 12.909735104658289 ], [ 107.187402802906902, 12.909734816867482 ], [ 107.1901852434994, 12.909536853764861 ], [ 107.1904219050775, 12.909520014438293 ], [ 107.191727910075329, 12.908815498298342 ], [ 107.193267372763245, 12.907879710148556 ], [ 107.194501280268653, 12.906370390793281 ], [ 107.194721273384033, 12.905519093471483 ], [ 107.194937887115046, 12.90383814328999 ], [ 107.194939126071588, 12.903828530414852 ], [ 107.19518108627355, 12.902459699048139 ], [ 107.195410622127426, 12.900722723701197 ], [ 107.195412371638994, 12.900714193663505 ], [ 107.195722088715527, 12.899204202161313 ], [ 107.196207509023168, 12.89772452571982 ], [ 107.196208859426676, 12.897720405361605 ], [ 107.196208876493912, 12.897720355516073 ], [ 107.1967082431227, 12.896557205499509 ], [ 107.197604808895207, 12.895520620872361 ], [ 107.198054394555626, 12.895190877403319 ], [ 107.19845545745595, 12.894896722144223 ], [ 107.199411426497932, 12.894274220258312 ], [ 107.199927296685928, 12.894168864203497 ], [ 107.200438441993427, 12.894064490374587 ], [ 107.201191277769254, 12.893935290462192 ], [ 107.202002616200701, 12.893796048745072 ], [ 107.202884511785925, 12.893746324806781 ], [ 107.202891181301112, 12.893745948743717 ], [ 107.202906252158186, 12.893745098895666 ], [ 107.203297870650914, 12.893723017986535 ], [ 107.203297910241588, 12.893723015845744 ], [ 107.203754876455093, 12.893622189064654 ], [ 107.204511473618965, 12.893455249847475 ], [ 107.206017026750871, 12.893072066662677 ], [ 107.206017059846303, 12.893072059154258 ], [ 107.207440475750161, 12.892838656776146 ], [ 107.208548949052457, 12.892536742775413 ], [ 107.209296963888931, 12.892423682070982 ], [ 107.209704593543023, 12.892362068494704 ], [ 107.211419712007114, 12.891978208660024 ], [ 107.213075906642601, 12.891375699131833 ], [ 107.214148977335583, 12.890786042355222 ], [ 107.214149018592778, 12.890786020318094 ], [ 107.215279332440858, 12.890024157816484 ], [ 107.216340293147567, 12.88929789589746 ], [ 107.217645529180558, 12.888396736466582 ], [ 107.219253312696566, 12.887139451426222 ], [ 107.221779790603762, 12.884108844535829 ], [ 107.2227462261272, 12.883244427072102 ], [ 107.223934050234661, 12.881895802206493 ], [ 107.223934074895013, 12.881895778501816 ], [ 107.224854309989695, 12.881019347020555 ], [ 107.22568093412788, 12.880166276056114 ], [ 107.226383448200508, 12.879479676369291 ], [ 107.22663579439147, 12.879233044431103 ], [ 107.226978861594873, 12.878961863729879 ], [ 107.227847755866577, 12.878275031859619 ], [ 107.228581620604956, 12.877675768354505 ], [ 107.229606078836923, 12.876795863441613 ], [ 107.229897960664601, 12.876545165976435 ], [ 107.2309352405384, 12.875886835447584 ], [ 107.230939044045883, 12.875883031180772 ], [ 107.232065052482184, 12.874756683124245 ], [ 107.233172044992244, 12.874041273979524 ], [ 107.234547882346902, 12.873198186657843 ], [ 107.235596963536707, 12.872770170527813 ], [ 107.236222249194839, 12.87255657853672 ], [ 107.236682235174285, 12.87239948146242 ], [ 107.2378488019082, 12.872108269032726 ], [ 107.238461767308991, 12.872074140286633 ], [ 107.239144535819435, 12.872036166761228 ], [ 107.240241156885574, 12.871907061181423 ], [ 107.241572030873769, 12.871903588187745 ], [ 107.241572284005997, 12.871903570660022 ], [ 107.24274663579628, 12.871822493086571 ], [ 107.242785908134508, 12.871819782123351 ], [ 107.242791600970236, 12.871819765020987 ], [ 107.244397108574049, 12.871815024670997 ], [ 107.244398914228611, 12.871814966732025 ], [ 107.245511114824041, 12.871779161730869 ], [ 107.245640154878714, 12.871775007773712 ], [ 107.246053586823194, 12.871749972489786 ], [ 107.247226361258114, 12.871678953499917 ], [ 107.248700812544129, 12.871767967439116 ], [ 107.249649138341184, 12.871926996303833 ], [ 107.249649171544561, 12.87192700144063 ], [ 107.250796782411854, 12.872292148350859 ], [ 107.250796816584639, 12.872292158901049 ], [ 107.251451899548314, 12.872744564913374 ], [ 107.251922817745196, 12.873069781356127 ], [ 107.253036756638039, 12.874042916037242 ], [ 107.254583775875645, 12.874842884760596 ], [ 107.254942466370068, 12.87491943196965 ], [ 107.255438522236318, 12.875025292156383 ], [ 107.25631044672987, 12.875157852657503 ], [ 107.257674520726127, 12.875365230360003 ], [ 107.258814761904645, 12.87547965288508 ], [ 107.259099739841744, 12.875508057363055 ], [ 107.264028950913058, 12.876027686857123 ], [ 107.264407755405244, 12.876088892446464 ], [ 107.267729834080441, 12.876628191862631 ], [ 107.267955784695502, 12.876644431088847 ], [ 107.269286827807662, 12.876740087910218 ], [ 107.269290971638426, 12.876739886641419 ], [ 107.271263899241831, 12.87664388698806 ], [ 107.272264233675813, 12.876016481252682 ], [ 107.272264262984081, 12.876016462925719 ], [ 107.272264306025491, 12.876016435443255 ], [ 107.272770494416321, 12.875698953943742 ], [ 107.273796624869874, 12.875096797651281 ], [ 107.275165747281008, 12.874293355935002 ], [ 107.275608157468241, 12.874085806090585 ], [ 107.275900265882328, 12.873948767116227 ], [ 107.276147074943992, 12.873832979125167 ], [ 107.276147211596481, 12.873832914683497 ], [ 107.277035004514673, 12.873416413983758 ], [ 107.278976682250828, 12.873102467521113 ], [ 107.28058020588152, 12.873270371124795 ], [ 107.281659763975199, 12.874187187688769 ], [ 107.282352031108786, 12.874988771880828 ], [ 107.284230507324935, 12.877039437747822 ], [ 107.284236439972787, 12.877039055277789 ], [ 107.28589200339556, 12.87693232433808 ], [ 107.285896796789913, 12.876932357503206 ], [ 107.288179885357266, 12.876948278808376 ], [ 107.28833595699615, 12.876949366766972 ], [ 107.288534770117352, 12.877064773018219 ], [ 107.288534802523401, 12.87706479171119 ], [ 107.28956843594662, 12.877669424381063 ], [ 107.290135928487004, 12.878266324861794 ], [ 107.290177785530148, 12.87831035031525 ], [ 107.290178694076729, 12.878311306538016 ], [ 107.29141954590375, 12.878411148050523 ], [ 107.293255726180021, 12.878143196521144 ], [ 107.29505969857567, 12.878827698946493 ], [ 107.296375329029473, 12.880374904471529 ], [ 107.297011708757893, 12.881922411481876 ], [ 107.297645853718564, 12.882655553357454 ], [ 107.299330865900529, 12.882663352821337 ], [ 107.301544530034775, 12.883323874084411 ], [ 107.303266189427234, 12.883940133832898 ], [ 107.303271092469714, 12.883939658763346 ], [ 107.304611454104375, 12.883809697737121 ], [ 107.304614695779193, 12.883809952030191 ], [ 107.306461210958744, 12.88395493038372 ], [ 107.309001111080192, 12.884281562845745 ], [ 107.311647143703595, 12.884630952110168 ], [ 107.313438142012984, 12.884834257836379 ], [ 107.313438377302674, 12.884832498232559 ], [ 107.31364391203779, 12.883295181084385 ], [ 107.314904813778654, 12.882442555774574 ], [ 107.315406311477915, 12.881890312492105 ], [ 107.315917925678605, 12.880810499323028 ], [ 107.315923766874576, 12.880810196453451 ], [ 107.319416169666283, 12.880629317881933 ], [ 107.323030072055502, 12.880069810517758 ], [ 107.323398556293682, 12.880013609709952 ], [ 107.326244734585856, 12.879579492091031 ], [ 107.326772788040742, 12.87949894650602 ], [ 107.330366527615169, 12.878913208211422 ], [ 107.330562248095802, 12.878881306881478 ], [ 107.33388502386849, 12.878780562398005 ], [ 107.335740361577436, 12.878661668639257 ], [ 107.336669428933988, 12.878602127187451 ], [ 107.338176854865566, 12.877840953304547 ], [ 107.340735038131839, 12.876548562670942 ], [ 107.344519474348516, 12.874473743719401 ], [ 107.346431767145674, 12.872379505800577 ], [ 107.348533243698171, 12.870824585237607 ], [ 107.352355037875981, 12.869563694769182 ], [ 107.355313973675592, 12.868982549155898 ], [ 107.355316450129322, 12.868982249495943 ], [ 107.358611894534477, 12.868583554865904 ], [ 107.364099988755314, 12.868741937475541 ], [ 107.369625007048072, 12.869462343545257 ], [ 107.37350055686538, 12.870141096943907 ], [ 107.377482247668638, 12.871209620565608 ], [ 107.381183766549185, 12.872473760396355 ], [ 107.382459657050831, 12.873036257454388 ], [ 107.384288828908595, 12.873842662019994 ], [ 107.386632901882123, 12.874960939811382 ], [ 107.388473787783028, 12.876126699944967 ], [ 107.392603236213333, 12.875829244991108 ], [ 107.394951850326635, 12.87499684191522 ], [ 107.396781334653014, 12.872718960995433 ], [ 107.398181980009284, 12.868261780326604 ], [ 107.399109197021815, 12.865653313392727 ], [ 107.400422363863271, 12.863079715485682 ], [ 107.402645917966467, 12.863153095085623 ], [ 107.405025052123278, 12.864272018827277 ], [ 107.406958957617164, 12.865356604997226 ], [ 107.408187453320522, 12.865319346388057 ], [ 107.411746187201359, 12.865917988407768 ], [ 107.414451349388415, 12.866576395459063 ], [ 107.416035482024995, 12.867914859713462 ], [ 107.417151801583728, 12.86926553142917 ], [ 107.418220445810192, 12.870444963501789 ], [ 107.419072623917742, 12.869937891178498 ], [ 107.420332848189346, 12.86894704195225 ], [ 107.42206202164715, 12.868242118440625 ], [ 107.423466776034815, 12.868398548102805 ], [ 107.425484839975383, 12.869965593374243 ], [ 107.426726186827224, 12.870306482216613 ], [ 107.429135782775262, 12.870150887679308 ], [ 107.430120384915568, 12.870607081570361 ], [ 107.431527490915514, 12.871543872226926 ], [ 107.433613141371879, 12.872353504205554 ], [ 107.434871317544179, 12.874197448165434 ], [ 107.435743036940181, 12.875836034490565 ], [ 107.437064610773604, 12.875659978753621 ], [ 107.439007878670125, 12.875907305659645 ], [ 107.441798464890809, 12.877586720969651 ], [ 107.443840903974731, 12.879393929543909 ], [ 107.445398579152155, 12.879940705896004 ], [ 107.447516699505144, 12.879934472418384 ], [ 107.449730499749535, 12.880593675963388 ], [ 107.452380095815883, 12.882146653426361 ], [ 107.45530051088312, 12.88396246739417 ], [ 107.457563004730346, 12.885242307399675 ], [ 107.458948194058109, 12.886511166580037 ], [ 107.459329779252215, 12.88833494643978 ], [ 107.459615273155478, 12.889631070874703 ], [ 107.460873297628709, 12.891372066967318 ], [ 107.46209798241884, 12.893469126861593 ], [ 107.463429220980174, 12.895864463275268 ], [ 107.464349552757241, 12.89803100544445 ], [ 107.465549834630892, 12.899862860608149 ], [ 107.467398145890058, 12.902852994678625 ], [ 107.467836662647287, 12.904366754852241 ], [ 107.469269306426455, 12.905820302826346 ], [ 107.471142345302198, 12.906044291922596 ], [ 107.473715570003876, 12.90570372526245 ], [ 107.477459659467357, 12.905451405961683 ], [ 107.477634804808915, 12.905439600951238 ], [ 107.480524320724797, 12.905303777437791 ], [ 107.483040033761426, 12.905205353901671 ], [ 107.484423124131652, 12.905946636982604 ], [ 107.48648812557407, 12.90736356665032 ], [ 107.488389769988885, 12.908907392093395 ], [ 107.489947799800078, 12.909465144757755 ], [ 107.491293277751453, 12.9093111497432 ], [ 107.492354834525543, 12.90844722329992 ], [ 107.493050271968841, 12.906711525408825 ], [ 107.493665978841847, 12.905527719708777 ] ] ] } },
{ "type": "Feature", "properties": { "D_Code": 1105, "D_Name_E": "Saen Monourom", "D_Name_K": "EsnmenarmÃ¼", "P_Code": 11, "Areas": 51859.858812600003 }, "geometry": { "type": "Polygon", "coordinates": [ [ [ 107.183824291598413, 12.629761691163962 ], [ 107.183837597656961, 12.629760490539692 ], [ 107.185310509832291, 12.63010422877867 ], [ 107.186466418166503, 12.630163694015762 ], [ 107.187471143304876, 12.63036217732985 ], [ 107.188420690901026, 12.630906795920049 ], [ 107.189422529636389, 12.631427039529559 ], [ 107.189493519029966, 12.631368580366406 ], [ 107.1900741233666, 12.630863392055419 ], [ 107.190466364610842, 12.630323601321306 ], [ 107.19072157077315, 12.629765734213288 ], [ 107.190848472669686, 12.629134364323308 ], [ 107.190900261951015, 12.628597368024666 ], [ 107.190858937516964, 12.628134563616822 ], [ 107.190684076407962, 12.627523746168716 ], [ 107.190680451245285, 12.627097909444451 ], [ 107.190714462993768, 12.626634486180755 ], [ 107.190805304403284, 12.626225947562828 ], [ 107.191066367854987, 12.625816010936219 ], [ 107.191497239997844, 12.625423882845185 ], [ 107.192171668613355, 12.624862571362637 ], [ 107.192809032212551, 12.624338839738471 ], [ 107.192975204167965, 12.623929681846253 ], [ 107.19351036646151, 12.622953811486001 ], [ 107.194128591458949, 12.622412161252575 ], [ 107.194673685941382, 12.622129793723412 ], [ 107.195201277980146, 12.622088176680483 ], [ 107.19550160696366, 12.621900448779833 ], [ 107.195838936614905, 12.621600584140159 ], [ 107.196231840053329, 12.621208762939874 ], [ 107.196835020486759, 12.621129244498846 ], [ 107.197552913837939, 12.621215963186851 ], [ 107.197892621276011, 12.621195091734593 ], [ 107.198249621210394, 12.621044171735793 ], [ 107.19854973118133, 12.620763816153923 ], [ 107.198960332965996, 12.620222736885976 ], [ 107.19931638503887, 12.619961121401236 ], [ 107.199656872116876, 12.620031741168116 ], [ 107.200149453534038, 12.620268289455835 ], [ 107.200827014450553, 12.620077446344563 ], [ 107.201257543091685, 12.619648033575228 ], [ 107.201481112491024, 12.619294880072424 ], [ 107.202270998792244, 12.618991276648931 ], [ 107.202594575991057, 12.61930376917449 ], [ 107.202729906585645, 12.619728515908953 ], [ 107.203166935996691, 12.620059274488705 ], [ 107.203591168575969, 12.619969921642243 ], [ 107.204155695384856, 12.619742726673211 ], [ 107.204453324721939, 12.619240980696187 ], [ 107.20490233822386, 12.618754929100838 ], [ 107.205240764024538, 12.618584950949048 ], [ 107.205521629205492, 12.618342023424743 ], [ 107.205745500060431, 12.61802501333309 ], [ 107.206136475665701, 12.61741066353383 ], [ 107.206302723203052, 12.616946149692051 ], [ 107.206109985283703, 12.616466528948207 ], [ 107.206145073964379, 12.616131874566349 ], [ 107.206293201760445, 12.615834692753744 ], [ 107.20629018237247, 12.615482279562253 ], [ 107.206230499890196, 12.615094186197929 ], [ 107.206246137910313, 12.614704341687036 ], [ 107.206356722698942, 12.614388266820463 ], [ 107.206561613380359, 12.61407141260306 ], [ 107.206822649742023, 12.613662596824481 ], [ 107.206819155946988, 12.613254836768494 ], [ 107.207023126794496, 12.612830677139836 ], [ 107.20700202619841, 12.612515690582576 ], [ 107.206810084384102, 12.612128690374892 ], [ 107.206616392837105, 12.611537245970505 ], [ 107.206424288070792, 12.611131043236407 ], [ 107.206118428961815, 12.610670429961043 ], [ 107.205945301950493, 12.610264070777111 ], [ 107.205507762188063, 12.609804544026296 ], [ 107.205559678117211, 12.609285624155691 ], [ 107.205802518997444, 12.608968457536928 ], [ 107.205893015015789, 12.608522643766822 ], [ 107.206019248323713, 12.607817854139675 ], [ 107.205976002854143, 12.607132536949083 ], [ 107.206084845822417, 12.606613147046749 ], [ 107.206401735862897, 12.606146261227167 ], [ 107.206569410405805, 12.605848918596836 ], [ 107.206603716068486, 12.605422772311641 ], [ 107.206696031070749, 12.605197444320293 ], [ 107.206882846412029, 12.604875581020064 ], [ 107.214477488294392, 12.593147891390245 ], [ 107.224478034868682, 12.577703321016243 ], [ 107.229518999914291, 12.565869999830509 ], [ 107.230072461039882, 12.566031702463011 ], [ 107.230371918859106, 12.566245295468185 ], [ 107.230528610445887, 12.566409232985482 ], [ 107.230857017955771, 12.566978489239172 ], [ 107.244367495636155, 12.571544683551139 ], [ 107.25918200009599, 12.566540000356166 ], [ 107.259436231553266, 12.566505099853712 ], [ 107.258586640376251, 12.569158650228701 ], [ 107.257635923513035, 12.571107300447427 ], [ 107.257160564465224, 12.573427102979648 ], [ 107.256449736769468, 12.576418309213349 ], [ 107.256983017599453, 12.576365838105072 ], [ 107.258951489727679, 12.57653453753467 ], [ 107.258951523787758, 12.576534539958292 ], [ 107.260463758179696, 12.576809805685098 ], [ 107.260463787656107, 12.576809809954534 ], [ 107.261139114170589, 12.576911434988777 ], [ 107.261439761821521, 12.576903315617631 ], [ 107.261932413071222, 12.57689000982359 ], [ 107.262432357513148, 12.576845177925007 ], [ 107.263030295090928, 12.576791558337288 ], [ 107.263848975149187, 12.576951194856436 ], [ 107.26424041906418, 12.577027526694504 ], [ 107.264243598047173, 12.577029052292554 ], [ 107.264817928456296, 12.577305312210131 ], [ 107.265491009048105, 12.577621278520233 ], [ 107.267058526911171, 12.578092628972454 ], [ 107.268751193494793, 12.578806833067855 ], [ 107.268751227666172, 12.578806848140388 ], [ 107.26970226529771, 12.579142196518895 ], [ 107.270275411880903, 12.579231894584275 ], [ 107.270598716475121, 12.57928249237102 ], [ 107.271221084820795, 12.578982409223695 ], [ 107.271915195688592, 12.578602665352243 ], [ 107.271915225006197, 12.578602651548643 ], [ 107.273360774732453, 12.577890063681513 ], [ 107.273506118661288, 12.577856446142752 ], [ 107.274246494213543, 12.577685199656672 ], [ 107.275175738021616, 12.577470304819229 ], [ 107.276557925018281, 12.577079006553461 ], [ 107.276557959870672, 12.577078994509655 ], [ 107.27783545237385, 12.576673960353746 ], [ 107.279141907282849, 12.576693289727773 ], [ 107.280014427087949, 12.576856433509738 ], [ 107.28181716573738, 12.577204807782062 ], [ 107.282289655783146, 12.577579154493627 ], [ 107.28178822507796, 12.578351548705543 ], [ 107.281511871293134, 12.5787857761201 ], [ 107.281477425682965, 12.578839899059563 ], [ 107.281517904501854, 12.579165287288774 ], [ 107.28156038577292, 12.579506761414555 ], [ 107.282226888331337, 12.580170887112862 ], [ 107.282226913368262, 12.580170909490581 ], [ 107.283131590436966, 12.580529186456408 ], [ 107.284097283763359, 12.57991210338891 ], [ 107.284371384861629, 12.580023252235009 ], [ 107.284746471060288, 12.580175380285182 ], [ 107.285085175713618, 12.580180395850258 ], [ 107.285345972219119, 12.579896949525194 ], [ 107.285346014342437, 12.579896927478076 ], [ 107.285525899730189, 12.57990688413633 ], [ 107.285928741680522, 12.579929213384567 ], [ 107.286448829588736, 12.580224101696317 ], [ 107.28684308698061, 12.580401460606931 ], [ 107.287226702017122, 12.580476123000405 ], [ 107.287431940778717, 12.58002032331636 ], [ 107.287431957064726, 12.580020292453293 ], [ 107.287464167211965, 12.579539322945786 ], [ 107.28750711384572, 12.578898032080392 ], [ 107.2878294578923, 12.578420872546525 ], [ 107.287829468690887, 12.578420845344921 ], [ 107.28842426499051, 12.577672522869479 ], [ 107.288267818366833, 12.577210737402032 ], [ 107.287497824683072, 12.576418746522188 ], [ 107.287462466997923, 12.575672429874457 ], [ 107.288021436588849, 12.574969577392963 ], [ 107.288021458441875, 12.574969551904221 ], [ 107.288175166989831, 12.57485987440953 ], [ 107.289200696156257, 12.574128147536639 ], [ 107.2892007142175, 12.574128109429239 ], [ 107.289501324409912, 12.573535944022032 ], [ 107.288832935718148, 12.572985937566511 ], [ 107.287648790991994, 12.572624424388563 ], [ 107.286747066198529, 12.572862544728261 ], [ 107.285706635718, 12.573019412036857 ], [ 107.285550918007516, 12.572511305538962 ], [ 107.285537191127759, 12.57205691526652 ], [ 107.285527366741789, 12.571730982820014 ], [ 107.285398226816355, 12.571040845678171 ], [ 107.285246130417804, 12.570293210927188 ], [ 107.285246123635218, 12.570293172128288 ], [ 107.285240045134159, 12.570247750729646 ], [ 107.285141507914517, 12.569511305908252 ], [ 107.28515445337888, 12.569073458625928 ], [ 107.285164928327291, 12.568719312722909 ], [ 107.285303300951455, 12.568044920805733 ], [ 107.285366988193601, 12.567668537723836 ], [ 107.285367259103239, 12.567667132051119 ], [ 107.285367237276887, 12.567666952411804 ], [ 107.285385698768749, 12.567219646623878 ], [ 107.285263704816231, 12.566816320152494 ], [ 107.285036200514966, 12.566446626151457 ], [ 107.284629958888502, 12.566279528927753 ], [ 107.284427896725717, 12.565794414076116 ], [ 107.284292049610798, 12.565516573167953 ], [ 107.283290544097781, 12.56460674055962 ], [ 107.283521091989641, 12.564025384745046 ], [ 107.283521105515987, 12.564025353905789 ], [ 107.283798648558729, 12.563420944045539 ], [ 107.283738140663402, 12.563083117090997 ], [ 107.283701907239575, 12.562880691743718 ], [ 107.28326204008583, 12.56254861433627 ], [ 107.282802443663229, 12.562201605908315 ], [ 107.281366042632257, 12.561525936501441 ], [ 107.281365865115589, 12.561525834996436 ], [ 107.280202840554665, 12.560532835448063 ], [ 107.280806233781306, 12.559979837000402 ], [ 107.282183832131409, 12.559140181116422 ], [ 107.282483619120384, 12.55858299151067 ], [ 107.282364192662712, 12.558421199793118 ], [ 107.282106598829955, 12.558072221376152 ], [ 107.281584202353997, 12.557123375266061 ], [ 107.281584218631849, 12.557123343499857 ], [ 107.282831782433163, 12.556407919078898 ], [ 107.282831822641953, 12.556407888916207 ], [ 107.283539528052827, 12.555880053470695 ], [ 107.283798962568866, 12.554919901055262 ], [ 107.283367805831176, 12.554144244249835 ], [ 107.282164138179908, 12.553518540003632 ], [ 107.282164111987171, 12.553518490525862 ], [ 107.281689012663051, 12.552512783177553 ], [ 107.281689040922032, 12.552512754020393 ], [ 107.282623009277913, 12.55170057032055 ], [ 107.283118057411443, 12.55059620998583 ], [ 107.283889044043633, 12.549758280427628 ], [ 107.283889083347532, 12.549758252079952 ], [ 107.284402460778182, 12.54897449065351 ], [ 107.284436364186092, 12.548252423598617 ], [ 107.284231260753856, 12.547159625902825 ], [ 107.28417077547887, 12.546778615370769 ], [ 107.284114354161176, 12.546423028659513 ], [ 107.284069090612647, 12.546153254007507 ], [ 107.283996646241036, 12.545721448067217 ], [ 107.283996640387699, 12.545721410163814 ], [ 107.28400716049272, 12.545022131295289 ], [ 107.284519498105155, 12.544318614728242 ], [ 107.28478048113881, 12.544117942148949 ], [ 107.284944361426511, 12.543991973771963 ], [ 107.285148751749773, 12.543660037294526 ], [ 107.285398855497107, 12.543253857327221 ], [ 107.285447954377958, 12.542302366956761 ], [ 107.285318005267314, 12.541891765372791 ], [ 107.285214432986066, 12.541564507500807 ], [ 107.285045413183099, 12.541175068218735 ], [ 107.284853513138771, 12.540732835391934 ], [ 107.284853497769234, 12.540732761423659 ], [ 107.284869846330125, 12.539654063781795 ], [ 107.284869847564096, 12.539653995094056 ], [ 107.285101181296369, 12.539026197918814 ], [ 107.284970404916223, 12.538405005880247 ], [ 107.284970380699988, 12.538404971747722 ], [ 107.284364131184432, 12.537649932859404 ], [ 107.284270332820256, 12.537251796408329 ], [ 107.284133628208764, 12.536671419222492 ], [ 107.28474893665107, 12.535326555689061 ], [ 107.284748949304401, 12.535326530279281 ], [ 107.285234204713063, 12.534095767655851 ], [ 107.285234212743745, 12.534095739574449 ], [ 107.28565269712621, 12.532656513162264 ], [ 107.285861599246005, 12.531179559047498 ], [ 107.285757394797812, 12.528814002182642 ], [ 107.285541764543581, 12.527838233165777 ], [ 107.285419066524497, 12.527282980223228 ], [ 107.285173253323919, 12.526818234319922 ], [ 107.284874847136635, 12.526254046806242 ], [ 107.284388663305464, 12.525225788458247 ], [ 107.2838664967081, 12.524288183818985 ], [ 107.283866482705804, 12.524288160443097 ], [ 107.283718712022946, 12.524041074263634 ], [ 107.283388638998417, 12.523489111886576 ], [ 107.282813344740006, 12.521477773155189 ], [ 107.282813337128133, 12.521477744303022 ], [ 107.282664675374065, 12.520958780777356 ], [ 107.282303348975617, 12.519697396910166 ], [ 107.281341732358712, 12.517744581268911 ], [ 107.280946933798461, 12.515339744224876 ], [ 107.280745589551472, 12.513225800420965 ], [ 107.280678282211426, 12.512152093878168 ], [ 107.280677192256093, 12.512134699692991 ], [ 107.280595132280482, 12.510825655310146 ], [ 107.279994233213799, 12.508178529185381 ], [ 107.279308962378764, 12.505677852152557 ], [ 107.278972248478595, 12.504055260328384 ], [ 107.278734707155166, 12.502789913970581 ], [ 107.27873470230351, 12.502789885094739 ], [ 107.27854941245684, 12.501913821667628 ], [ 107.278438155728679, 12.501221169453144 ], [ 107.278252581526388, 12.500641086878325 ], [ 107.27825256747866, 12.500641058080268 ], [ 107.278003553712111, 12.500166485763801 ], [ 107.27784708264862, 12.499751029841406 ], [ 107.277668132248664, 12.499275830826338 ], [ 107.277569575014894, 12.49882007603315 ], [ 107.277568084523935, 12.498813182914459 ], [ 107.277567402077864, 12.49881002860791 ], [ 107.277565184074888, 12.49879977101239 ], [ 107.277386556256559, 12.497973581426054 ], [ 107.277661937427624, 12.496863164798858 ], [ 107.278044325323222, 12.496254257667589 ], [ 107.27861853215758, 12.49534130730564 ], [ 107.278634164492374, 12.4953165125519 ], [ 107.279620685347837, 12.49428588892502 ], [ 107.280600445698525, 12.493669922290321 ], [ 107.281239853005786, 12.493174288094206 ], [ 107.281894135402908, 12.492472896254831 ], [ 107.281824539308559, 12.491748311270312 ], [ 107.281824534377748, 12.491748273358674 ], [ 107.280954050630996, 12.490010502833391 ], [ 107.280149684227794, 12.488538691482052 ], [ 107.279682315881317, 12.487152204505854 ], [ 107.279594309931568, 12.485438265176688 ], [ 107.280001805287625, 12.48412342065731 ], [ 107.280531855674568, 12.481776244249506 ], [ 107.280531856348787, 12.481776216230557 ], [ 107.280572228902557, 12.479364270561263 ], [ 107.280478125151916, 12.478245446805747 ], [ 107.280406750740909, 12.477396830934355 ], [ 107.280015230434643, 12.475678704401323 ], [ 107.280015221810856, 12.475678664713426 ], [ 107.279785129250456, 12.474077801570941 ], [ 107.279900514591304, 12.472630676210724 ], [ 107.279977275774669, 12.471667957570236 ], [ 107.280437389877193, 12.469997967398776 ], [ 107.280739494779766, 12.468002873783046 ], [ 107.281191491657282, 12.466850293309413 ], [ 107.281555469955379, 12.466016990843297 ], [ 107.281555487085782, 12.466016951841411 ], [ 107.282212147289229, 12.46447640694111 ], [ 107.28221212305823, 12.46447637009614 ], [ 107.281793996845025, 12.463654200636743 ], [ 107.281793974540108, 12.463654173715625 ], [ 107.280581612595753, 12.462830871330564 ], [ 107.279439207650086, 12.462076636248984 ], [ 107.279010476113569, 12.461793586524827 ], [ 107.278424936935366, 12.461529848980121 ], [ 107.277503981543433, 12.461115041729601 ], [ 107.276045964967082, 12.460666323239968 ], [ 107.274785194815124, 12.460278301580395 ], [ 107.274210503281026, 12.459731686782208 ], [ 107.27334796596331, 12.458911217645596 ], [ 107.272318997570238, 12.45551651578154 ], [ 107.272318988139517, 12.455516488751066 ], [ 107.271579324833525, 12.453666822490463 ], [ 107.271065929418327, 12.452255834131082 ], [ 107.271065913504543, 12.452255801733044 ], [ 107.270167701753536, 12.450805075807533 ], [ 107.269150546426772, 12.449803301411972 ], [ 107.268318590658851, 12.448983918150827 ], [ 107.267345649310471, 12.448281876221024 ], [ 107.266299164180069, 12.447526746243106 ], [ 107.265592046305457, 12.446887202501641 ], [ 107.264746215732615, 12.446122152577614 ], [ 107.264350252773269, 12.445601280410253 ], [ 107.264003882633418, 12.4451456090473 ], [ 107.263478773385984, 12.444214540290218 ], [ 107.263107975085134, 12.443557050020322 ], [ 107.263107960053262, 12.443557013095834 ], [ 107.262727742403754, 12.44258540887939 ], [ 107.262050606295162, 12.441172325900965 ], [ 107.26149959996583, 12.439923101834509 ], [ 107.261024693196887, 12.439301641456376 ], [ 107.260619588426835, 12.438771483221966 ], [ 107.260069683927071, 12.438176346529511 ], [ 107.260069647671429, 12.438176300745372 ], [ 107.259028312018643, 12.437573895609253 ], [ 107.257622169040374, 12.437183515232872 ], [ 107.257337544342093, 12.437108683411415 ], [ 107.257064009832476, 12.437036758020927 ], [ 107.256792631643293, 12.436991562052064 ], [ 107.256789297413036, 12.43699100519043 ], [ 107.256528265149569, 12.436947505579756 ], [ 107.256222306915902, 12.436838777550275 ], [ 107.255863636396811, 12.436711314577162 ], [ 107.255623984149508, 12.43657663527369 ], [ 107.255404548558019, 12.436394005626859 ], [ 107.255243697170457, 12.436260133858287 ], [ 107.255050777383545, 12.435946588574707 ], [ 107.254969996130882, 12.435175762154097 ], [ 107.2546747162408, 12.433321187456079 ], [ 107.254000567351568, 12.431046177305292 ], [ 107.254000543213706, 12.431046150396151 ], [ 107.253073790477472, 12.429928828229876 ], [ 107.251962105244559, 12.428692146609027 ], [ 107.251476488619218, 12.42701875279316 ], [ 107.251476481911325, 12.427018721220394 ], [ 107.251164283823925, 12.425462523346058 ], [ 107.250799689233517, 12.423561073972289 ], [ 107.250641301380568, 12.423187521136645 ], [ 107.250451286744152, 12.42273937238876 ], [ 107.25030610232082, 12.422514864460839 ], [ 107.250075650163566, 12.422158496702453 ], [ 107.249100774765992, 12.421324805315903 ], [ 107.248705992481916, 12.420987192434865 ], [ 107.247653283993145, 12.419718368191806 ], [ 107.247111345807241, 12.418640715779242 ], [ 107.247119367897227, 12.418161834741518 ], [ 107.247126160164626, 12.417756125500178 ], [ 107.24751111986906, 12.417084257599033 ], [ 107.247511142511328, 12.417084217649494 ], [ 107.247597346164511, 12.416931917321438 ], [ 107.24796850566571, 12.416276159558011 ], [ 107.248138708510666, 12.415400207420019 ], [ 107.248224396893974, 12.414959198728704 ], [ 107.248301366221838, 12.414581441043065 ], [ 107.24850450458473, 12.413584427758929 ], [ 107.248663800496146, 12.412961358545687 ], [ 107.248729663887673, 12.412703741779064 ], [ 107.248696889384817, 12.411898618425443 ], [ 107.248696882646925, 12.41189858323801 ], [ 107.248553854443557, 12.411367769646175 ], [ 107.248484945012464, 12.41121696925806 ], [ 107.248283849385032, 12.410776984682034 ], [ 107.247593986000339, 12.410134359228596 ], [ 107.247019449006402, 12.409778198055703 ], [ 107.246831465839676, 12.409661685288718 ], [ 107.246078161000227, 12.409327920629311 ], [ 107.24607812233458, 12.409327914623878 ], [ 107.245646846441417, 12.409286307870875 ], [ 107.245262876522062, 12.408801505763114 ], [ 107.245093217251821, 12.408670423425132 ], [ 107.244234377565178, 12.408006905130181 ], [ 107.243250797737133, 12.40734969284291 ], [ 107.2423560585123, 12.407004655831274 ], [ 107.242346269730888, 12.407002811037685 ], [ 107.241563542472349, 12.406855321729553 ], [ 107.241320492426567, 12.406717177242465 ], [ 107.240879884304007, 12.406466742684385 ], [ 107.240409396856805, 12.405875334337638 ], [ 107.239377460702627, 12.405343906483694 ], [ 107.239038037899888, 12.405075695000189 ], [ 107.238742289388654, 12.404841994622126 ], [ 107.238742256046521, 12.40484196597955 ], [ 107.237314306632342, 12.403421419431266 ], [ 107.237262420703431, 12.402984138922285 ], [ 107.2371793350041, 12.402283900100157 ], [ 107.237693350564825, 12.399157458977552 ], [ 107.237273876954163, 12.396730031749037 ], [ 107.236929229114821, 12.39568123175204 ], [ 107.23636838522313, 12.39397450170992 ], [ 107.235900667282451, 12.392987195573275 ], [ 107.235658409978342, 12.392475808105401 ], [ 107.233883111846581, 12.391557373754912 ], [ 107.233568156831168, 12.391264739391945 ], [ 107.233265521897877, 12.390769452985525 ], [ 107.232704032136951, 12.390024100551894 ], [ 107.232504832909385, 12.389785010197977 ], [ 107.231706783506098, 12.388385116001176 ], [ 107.229369842004942, 12.386467565732817 ], [ 107.228323221958874, 12.38647844053105 ], [ 107.22810128220587, 12.386462436167347 ], [ 107.227479245809292, 12.386653632573202 ], [ 107.226233844093429, 12.386790803642819 ], [ 107.226037226739678, 12.386841481136244 ], [ 107.225972427778501, 12.386840939583024 ], [ 107.22156756839216, 12.38680410704772 ], [ 107.218690412644335, 12.386840819489544 ], [ 107.215431226486089, 12.385786134482979 ], [ 107.213536514544145, 12.385435299247257 ], [ 107.212636367927246, 12.385177531412779 ], [ 107.211424662267206, 12.384393103346948 ], [ 107.21076552720973, 12.384130086634919 ], [ 107.209102409041904, 12.3837405166949 ], [ 107.207641804613516, 12.382012561295237 ], [ 107.20755372354364, 12.381908357427246 ], [ 107.206846130713728, 12.38116249193979 ], [ 107.205580768983083, 12.380827908949071 ], [ 107.204730637072217, 12.380293586112533 ], [ 107.204618818219885, 12.380265995158922 ], [ 107.20295160617502, 12.379854606114806 ], [ 107.200639262513718, 12.379592062451714 ], [ 107.198692692266476, 12.378544294440172 ], [ 107.197481376822822, 12.377892275816162 ], [ 107.196901556282782, 12.377751779546097 ], [ 107.196819036268053, 12.377821255705838 ], [ 107.196642398047643, 12.37796997318333 ], [ 107.196130277477309, 12.377060986021766 ], [ 107.196031230816146, 12.376769572737199 ], [ 107.196822519278783, 12.376021148326005 ], [ 107.195155235118364, 12.374394298541851 ], [ 107.193903110303594, 12.372941635823972 ], [ 107.192058321754487, 12.371400214295249 ], [ 107.192055612177626, 12.371397845828557 ], [ 107.191645338886161, 12.371752897677727 ], [ 107.190678853789763, 12.37099018686054 ], [ 107.190038704277256, 12.371765843494126 ], [ 107.18909871593452, 12.371831200152434 ], [ 107.187714764150741, 12.372078652691858 ], [ 107.186864317894759, 12.372450520004794 ], [ 107.186169089642235, 12.37295612447598 ], [ 107.185840811617837, 12.372175631915116 ], [ 107.185313058001327, 12.371928105285226 ], [ 107.184616125134156, 12.371654697101834 ], [ 107.183619748377211, 12.372226593112577 ], [ 107.182478204885058, 12.372579551831782 ], [ 107.180923920298881, 12.372998251600823 ], [ 107.180908269420229, 12.373003357526663 ], [ 107.17983446483737, 12.37335367612449 ], [ 107.178622731230789, 12.373910116166723 ], [ 107.1778918318915, 12.375080625227458 ], [ 107.177354466386817, 12.375777128679948 ], [ 107.177306327239563, 12.376736795627151 ], [ 107.177753443616155, 12.377305962109247 ], [ 107.177715824714284, 12.379004092661875 ], [ 107.177948676315509, 12.379809326845198 ], [ 107.178499453852098, 12.380294405154237 ], [ 107.178499623385292, 12.380295004766353 ], [ 107.178504714086571, 12.3802994879556 ], [ 107.178734007678017, 12.381110287330808 ], [ 107.178613556928084, 12.381923798844673 ], [ 107.17852286559436, 12.382487065897198 ], [ 107.178469871497754, 12.383247226053001 ], [ 107.179309036930505, 12.383783778509432 ], [ 107.180472566314819, 12.384891653770753 ], [ 107.180472560300288, 12.384891704427087 ], [ 107.180477838594072, 12.384896730992612 ], [ 107.180384731756064, 12.385652109326946 ], [ 107.179611376944493, 12.385801795729101 ], [ 107.178312618978339, 12.38565033416627 ], [ 107.178300289737223, 12.385648896729348 ], [ 107.178269576133729, 12.38564531490834 ], [ 107.177059679095336, 12.385119097795533 ], [ 107.177056831757142, 12.385117860835914 ], [ 107.176403846613681, 12.384094365364257 ], [ 107.175101141162472, 12.383917551018705 ], [ 107.173699779435992, 12.383616235246127 ], [ 107.171881711183701, 12.382912014296162 ], [ 107.170770126196317, 12.383045857994212 ], [ 107.169377660161246, 12.383719453898328 ], [ 107.168709885782008, 12.383812428780502 ], [ 107.168707486560493, 12.383806895470073 ], [ 107.168704645391045, 12.383807290485789 ], [ 107.168380542582753, 12.383059811381246 ], [ 107.168438703476539, 12.382403039163465 ], [ 107.168370926772639, 12.381815919700955 ], [ 107.168370217845307, 12.381809782762151 ], [ 107.167042185866421, 12.382097917213418 ], [ 107.164786222968715, 12.382914558032493 ], [ 107.163779440946371, 12.383807090631779 ], [ 107.163876697234997, 12.38431352745957 ], [ 107.164866466549825, 12.384869249214624 ], [ 107.164866496759473, 12.384869233610562 ], [ 107.166006040668279, 12.384266360648164 ], [ 107.166844587092811, 12.384332801244707 ], [ 107.167344093702312, 12.384599469282175 ], [ 107.167343828188152, 12.384601605992438 ], [ 107.16725465683254, 12.385318997183154 ], [ 107.166270576295233, 12.385513132708079 ], [ 107.165295004651895, 12.385595673090574 ], [ 107.164234770365454, 12.385374328850817 ], [ 107.162935260417299, 12.384769494122702 ], [ 107.161879657923976, 12.385080555184127 ], [ 107.160486768396993, 12.385810454993408 ], [ 107.160076304779878, 12.386817700550399 ], [ 107.158973903109498, 12.387416384645958 ], [ 107.157386089490345, 12.387491460327672 ], [ 107.157384847001225, 12.387491518999283 ], [ 107.156727035963002, 12.386654484005055 ], [ 107.156724075942662, 12.386650717276272 ], [ 107.155783722781379, 12.386097847974465 ], [ 107.155181484294076, 12.386321398455976 ], [ 107.155062274611538, 12.387291188557059 ], [ 107.154334149686747, 12.38767200220401 ], [ 107.153861894582136, 12.388238302447492 ], [ 107.153031210273681, 12.387744840683634 ], [ 107.152575990372171, 12.388201190949507 ], [ 107.152505187654668, 12.389026399470509 ], [ 107.152474075668295, 12.389049854781275 ], [ 107.152248468359701, 12.389219939274499 ], [ 107.151914071560483, 12.38933246234825 ], [ 107.151869119045273, 12.389347588254697 ], [ 107.151867993174434, 12.389347967706387 ], [ 107.15151443924745, 12.388881972667148 ], [ 107.151034106501385, 12.388139882890655 ], [ 107.151031415460366, 12.388135725354989 ], [ 107.150425581271179, 12.387921751847687 ], [ 107.15023867257203, 12.38839202796736 ], [ 107.150054580199864, 12.38920606656024 ], [ 107.149621785567035, 12.390709643066714 ], [ 107.150616046778339, 12.39176437432543 ], [ 107.149291789807734, 12.39311874535719 ], [ 107.149454848318456, 12.393617504222734 ], [ 107.14945912377803, 12.393619563409597 ], [ 107.15041246133903, 12.394078715648948 ], [ 107.150414121578038, 12.394082058952408 ], [ 107.150768072411111, 12.394794719179011 ], [ 107.150422967338486, 12.395360009695874 ], [ 107.14953328908156, 12.395429562867148 ], [ 107.148397461633309, 12.396501162976872 ], [ 107.148378728011593, 12.398095220231024 ], [ 107.148131297659347, 12.398941013325221 ], [ 107.148128438407767, 12.398944278550783 ], [ 107.147910795002872, 12.399192784457885 ], [ 107.146839277131591, 12.398645989633279 ], [ 107.146825225103569, 12.398638818533172 ], [ 107.146122874339554, 12.398052213399815 ], [ 107.146120918279209, 12.398050580461049 ], [ 107.145759662100275, 12.397664391959241 ], [ 107.145756067982163, 12.397660549689686 ], [ 107.145516532127488, 12.397404481115629 ], [ 107.145511481824286, 12.397399082377277 ], [ 107.145290721632279, 12.397619599816112 ], [ 107.144913809085295, 12.398185137108108 ], [ 107.144919178137215, 12.398841411268283 ], [ 107.144899577746543, 12.398857079695022 ], [ 107.144603292634173, 12.399093934161595 ], [ 107.144208129642635, 12.399150396445986 ], [ 107.144182123385661, 12.399154112962485 ], [ 107.143672036927825, 12.398894931660369 ], [ 107.142995927274129, 12.398781656195279 ], [ 107.142268797946812, 12.399620211294284 ], [ 107.141593412021805, 12.400399089734758 ], [ 107.140398024203307, 12.401971186047749 ], [ 107.139996190792729, 12.403380753727859 ], [ 107.13962334192162, 12.40444630609459 ], [ 107.139885603713367, 12.405413088944792 ], [ 107.140692198053657, 12.406844373170951 ], [ 107.140683450480111, 12.406855054788341 ], [ 107.14040885911335, 12.407190395197606 ], [ 107.139368049730876, 12.407376518855894 ], [ 107.139335076288418, 12.407382415597269 ], [ 107.138921931897158, 12.408108473013472 ], [ 107.138927219978427, 12.408113587115006 ], [ 107.138927264470269, 12.408113631047115 ], [ 107.139210376767309, 12.408387476354546 ], [ 107.140115388350125, 12.408380334800796 ], [ 107.140132412532296, 12.408380200432019 ], [ 107.140133760284286, 12.408384459041175 ], [ 107.140136006527896, 12.408391555518154 ], [ 107.140238383201819, 12.408715068296324 ], [ 107.139897449360191, 12.409269016277374 ], [ 107.139885461708204, 12.409288494211712 ], [ 107.139136956693463, 12.409651210182469 ], [ 107.138324325491396, 12.410064297450194 ], [ 107.137415848931894, 12.410089229615561 ], [ 107.137411868612347, 12.410089338717107 ], [ 107.137123422225173, 12.409810332590249 ], [ 107.1372144712184, 12.409278308759994 ], [ 107.136768979761797, 12.408724538540257 ], [ 107.136764759942807, 12.408719293065252 ], [ 107.135902953312822, 12.408802735595948 ], [ 107.135272204308507, 12.408949825440056 ], [ 107.135118835455771, 12.409638606273477 ], [ 107.13547902290756, 12.410917156970864 ], [ 107.135476610347268, 12.410920775563122 ], [ 107.135290547465914, 12.411199920977063 ], [ 107.134250504290833, 12.410683619130156 ], [ 107.134236990688478, 12.410676910422969 ], [ 107.133315452374575, 12.410746670735834 ], [ 107.13147924073958, 12.411729969247814 ], [ 107.131075062033986, 12.412858270068373 ], [ 107.131049878884141, 12.413671056982528 ], [ 107.130867500562999, 12.41470385363999 ], [ 107.130490535110624, 12.41526937933485 ], [ 107.129794850182662, 12.415743648486201 ], [ 107.12881071662261, 12.415938901934419 ], [ 107.127852688887458, 12.416179101592117 ], [ 107.126686350996934, 12.41611215318518 ], [ 107.126681687081657, 12.416111885225394 ], [ 107.126613781036511, 12.415581108884167 ], [ 107.126892722737253, 12.414831846701338 ], [ 107.126893847549411, 12.414828827508467 ], [ 107.126102123668986, 12.414571689913592 ], [ 107.125424392381376, 12.414844331075376 ], [ 107.124795858347667, 12.41490779139378 ], [ 107.124125919966062, 12.415709954239002 ], [ 107.124103494972346, 12.416298246653826 ], [ 107.12375514804809, 12.41694255912987 ], [ 107.123295846082542, 12.417320415190607 ], [ 107.122807376788501, 12.41705867349568 ], [ 107.122804143645808, 12.41705694194515 ], [ 107.122420577867828, 12.416712422402851 ], [ 107.122115846088562, 12.415915266922042 ], [ 107.122114917035233, 12.415912837701315 ], [ 107.121486154293464, 12.415516770770855 ], [ 107.120476863782827, 12.415150413394953 ], [ 107.120152457571365, 12.415393544865495 ], [ 107.120125229403229, 12.41590214113242 ], [ 107.120105208271283, 12.416276092470591 ], [ 107.120103290446906, 12.416291219008981 ], [ 107.120049033538848, 12.416719230954907 ], [ 107.119427833623391, 12.417226039031684 ], [ 107.119405894402504, 12.41724393851595 ], [ 107.118590217566137, 12.417277049078036 ], [ 107.116929288475035, 12.417049436235207 ], [ 107.116278518325856, 12.41729511340516 ], [ 107.114661196880149, 12.419098833240714 ], [ 107.113631606987752, 12.419588056831291 ], [ 107.112724117243019, 12.419550917440397 ], [ 107.111506590739353, 12.419150169922647 ], [ 107.10995012412296, 12.419050616551973 ], [ 107.109306015382387, 12.418954092726114 ], [ 107.109301927890428, 12.418953480173496 ], [ 107.109078693268273, 12.418078717264416 ], [ 107.109077245353319, 12.418073046648527 ], [ 107.107827488489349, 12.41824316879484 ], [ 107.106498074405948, 12.418654500025065 ], [ 107.105833854095707, 12.418428546502691 ], [ 107.105697334532778, 12.418174298993179 ], [ 107.104753394126746, 12.418160133754814 ], [ 107.104376507150604, 12.418644253249774 ], [ 107.103973067357515, 12.419208777771226 ], [ 107.103981039546298, 12.419221606108085 ], [ 107.10422106270822, 12.419607844780344 ], [ 107.104385028893063, 12.420356887664036 ], [ 107.104390477591352, 12.420381782621835 ], [ 107.104382807988543, 12.420384751382709 ], [ 107.104037991594453, 12.420518185718093 ], [ 107.103050515090189, 12.420159684512114 ], [ 107.103028693246856, 12.420151761691605 ], [ 107.10229136686975, 12.419783223135152 ], [ 107.100150096723368, 12.420708751739861 ], [ 107.098741204190688, 12.421387994170889 ], [ 107.097953984760906, 12.421581223210467 ], [ 107.097882894836829, 12.422891690437265 ], [ 107.097942219700087, 12.423506089496138 ], [ 107.097080256750374, 12.424555352261001 ], [ 107.097084306723559, 12.424562514810827 ], [ 107.097245799468425, 12.424848133154427 ], [ 107.096481874786846, 12.425558302232016 ], [ 107.096462852694103, 12.425575986012563 ], [ 107.095812891898717, 12.425928546379504 ], [ 107.095292922745315, 12.425531574353823 ], [ 107.094583427277882, 12.425242999777014 ], [ 107.094085658199148, 12.425714189489542 ], [ 107.093727062365346, 12.426659583159742 ], [ 107.09372444092817, 12.426666493689501 ], [ 107.093315830714062, 12.426589454123846 ], [ 107.093413926545722, 12.425252042797027 ], [ 107.093459938588268, 12.424272540541597 ], [ 107.09346040677076, 12.424262561225289 ], [ 107.093052015213544, 12.42421225128321 ], [ 107.092136488448034, 12.425368847559339 ], [ 107.091486520556273, 12.425721397486617 ], [ 107.090494103278743, 12.426374952219815 ], [ 107.089724855472014, 12.426510258698604 ], [ 107.088694108947593, 12.426865741209912 ], [ 107.087853531992508, 12.427193021528199 ], [ 107.087556700766299, 12.427489374581208 ], [ 107.087582496138907, 12.42793944187402 ], [ 107.087127644929865, 12.428241118761436 ], [ 107.087127504984636, 12.428241212024027 ], [ 107.086828538859379, 12.428270249807108 ], [ 107.086633887204528, 12.427737086635153 ], [ 107.086134617165911, 12.42645910482976 ], [ 107.086134086792953, 12.426457746040809 ], [ 107.08509895841172, 12.425640974595051 ], [ 107.085093957812163, 12.4256370284035 ], [ 107.084895921066035, 12.424599406263869 ], [ 107.084895263760401, 12.424595964368226 ], [ 107.084756718745737, 12.424276232616185 ], [ 107.082876666896112, 12.423862965958458 ], [ 107.081200825407223, 12.425185777954594 ], [ 107.080828134182624, 12.426204505614534 ], [ 107.081091207332904, 12.428501542197377 ], [ 107.080884255876839, 12.429839795280516 ], [ 107.079644396299344, 12.431266185287376 ], [ 107.078535204195717, 12.432023236105708 ], [ 107.077642321224602, 12.432618224126854 ], [ 107.076610253966237, 12.43281327686071 ], [ 107.07661789812424, 12.433775617057266 ], [ 107.076623146870958, 12.433779537093658 ], [ 107.077581190156877, 12.434495188118492 ], [ 107.078531384322602, 12.434963925590496 ], [ 107.07853258474546, 12.434966981043184 ], [ 107.079169931941053, 12.436589749127098 ], [ 107.079427061088467, 12.438138301441903 ], [ 107.078894133351497, 12.439532526029092 ], [ 107.077577914460932, 12.442253998886889 ], [ 107.076031957578238, 12.443206908703576 ], [ 107.074550252010525, 12.444003603664479 ], [ 107.073222544721915, 12.44465538570461 ], [ 107.071868689070357, 12.44544102915618 ], [ 107.07054181305746, 12.446199727779936 ], [ 107.069234080200388, 12.445942404368607 ], [ 107.068234112203086, 12.445632110943606 ], [ 107.068225129438773, 12.445629322829896 ], [ 107.068276777287664, 12.445281393310257 ], [ 107.069551586866822, 12.444817172018794 ], [ 107.069551275050699, 12.444814726090026 ], [ 107.069493586397172, 12.444363148396349 ], [ 107.069001654839383, 12.444072845357351 ], [ 107.067860731596852, 12.444268706024806 ], [ 107.066902169052199, 12.443447297605037 ], [ 107.066439556429614, 12.443424099223307 ], [ 107.06590253159473, 12.444310406324147 ], [ 107.065475150787194, 12.445302807973912 ], [ 107.064826359293221, 12.445815698900795 ], [ 107.063712834423001, 12.44603806802289 ], [ 107.062623973025197, 12.445939442749756 ], [ 107.061642858870201, 12.445706323145551 ], [ 107.060960740009847, 12.445444188204387 ], [ 107.06060924400812, 12.44571420198935 ], [ 107.060221496299206, 12.446277778571181 ], [ 107.06038879641072, 12.448012611220067 ], [ 107.061481603279987, 12.450231024295734 ], [ 107.061184019916837, 12.450781813590597 ], [ 107.060031587967771, 12.451412063259928 ], [ 107.059544875609475, 12.453000913516112 ], [ 107.059326078519419, 12.454474497859945 ], [ 107.058984332026625, 12.454967741145481 ], [ 107.058292373509303, 12.455532960991588 ], [ 107.057914184687064, 12.45584187928606 ], [ 107.057497961938893, 12.456413239818142 ], [ 107.056848098700073, 12.456795602396875 ], [ 107.056785276603449, 12.458569931338953 ], [ 107.056637914296473, 12.459363624803922 ], [ 107.057025512592617, 12.459813571182886 ], [ 107.057027286719489, 12.459814632262256 ], [ 107.057835840411414, 12.460298038135905 ], [ 107.057834039461639, 12.46029894026875 ], [ 107.056841235831044, 12.460796253457509 ], [ 107.056039832106478, 12.46144396093683 ], [ 107.05603842546607, 12.461444602481521 ], [ 107.055618886477589, 12.461635872925937 ], [ 107.054690571724933, 12.460550762488438 ], [ 107.054688590913955, 12.460548447618272 ], [ 107.053495029578073, 12.45954271185791 ], [ 107.053490079273885, 12.459538539692039 ], [ 107.053174837401983, 12.45852191405093 ], [ 107.054240666925665, 12.456176328395649 ], [ 107.05464965582749, 12.45560460120373 ], [ 107.054415163657765, 12.454930690840351 ], [ 107.054413895271921, 12.454927045605352 ], [ 107.053797679834062, 12.454705281094471 ], [ 107.052994501013913, 12.455126541689323 ], [ 107.052324639151237, 12.455857947979711 ], [ 107.051320233200528, 12.457101822077167 ], [ 107.050519416181501, 12.457824991991941 ], [ 107.048942537535424, 12.457535023037224 ], [ 107.047327850409019, 12.457320814692254 ], [ 107.045919260995575, 12.456895385228911 ], [ 107.045133574770929, 12.456658082516347 ], [ 107.044303332056444, 12.456992777192955 ], [ 107.043413734272519, 12.457727865411048 ], [ 107.042305075932632, 12.458377859718222 ], [ 107.041745643051769, 12.458861781138101 ], [ 107.042023739847224, 12.459224271028118 ], [ 107.04272853057563, 12.459401624021224 ], [ 107.042735562447504, 12.459403392872325 ], [ 107.042735207077584, 12.459405341406384 ], [ 107.04273487018456, 12.459407183154187 ], [ 107.042740855508598, 12.459408487240493 ], [ 107.042625300920676, 12.460036078265533 ], [ 107.041780431691649, 12.460042466070044 ], [ 107.040478234768159, 12.460127620627876 ], [ 107.040475314451371, 12.460127811696783 ], [ 107.040128192244879, 12.459348452620233 ], [ 107.040123487363104, 12.45933789036923 ], [ 107.040382569096167, 12.458090452568825 ], [ 107.040946103172118, 12.456539892953348 ], [ 107.040946508294439, 12.456538777333757 ], [ 107.039453079526808, 12.455455675881465 ], [ 107.038428114822523, 12.455669793496545 ], [ 107.03831308689216, 12.45568364325719 ], [ 107.038316247117578, 12.455647414640236 ], [ 107.038312860789006, 12.455647986072989 ], [ 107.037572620196997, 12.455772798636792 ], [ 107.037569042396939, 12.45577322961006 ], [ 107.037567754230793, 12.455773618914705 ], [ 107.037564792220181, 12.455774118450924 ], [ 107.036290660370625, 12.456159981324483 ], [ 107.036225856542345, 12.45617958662775 ], [ 107.035429517540621, 12.456526743345453 ], [ 107.034648799638717, 12.456867084209485 ], [ 107.034040858254585, 12.457468680119755 ], [ 107.033945170685058, 12.457857452953757 ], [ 107.033854693489388, 12.458224952952296 ], [ 107.034444341953645, 12.458734934753041 ], [ 107.036083029249482, 12.458575753768221 ], [ 107.037820213039467, 12.459330607411397 ], [ 107.03820191805417, 12.460446736796161 ], [ 107.03820486357624, 12.460455419836745 ], [ 107.03779617257922, 12.461929387710638 ], [ 107.037789195661347, 12.461936660702737 ], [ 107.035538296184356, 12.464272505944139 ], [ 107.033988044514317, 12.465470381665041 ], [ 107.033988017094188, 12.465470403562513 ], [ 107.033987924846087, 12.4654709573757 ], [ 107.033692289477784, 12.466944542299933 ], [ 107.033511159843528, 12.46834236053245 ], [ 107.032964276519763, 12.469864208716684 ], [ 107.032716132379576, 12.470554715548808 ], [ 107.033670889519485, 12.473794354394489 ], [ 107.033900244982036, 12.474870528748896 ], [ 107.033960989023058, 12.475155554689923 ], [ 107.034367759086976, 12.477064209198314 ], [ 107.034282788291165, 12.479507289366843 ], [ 107.034329491651249, 12.481211716059152 ], [ 107.034364867216397, 12.482503831829803 ], [ 107.034580325523748, 12.484565749032397 ], [ 107.034582440007327, 12.484585983317448 ], [ 107.03469042175692, 12.485619430034914 ], [ 107.035273268994231, 12.488703730150295 ], [ 107.035997431285736, 12.491767704415324 ], [ 107.036726868561644, 12.494475797359156 ], [ 107.037365498659938, 12.496229916736215 ], [ 107.037847184868696, 12.498349015407566 ], [ 107.038035313592346, 12.499197636879112 ], [ 107.038240481128696, 12.500123144061739 ], [ 107.038413877134502, 12.500974734974804 ], [ 107.038748951824843, 12.501988935689765 ], [ 107.039199448054106, 12.504697836128683 ], [ 107.039199452872836, 12.504697864109454 ], [ 107.039199656795759, 12.504699117919364 ], [ 107.03904561786274, 12.506323525152771 ], [ 107.038938932268877, 12.507448577020611 ], [ 107.038070471133793, 12.510041077645029 ], [ 107.037652740241285, 12.511974935816349 ], [ 107.037983599481421, 12.514282697590927 ], [ 107.038470713630034, 12.514860780010908 ], [ 107.039042105942997, 12.515538891073378 ], [ 107.04032646331062, 12.517368335240413 ], [ 107.040421029170076, 12.519160444863473 ], [ 107.040382283948588, 12.519478923275843 ], [ 107.040367619991642, 12.519599455298222 ], [ 107.040122924090696, 12.521610816955446 ], [ 107.039724131812704, 12.524636928177321 ], [ 107.039724131120181, 12.524636957103574 ], [ 107.039584860178763, 12.52806216652888 ], [ 107.040359310387117, 12.53040157404941 ], [ 107.041186583807644, 12.533532578161557 ], [ 107.041761333788145, 12.535620395774519 ], [ 107.041761343207682, 12.535620423720086 ], [ 107.042578554408763, 12.537395772629132 ], [ 107.042578567536552, 12.537395804161552 ], [ 107.042935829308547, 12.538450470252439 ], [ 107.043801912449538, 12.540443444786657 ], [ 107.04414856222462, 12.541671140931482 ], [ 107.044150410124189, 12.541679031306215 ], [ 107.044665782979649, 12.543897219227736 ], [ 107.044484118838355, 12.545501179364566 ], [ 107.044375192801965, 12.546559394959045 ], [ 107.044469912016709, 12.547564644993194 ], [ 107.044798880593163, 12.54880882553425 ], [ 107.045296416694356, 12.549851124951127 ], [ 107.045935408764819, 12.551110468790499 ], [ 107.046377495038953, 12.552555375415341 ], [ 107.04618486593337, 12.553349928724925 ], [ 107.045502124194513, 12.554936062447378 ], [ 107.045184092761801, 12.557103677104015 ], [ 107.045352135190043, 12.559378727008786 ], [ 107.045508613209222, 12.560843250897857 ], [ 107.045799919762999, 12.561685616015462 ], [ 107.046870836758785, 12.562952859992818 ], [ 107.046879524833329, 12.564194328304563 ], [ 107.046889026007392, 12.565538620063565 ], [ 107.047406342436375, 12.566897644435835 ], [ 107.048071431951925, 12.56773705804042 ], [ 107.049103330689078, 12.568498486445586 ], [ 107.049945161588809, 12.568711257131463 ], [ 107.051300725212684, 12.569034124747024 ], [ 107.052991101328629, 12.569520952193946 ], [ 107.054257222166456, 12.569642989562313 ], [ 107.05585388400165, 12.569401411766936 ], [ 107.057105374912339, 12.568857966360616 ], [ 107.058714784674891, 12.568046383113451 ], [ 107.060633846411761, 12.567203585691955 ], [ 107.06197352192693, 12.566895007558733 ], [ 107.063498659929976, 12.566412229173956 ], [ 107.065618928551515, 12.565936061074501 ], [ 107.066635898955099, 12.566192607609075 ], [ 107.066908894694521, 12.566823099705259 ], [ 107.067710173345816, 12.567931935636459 ], [ 107.068414964404028, 12.568558008201006 ], [ 107.069069420401917, 12.56871451533563 ], [ 107.07106713741112, 12.569077498258022 ], [ 107.072738300468146, 12.569455462208523 ], [ 107.074670567825706, 12.570406428970841 ], [ 107.076440481349408, 12.571553993094783 ], [ 107.078357636891496, 12.572056510358395 ], [ 107.080893836695196, 12.572668326924424 ], [ 107.082376569009611, 12.572772099093974 ], [ 107.08457074844128, 12.572835177738076 ], [ 107.086928522503868, 12.572920819053431 ], [ 107.089622428102459, 12.572693077889777 ], [ 107.091861580944169, 12.572549099188421 ], [ 107.094192273960147, 12.572140003210569 ], [ 107.096450809202068, 12.572198506833953 ], [ 107.098202649925867, 12.572380230428903 ], [ 107.101024716691754, 12.573064784272825 ], [ 107.102649708455317, 12.573488091165054 ], [ 107.104813476813106, 12.574252855792897 ], [ 107.108089108648798, 12.575422227958059 ], [ 107.109640730693386, 12.576083791652131 ], [ 107.110507796289568, 12.577132134336297 ], [ 107.110836983936338, 12.577674468314996 ], [ 107.111366941181814, 12.57854755926194 ], [ 107.111774573163913, 12.579030098563324 ], [ 107.112315735843723, 12.579670876701478 ], [ 107.112943577601357, 12.58091879221983 ], [ 107.113595127911225, 12.582327986481333 ], [ 107.114221062166038, 12.583276472372766 ], [ 107.115030989847, 12.583947829934463 ], [ 107.11582767963823, 12.584401351623754 ], [ 107.11657504178865, 12.584510642780524 ], [ 107.117908019930127, 12.584868387346166 ], [ 107.119380835099946, 12.585236307543472 ], [ 107.120386820715382, 12.585537805062634 ], [ 107.122723872754591, 12.586036738417311 ], [ 107.124386104234318, 12.586713768305708 ], [ 107.125066321348754, 12.58719068178878 ], [ 107.125633535037991, 12.588197247088724 ], [ 107.125804878939235, 12.589241922940547 ], [ 107.126512076103722, 12.590202194094884 ], [ 107.127335486180471, 12.59110389549468 ], [ 107.127954319606346, 12.592718852810064 ], [ 107.128993785767904, 12.5944344573489 ], [ 107.130003675017065, 12.595277013071632 ], [ 107.131271902445945, 12.596348000056915 ], [ 107.131652967964669, 12.597436264008557 ], [ 107.131006694294058, 12.598418509671662 ], [ 107.130478807097163, 12.599606633977308 ], [ 107.130567524209553, 12.600536760244124 ], [ 107.130304364951058, 12.602791396832082 ], [ 107.130473271074294, 12.603536738754704 ], [ 107.130751025815826, 12.604856230968753 ], [ 107.131172185297615, 12.606542862472338 ], [ 107.131883029739228, 12.608007981205928 ], [ 107.131642953416303, 12.6086763525976 ], [ 107.130735806806086, 12.609063170834343 ], [ 107.128921580611461, 12.609928233603927 ], [ 107.128028859692705, 12.61073968399123 ], [ 107.12777356468392, 12.612488185243294 ], [ 107.127705466793259, 12.614339098626916 ], [ 107.128469237369075, 12.616643108380961 ], [ 107.129183039154341, 12.618453903322131 ], [ 107.12960854172421, 12.619139642970195 ], [ 107.130719038724436, 12.619417746698758 ], [ 107.13168710464447, 12.619364749155642 ], [ 107.132651107086033, 12.618748240604189 ], [ 107.13363957160206, 12.618245560556721 ], [ 107.134385467557351, 12.618101716730974 ], [ 107.136007543904981, 12.618135092937431 ], [ 107.137256592584933, 12.618194034812621 ], [ 107.138553089833039, 12.61835649901704 ], [ 107.140387426653362, 12.618594788411455 ], [ 107.141651277809615, 12.619055755175731 ], [ 107.142950490519141, 12.619607870805829 ], [ 107.144014587268828, 12.619898666493571 ], [ 107.145979330583685, 12.620469180968628 ], [ 107.146824156075468, 12.621024927646594 ], [ 107.1484322872776, 12.622277208126771 ], [ 107.149630894650414, 12.623381340849434 ], [ 107.150956236924387, 12.624313949523419 ], [ 107.151916746516292, 12.624799893070946 ], [ 107.153438908647985, 12.625466527099645 ], [ 107.154329849649869, 12.62595293170528 ], [ 107.155327259409177, 12.626657671339661 ], [ 107.156497754805557, 12.62715427890544 ], [ 107.157351360870891, 12.627376693180082 ], [ 107.158179383209443, 12.627289851164821 ], [ 107.159053289057383, 12.627109936048218 ], [ 107.160053995143471, 12.626768611514477 ], [ 107.160936924671461, 12.626163867662582 ], [ 107.161528117324877, 12.625687979675593 ], [ 107.162258591004999, 12.625073263435024 ], [ 107.162675936083531, 12.624713980336374 ], [ 107.163314581619062, 12.624260383321751 ], [ 107.164092371526195, 12.623679070273438 ], [ 107.164673598366335, 12.623445040903679 ], [ 107.165981010993619, 12.623468313771527 ], [ 107.167396332242831, 12.623871448671672 ], [ 107.168382468092531, 12.62466766213981 ], [ 107.169253880399594, 12.625706677469813 ], [ 107.170103321854711, 12.626928741623997 ], [ 107.170564846806386, 12.627786947287682 ], [ 107.170984088384543, 12.629209112026391 ], [ 107.171344453614736, 12.630550439185866 ], [ 107.171444858889544, 12.631469135978108 ], [ 107.172118193607574, 12.632544716051722 ], [ 107.172496267286618, 12.63311546247845 ], [ 107.172957211600874, 12.633893432706929 ], [ 107.173626862278198, 12.634531821965854 ], [ 107.17508046485095, 12.635370540714389 ], [ 107.176142451813107, 12.635339284918679 ], [ 107.177294398230003, 12.634927812942699 ], [ 107.178269499887918, 12.634207064391736 ], [ 107.179140620982452, 12.633636239341778 ], [ 107.180242877546817, 12.632789035643587 ], [ 107.180948008807263, 12.631910111740638 ], [ 107.181596035434524, 12.631214614277972 ], [ 107.18250083125605, 12.6304831320864 ], [ 107.182515003213808, 12.630468693366682 ], [ 107.183149071416992, 12.629822597991179 ], [ 107.183824291598413, 12.629761691163962 ] ] ] } }
]
}
